source,accession,title,technology_norm,technology,tissue,disease,verdict,verdict_curator,n_samples,n_samples_with_files,n_files,n_files_downloaded,n_bundles,gb,url,publication,notes,links,curated_by,updated
Dryad,datadryad.org/stash/dataset/doi:10.5061/dryad.37pvmcvsg,MERFISH Healthy & Fibrotic Human Liver,MERFISH,MERFISH,liver,healthy and fibrosis,bundle_only,bundle_only,0,0,0,0,0,0.0,https://datadryad.org/stash/dataset/doi:10.5061/dryad.37pvmcvsg,10.1038/s41467-024-55325-4,"Only a single combined_data.zip (4.22GB, Dryad file id 3447584) holding MERFISH + snRNAseq data; contents not listable (API download 401 unauthenticated). README.md is file 3448326.","[""https://datadryad.org/api/v2/files/3447584/download"", ""https://datadryad.org/api/v2/versions/314311/files""]",curator,2026-10-02 12:22
GEO,GSE148321,Dietary palmitic acid promotes a prometastatic epigenetic memory related to tumor innervation,Visium,Visium,Human oral squamous cell carcinoma xenograft (in NSG mice),Oral squamous cell carcinoma / metastasis,bundle_only,bundle_only,4,4,12,0,4,0.13,https://www.ncbi.nlm.nih.gov/geo/query/acc.cgi?acc=GSE148321,PMID 34759321,"SuperSeries of 1134 samples, mostly non-spatial (ChIP-seq, bulk RNA-seq, arrays, scRNA-seq). Only 4 Visium samples, GSM5538852-55, are spatial. They are human-cell xenografts in NSG mice, so the data may mix human and mouse reads. Each sample has an unpacked mtx, barcodes and features triple. Spatial coordinates are only inside the per-sample spatial .zip, which is recorded as a bundle. The scRNA-seq samples (GSM5538848-51) were excluded.",[],curator,2026-10-02 13:54
GEO,GSE165657,Molecular and spatial design of human cerebellar development,Visium,Visium,fetal cerebellum,normal development,bundle_only,bundle_only,9,8,24,0,1,0.232,,PMID 37993461,"Only the 8 10xspatial_* GSMs (GW12 x3, GW17 x5) are Visium; the other 14 are scRNA/snRNA-seq. Per-sample mtx/barcodes/features are available, but no tissue_positions/coords files are listed on GEO, so coordinates are missing. The RAW.tar is recorded as a bundle in case it holds more.",[],curator,2026-10-02 13:12
GEO,GSE171406,Integration of spatial and single cell transcriptomics localizes epithelial-immune cross-talk in kidney injury,Visium,Visium,kidney,nephrectomy (human); AKI models are mouse,bundle_only,bundle_only,1,1,1,0,1,0.01,,PMID 34003797,"Mixed human and mouse. Only the human nephrectomy sample (GSM5224978) is kept. The other three samples (sham, IRI, CLP) are mouse. Coordinates are assumed to be in the Human_Nephrectomy tar.gz (probably the spatial folder); I did not open it to check.",[],curator,2026-10-02 13:24
GEO,GSE178221,SpotClean adjusts for spot swapping in spatial transcriptomics data,Visium,Visium,human skin (4 mm punch) encased in mouse colon/duodenum/heart,,bundle_only,bundle_only,3,0,0,0,3,0.0,https://www.ncbi.nlm.nih.gov/geo/query/acc.cgi?acc=GSE178221,PMID 35624112,"Mixed human+mouse chimeric samples; each spot may contain either species, so filter to human genes/spots downstream. Data are per-sample tar.gz bundles (Space Ranger outputs) only.",[],curator,2026-10-02 13:21
GEO,GSE178361,Human distal lung maps and lineage hierarchies reveal a bipotent progenitor [Spatial transcriptomics],Visium,Visium,"lung (distal lung, cartilaginous airway)",,bundle_only,bundle_only,2,0,0,0,2,0.0,,PMID 35355018,,[],curator,2026-10-02 13:22
GEO,GSE183456,Spatial atlas of healthy and injured cell states and niches in the human kidney [Visium ST],Visium,Visium,kidney,healthy and injured kidney (e.g. AKI/CKD),bundle_only,bundle_only,23,0,0,0,23,0.0,https://www.ncbi.nlm.nih.gov/geo/query/acc.cgi?acc=GSE183456,PMID 37468583,Per-sample tar.gz (~10 MB each) presumably Space Ranger outputs; contents not inspected. Series RAW.tar also available.,[],curator,2026-10-02 13:20
GEO,GSE189184,Divergent spatial microdomains drive inflammation and repair in Ulcerative and Immune Checkpoint Therapy Colitis - Spatial Transcriptomics,Visium,Visium,colon,ulcerative colitis / immune checkpoint therapy colitis,bundle_only,bundle_only,16,0,0,0,16,0.0,https://www.ncbi.nlm.nih.gov/geo/query/acc.cgi?acc=GSE189184,PMID 38744246,,[],curator,2026-10-02 13:08
GEO,GSE194329,Spatial multi-omics reveals vulnerabilities of radial glia-like cancer-initiating cells within distinct ecosystems of pediatric and adult malignant gliomas,Visium,Visium,brain,"glioma (DMG, GBM)",bundle_only,bundle_only,11,0,0,0,11,0.0,,PMID 36823172,,[],curator,2026-10-02 13:18
GEO,GSE197023,Spatial transcriptomics + scRNA-seq in atopic dermatitis [ST],Visium,Visium,skin,atopic dermatitis,bundle_only,bundle_only,19,0,0,0,19,0.0,,PMID 37312623,"Per-sample tar.gz archives (contents not listed). The series lists 20 GSMs, but the file patterns show 19 sample archives: 7 AD lesional, 6 AD non-lesional, 6 healthy. One GSM may have no archive.",[],curator,2026-10-02 13:16
GEO,GSE197317,Developing human pancreas - spatial transcriptomics,Visium,Visium,fetal pancreas,normal,bundle_only,bundle_only,8,0,0,0,8,0.0,,PMID 36513063,Per-sample tar.gz presumably contains Visium outputs (not unpacked/verified). Deconvolution CSVs also available per sample.,[],curator,2026-10-02 13:18
GEO,GSE200310,Spatial transcriptome sequencing of primary nasopharyngeal carcinoma tissues,Visium,Visium,nasopharynx,nasopharyngeal carcinoma,bundle_only,bundle_only,2,2,2,0,2,0.014,,PMID 37024479,Filtered h5 matrices available directly; coordinates presumably inside spatial_images tar.gz (not verified).,[],curator,2026-10-02 13:17
GEO,GSE205632,Zika virus co-opts miRNA networks to persist in placental microenvironments detected by spatial transcriptomics,Visium,Visium,placenta,Zika virus infection,bundle_only,bundle_only,9,8,8,0,1,0.066,,PMID 37598997,"8 Visium samples (S07,S09,S12,S13,S31-S34) have filtered h5 matrices; no tissue_positions/coords files visible in GEO (only images), so coords may be missing. Mock/Zika txt.gz (9 samples) are miRNA profiling, excluded. Species of Visium samples assumed human.",[],curator,2026-10-02 13:17
GEO,GSE206306,Spatial transcriptomic atlas of the human kidney papilla in stone disease,Visium,Visium,kidney papilla,kidney stone disease (calcium oxalate nephrolithiasis) and healthy,bundle_only,bundle_only,7,0,0,0,7,0.0,,PMID 37468493,"Per-sample tar.gz (Visium spaceranger outputs, presumably) contain matrix/coords; some capture areas hold multiple patients (manifest csv maps). Series RAW.tar also includes snRNA-seq possibly.",[],curator,2026-10-02 13:16
GEO,GSE208747,Decoding spatial gene activity changes in multiple sclerosis lesion progression,Visium,Visium (21 samples) + GeoMx DSP WTA (~197 ROIs),Brain (white and grey matter MS lesions),Multiple sclerosis,bundle_only,bundle_only,26,0,0,0,26,0.0,,PMID 39501035,"Visium samples are per-GSM tar.gz bundles (presumably spaceranger outputs; not unpacked). GeoMx ROIs (GSM83108xx-GSM83110xx) only have per-ROI DCC files (raw counts) plus a PKC, no coordinates, so they were not included. Series-level RAW.tar is 1.4GB. Slide images (BrainA1 etc.) are PNGs.","[""https://ftp.ncbi.nlm.nih.gov/geo/series/GSE208nnn/GSE208747/suppl/GSE208747_RAW.tar""]",curator,2026-10-02 13:18
GEO,GSE213699,Spatial transcriptomics of ovarian cancer tumors,Visium,Visium,ovary / omentum,ovarian cancer,bundle_only,bundle_only,8,0,0,0,8,0.0,https://www.ncbi.nlm.nih.gov/geo/query/acc.cgi?acc=GSE213699,PMID 36249907,Per-sample tar.gz (likely spaceranger outputs); contents not inspected.,"[""https://github.com/kwells4/visium_ovarian_cancer"", ""https://visium-shiny-9hzfl.ondigitalocean.app/""]",curator,2026-10-02 13:19
GEO,GSE214611,Single Cell Spatial Transcriptomics Redefines the Borderzone induced by Myocardial Infarction and Mechanical Injury,Visium,Visium,heart,myocardial infarction (STEMI),bundle_only,bundle_only,1,0,0,0,1,0.0,https://www.ncbi.nlm.nih.gov/geo/query/acc.cgi?acc=GSE214611,PMID 39086770,Mixed series: mouse snRNA-seq and Visium samples excluded. Only GSM6613090 (human STEMI Visium) is human.,[],curator,2026-10-02 13:21
GEO,GSE215994,Spatial transcriptomics on human dorsal root ganglion (DRG),Visium,Visium,dorsal root ganglion,,bundle_only,bundle_only,2,2,2,0,1,0.016,,PMID 37664243,"Per-sample filtered_feature_bc_matrix.h5 are available unpacked, but no tissue_positions or spatial files are. Spot coordinates are only in the .cloupe files. RAW.tar is recorded as the bundle and is probably just the same per-sample files.",[],curator,2026-10-02 13:13
GEO,GSE217237,Prospective transcriptional landscape of ectocervix samples from Kenyan cohort,Visium,Visium,ectocervix,,bundle_only,bundle_only,30,0,0,0,0,0.0,https://www.ncbi.nlm.nih.gov/geo/query/acc.cgi?acc=GSE217237,,"SuperSeries; mostly bulk RNA-seq (and LUT samples). Only ~30 '_ST' GSMs have per-sample P###.tar.gz bundles (presumably Visium spatial outputs, contents not inspected). Series RAW.tar also exists.",[],curator,2026-10-02 13:37
GEO,GSE220442,Spatially resolved transcriptomics reveals genes associated with the vulnerability of middle temporal gyrus in Alzheimer's disease,Visium,Visium,Middle temporal gyrus,Alzheimer's disease,bundle_only,bundle_only,1,1,1,0,1,0.0,,PMID 36544231,"No per-sample GSM files; counts and images are in a series-level tar.gz. Metadata csv may hold spot annotations. 6 samples (3 AD, 3 control).",[],curator,2026-10-02 13:18
GEO,GSE220978,Spatial Multi-omics Reveals the Heterogeneity of Tumor Microenvironment in the OSF-Associated OSCC,Visium,Visium,oral cavity,OSF-associated oral squamous cell carcinoma,bundle_only,bundle_only,4,4,12,0,4,0.186,,PMID 38229179,Matrices are unpacked mtx; coordinates presumably inside per-sample image.tar.gz (not verified).,[],curator,2026-10-02 13:07
GEO,GSE221390,Comparative skin cancer atlas and interactome (Visium SCC/BCC/melanoma),Visium,Visium,skin,"SCC, BCC, melanoma",bundle_only,bundle_only,7,0,0,0,7,0.0,,,7 Visium GSMs (some contain 2 patients per sample); filtered matrices as tar.gz only. No tissue_positions/spatial files in GEO listing. GSM6863560 is scRNAseq (excluded). CosMx and GeoMx data are not in this GEO series.,[],curator,2026-10-02 13:18
GEO,GSE222987,SARS-CoV-2 Niches in Human Placenta Revealed by Spatial Transcriptomics,Visium,Visium,Placenta,SARS-CoV-2 / COVID-19,bundle_only,bundle_only,17,16,16,0,1,0.071,,PMID 37423216,Per-sample filtered_feature_bc_matrix.h5 available; no tissue_positions files seen as separate GEO files (suppl types H5/JPG/PNG). Coordinates may be absent or only within RAW.tar/images; unverified.,[],curator,2026-10-02 13:15
GEO,GSE224411,Uncovering the spatial landscape of molecular interactions within the tumor microenvironment through latent spaces,Visium,Visium,,"HCC, PanIN, PDAC lymph node metastasis",bundle_only,bundle_only,3,0,0,0,3,0.0,,,"3 Visium samples as per-sample tar.gz (Space Ranger outputs presumably). GSM7042907 is scRNA-seq, excluded.",[],curator,2026-10-02 13:17
GEO,GSE225475,Single Cell and Spatial Sequencing in Psoriasis,Visium,Visium,skin,psoriasis,bundle_only,bundle_only,6,0,0,0,6,0.0,,PMID 37308489,,[],curator,2026-10-02 13:16
GEO,GSE225690,Netrin-1 blockade induces tumor growth inhibition and EMT reversion in endometrial cancer [visium data],Visium,Visium,Endometrium,Endometrial carcinoma,bundle_only,bundle_only,4,0,0,0,4,0.0,https://www.ncbi.nlm.nih.gov/geo/query/acc.cgi?acc=GSE225690,PMID 37532934,Per-sample zip archives per GSM; contents not inspected. Pre/post NP137 treatment biopsies from 2 patients.,[],curator,2026-10-02 13:16
GEO,GSE226663,"Common Mitochondrial Deletions in RNA-Seq: Bulk, Single-Cell and Spatial Transcriptomic Datasets",Visium,Visium,middle temporal gyrus,"Alzheimer's disease, Parkinson's disease, control",bundle_only,bundle_only,1,0,0,0,1,0.0,,PMID 38368460,"8 Visium MTG samples (GSM7081216-223) plus 2 bulk RNA-seq samples (GSM7081224-225), which are not spatial. The contents of the tar are not verified.",[],curator,2026-10-02 13:12
GEO,GSE226997,Visium Spatial transcriptomics analysis of human primary colorectal cancer,Visium,Visium,colorectum,colorectal cancer,bundle_only,bundle_only,4,0,0,0,4,0.0,,PMID 38446659,Per-sample tar.gz are large (~11-12 GB each) and likely include raw data/images; contents not inspected.,[],curator,2026-10-02 13:17
GEO,GSE227041,Spatial profiling of human immune cells in sarcoidosis,Visium,Visium,skin,sarcoidosis,bundle_only,bundle_only,1,0,0,0,1,0.0,,PMID 39225100,9 Visium samples. Per-sample GEO files are only mtx/barcodes/features (matrix) plus a TIFF image; no tissue_positions/spatial coordinates files found. Coordinates are missing unless inside the RAW tar. Series also has scRNA-seq and mouse work.,[],curator,2026-10-02 13:02
GEO,GSE227469,Spatial transcriptomics reveal topological immune landscapes of Asian head and neck angiosarcoma,Visium,Visium,Head and neck,Angiosarcoma,bundle_only,bundle_only,5,4,4,0,1,0.03,https://www.ncbi.nlm.nih.gov/geo/query/acc.cgi?acc=GSE227469,PMID 37106027,"Per-sample filtered matrices (h5, mtx) available. No tissue_positions/coords files seen in per-sample GEO listings (only a hidden image per sample); coordinates may be inside RAW.tar (unverified) or absent. molecule_info.h5 excluded.",[],curator,2026-10-02 13:17
GEO,GSE234047,Gene expression within a human choroidal neovascular membrane using spatial transcriptomics,Visium,Visium,eye (macula/choroid/retina),choroidal neovascularization / macular neovascularization,bundle_only,bundle_only,1,0,0,0,1,0.0,,PMID 37398429,"5 samples (3 CNV, 2 control). Per-sample GEO files are counts.csv.gz and normalized.csv.gz only (e.g. https://ftp.ncbi.nlm.nih.gov/geo/samples/GSM7441728/suppl/GSM7441728_CNV-B1_counts.csv.gz); no coordinates listed separately. Coordinates may be in RAW.tar or TIFF images, not verified.",[],curator,2026-10-02 13:13
GEO,GSE234219,Single-cell transcriptomics reveals diverse and complex gene expression alterations in human fetal spinal cord,Visium,Visium,fetal spinal cord,,bundle_only,bundle_only,3,2,2,0,1,0.02,,,"Only the 2 spatial samples are recorded (GSM7457529, GSM7457530). Per-sample files on GEO are only the filtered_feature_bc_matrix.h5 plus an image; no tissue_positions file is listed. The RAW.tar is recorded as a bundle in case it holds spatial files. The 4 scRNA-seq samples are excluded.",[],curator,2026-10-02 14:24
GEO,GSE235315,Pancreatic cancer spatial transcriptome (Visium),Visium,Visium,Pancreas,Pancreatic cancer,bundle_only,bundle_only,7,0,0,0,7,0.0,,PMID 38297291,,[],curator,2026-10-02 13:11
GEO,GSE235452,Integrative single-cell transcriptome analysis of human pancreatic cancer (Visium + scRNA),Visium,Visium,pancreas,pancreatic cancer,bundle_only,bundle_only,7,0,0,0,0,0.0,,PMID 38297291,7 Visium samples as per-sample processed.tar.gz bundles; GSM7502530 is non-spatial scRNA of tumor-infiltrating immune cells (excluded).,[],curator,2026-10-02 13:11
GEO,GSE238264,Spatial transcriptomics of neoadjuvant cabozantinib and nivolumab in HCC,Visium,Visium,Liver,Hepatocellular carcinoma,bundle_only,bundle_only,7,0,0,0,7,0.0,,PMID 37723590,,[],curator,2026-10-02 13:06
GEO,GSE247629,Spatial transcriptomic reveals the cellular landscape of bladder cancer,Visium,Visium,Bladder,Bladder cancer,bundle_only,bundle_only,1,0,0,0,1,0.0,,PMID 38428409,"Per-sample mtx/barcodes/features are on GEO (4 samples), but no spatial coordinates files are listed. Coordinates may need to be obtained from the authors. RAW.tar is recorded as the bundle.",[],curator,2026-10-02 13:08
GEO,GSE248205,Unraveling the molecular architecture of autoimmune thyroid diseases at spatial resolution,Visium,Visium,Thyroid,"Graves' disease, Hashimoto's thyroiditis, control",bundle_only,bundle_only,1,0,0,0,1,0.0,,PMID 39003267,"8 Visium samples (C1, C2, HT1-3, GD1-3). Only a series-level processed tar.gz; contents not listed.",[],curator,2026-10-02 13:05
GEO,GSE249279,Systems-based identification of the Hippo pathway for promoting fibrotic mesenchymal differentiation in systemic sclerosis,Visium,Visium,skin,systemic sclerosis,bundle_only,bundle_only,4,0,0,0,4,0.0,,PMID 38172207,"Series mixes scRNA-seq (38 samples, not spatial) and 4 Visium samples (A-D) supplied as tar.gz bundles per GSM. Only spatial bundles selected.",[],curator,2026-10-02 13:13
GEO,GSE251950,Spatial transcriptomics of gastric cancers (Visium 10X platform),Visium,Visium,stomach,gastric cancer,bundle_only,bundle_only,10,0,0,0,10,0.0,,PMID 39580151,,[],curator,2026-10-02 13:10
GEO,GSE252113,Dissecting the intra- and intertumoral heterogeneity of adrenocortical carcinoma by single-cell multi-omics analyses,Visium,Visium,adrenal gland,adrenocortical carcinoma,bundle_only,bundle_only,7,0,0,0,0,0.0,,,"Series also has scRNA-seq (RNA) and TCR samples, which are excluded. 7 Visium samples (ACC11-14, Normal1-3). Each has a spatial.tar.gz plus a spaceranger image tar; matrices are only inside archives.",[],curator,2026-10-02 12:44
GEO,GSE252228,VR-Omics: Spatially Resolved Transcriptomics in 3D Desktop and VR (paediatric cardiac rhabdomyoma Visium),Visium,Visium,heart (cardiac rhabdomyoma),cardiac rhabdomyoma,bundle_only,bundle_only,10,9,9,0,10,1.089,,PMID 40598307,Per-sample h5 matrices; coordinates presumably inside per-sample VROmics tar.gz bundles (not verified). Series-level joint h5 and joint clustering tar also exist.,[],curator,2026-10-02 12:56
GEO,GSE253962,Spatial Transcriptomics of human hepatocellular cancer,GeoMx,GeoMx DSP,Liver,Hepatocellular carcinoma,bundle_only,bundle_only,1,0,0,0,1,0.0,,PMID 42223241,"GeoMx ROI-level DCC count files (one per GSM, 151 GSMs including 2 No Template Controls) are inside RAW.tar and also per-GSM. No ROI coordinates or processed matrix provided. PKC probe file is at series level.","[""https://ftp.ncbi.nlm.nih.gov/geo/series/GSE253nnn/GSE253962/suppl/GSE253962_Hs_R_NGS_CTA_v1.0.pkc.gz""]",curator,2026-10-02 14:13
GEO,GSE254829,PanIN and CAF Transitions in Pancreatic Carcinogenesis Revealed with Spatial Data Integration,Visium,Visium (FFPE),Pancreas,Pancreatic intraepithelial neoplasia (PanIN),bundle_only,bundle_only,14,0,0,0,14,0.0,,PMID 40569674,Per-sample tar.gz archives (presumably Visium spaceranger outputs; contents not inspected). Series also has excluded_spots and grade correction tarballs.,[],curator,2026-10-02 13:09
GEO,GSE255125,Rete ridges form through evolutionarily distinct mechanisms from other appendages during mammalian skin development [1],Stereo-seq,Stereo-seq / spatial transcriptomics (reanalysis),Skin,,bundle_only,bundle_only,1,0,0,0,1,0.0,,,"Third-party reanalysis series with no GSMs; single 1.1GB tar.gz of reanalyzed datasets (mostly reused public human/mouse scRNA-seq, e.g. GSE195657, GSE130973, GSE160513). Species mixed; the human spatial content in the bundle is unverified and may be minimal. Readme lists the source GSMs.",[],curator,2026-10-02 13:28
GEO,GSE268312,Spatial transcriptomics analysis of a panel of PDX models of GBM,Visium,Visium,brain (mouse brain with human GBM PDX),glioblastoma,bundle_only,bundle_only,30,0,0,0,30,0.0,https://www.ncbi.nlm.nih.gov/geo/query/acc.cgi?acc=GSE268312,PMID 40836081,"Human GBM xenografts in mouse (NSG) brain; reads are human/mouse mixed. Includes 2 control mouse brain sections (NSG-1, NSG-2) that are not human. Per-sample tar.gz bundles contain the Visium outputs.",[],curator,2026-10-02 12:56
GEO,GSE269054,Spatially clustered type I interferon responses at injury borderzones,Visium,Visium,Heart,Myocardial infarction,bundle_only,bundle_only,1,0,0,0,1,0.0,https://www.ncbi.nlm.nih.gov/geo/query/acc.cgi?acc=GSE269054,PMID 39198639,"Mixed mouse and human series. Only GSM8305663 (Human MI, V11) is human. The other 36 samples are mouse. The only data is the series-level tar.gz, which holds all samples, so the human files would need to be extracted from it.",[],curator,2026-10-02 13:05
GEO,GSE276934,Image-based spatial transcriptomics identifies molecular niche dysregulation in pulmonary fibrosis [Visium],Visium HD,Visium HD,Lung,Pulmonary fibrosis,bundle_only,bundle_only,1,0,0,0,1,0.0,,,"Single post-Xenium Visium HD sample (IPFTMA5), delivered only as a 47GB tar.gz that probably includes images. The Xenium data are in a separate series.",[],curator,2026-10-02 13:02
GEO,GSE276945,Image-based spatial transcriptomics identifies molecular niche dysregulation associated with distal lung remodeling in pulmonary fibrosis,Visium HD,Xenium (plus post-Xenium Visium HD),Lung,Pulmonary fibrosis (ILD/IPF) and control,bundle_only,bundle_only,45,44,44,0,25,9.111,,PMID 39901013; 41390915,"Xenium matrices/cells only inside per-sample output tar.gz bundles (GSM7990xxx, ~26 samples). GSM8505xxx samples (~19) have only transcripts.csv.gz, node_meta.csv.gz (contents unverified; may hold cell coordinates) and embeddings, no Xenium bundle. GSM8509590 is a Visium HD tar bundle (4 donors). Raw series tar is 213GB.","[""https://ftp.ncbi.nlm.nih.gov/geo/series/GSE276nnn/GSE276945/suppl/GSE276945_RAW.tar""]",curator,2026-10-02 13:05
GEO,GSE277206,Multi-omics analysis of early progression of precancerous lesion to lung adenocarcinoma in never-smokers,Visium,Visium,Lung,Lung adenocarcinoma (MIA),bundle_only,bundle_only,3,2,2,0,1,0.051,https://www.ncbi.nlm.nih.gov/geo/query/acc.cgi?acc=GSE277206,PMID 39570802,"Only 2 Visium samples; GEO provides filtered_feature_bc_matrix.h5 per sample, but no tissue_positions/spatial coordinates were listed. The RAW tar may contain more, which is unverified.",[],curator,2026-10-02 13:01
GEO,GSE279771,"A unified molecular approach for spatial epigenome, transcriptome, and cell lineages (SPACE-seq)",Visium,Visium (SPACE-seq),brain,glioblastoma,bundle_only,bundle_only,1,0,0,0,1,0.0,,PMID 40249782,"Only the human GBM RNA sample (GSM8579953) is relevant. The MB samples are presumably mouse brain, which I did not check. GEO lists a filtered_feature_bc_matrix.h5 for GBM_RNA but no tissue_positions file, so coordinates are missing. I recorded the RAW tar as a bundle and did not check whether it contains spatial files. The matrix URL is https://ftp.ncbi.nlm.nih.gov/geo/samples/GSM8579nnn/GSM8579953/suppl/GSM8579953_3-A1-RNA_filtered_feature_bc_matrix.h5",[],curator,2026-10-02 12:58
GEO,GSE280314,"Xenium of colorectal cancer immune populations (P1, P2, P5)",Xenium,Xenium,colon,colorectal cancer,bundle_only,bundle_only,3,0,0,0,3,0.0,,PMID 40473992,Per-sample Xenium outs.zip bundles (members not listed). Companion Visium HD series is separate.,[],curator,2026-10-02 12:57
GEO,GSE281529,Single-cell and spatial transcriptomics identify COL6A3 as a prognostic biomarker in UPS,Visium,Visium,skin,Pleomorphic dermal sarcoma,bundle_only,bundle_only,1,1,1,0,1,0.01,,,"Filtered matrix h5 provided, but no tissue_positions file; coordinates only inside Loupe .cloupe file. Series also includes scRNA-seq of 5 AFX/PDS specimens (not listed as GSMs).",[],curator,2026-10-02 13:01
GEO,GSE282123,Single-cell spatial transcriptomics of FFPE biopsies reveals colitis-associated cell networks [Xenium],Xenium,Xenium,colon mucosal biopsy,"ulcerative colitis, ICI colitis, healthy control",bundle_only,bundle_only,7,0,0,0,7,0.0,,PMID 42262875,Per-sample Xenium output tar.gz only (5-6 GB each); matrix/coords are inside the archives.,[],curator,2026-10-02 13:51
GEO,GSE287826,Hepatocytes spatial transcriptomics analysis of healthy and MASH patients,GeoMx,GeoMx DSP WTA,Liver,MASH,bundle_only,bundle_only,1,0,0,0,1,0.0,,,GeoMx ROI-level data (31 ROIs/GSMs) in one series-level xlsx. No per-sample files and no spatial coordinates were found. The xlsx probably holds the count matrix and ROI annotations.,[],curator,2026-10-02 13:40
GEO,GSE289717,Vesicles Secreted by Renal Cell Carcinoma Cells Cause Vascular Endothelial Cells to Express PSMA and Drive Tumor Progression,Visium HD,Visium HD,kidney,renal cell carcinoma,bundle_only,bundle_only,1,0,0,0,6,0.0,https://www.ncbi.nlm.nih.gov/geo/query/acc.cgi?acc=GSE289717,PMID 39936957,"Series-level zips at 2, 8, 16 um bins; one human sample. Raw matrices omitted.",[],curator,2026-10-02 12:56
GEO,GSE290108,KSHV-infected endothelial cells expand and up-regulate angiogenic pathways and CXCR4 in patient-derived Kaposi sarcoma models,GeoMx,GeoMx DSP (WTA),Kaposi sarcoma tumors and PDX,Kaposi sarcoma,bundle_only,bundle_only,1,0,0,0,1,0.0,,PMID 42384773,GeoMx AOI-level data: 103 per-AOI DCC count files (also individually under each GSM suppl as *.dcc.gz) plus PKC. No spatial coordinates in GEO. PDX AOIs may include mouse-host tissue.,"[""https://ftp.ncbi.nlm.nih.gov/geo/series/GSE290nnn/GSE290108/suppl/GSE290108_Hs_R_NGS_WTA_v1.0.pkc.gz""]",curator,2026-10-02 13:47
GEO,GSE290350,Spatial transcriptomics of ectocervix in HIV infected Kenyan sex working women,Visium,Visium,ectocervix,HIV infection,bundle_only,bundle_only,11,1,1,0,10,0.283,,PMID 39687623,Per-sample tar.gz bundles (likely spaceranger outputs); series-level Seurat RDS holds all samples combined.,[],curator,2026-10-02 12:58
GEO,GSE293199,A visual–omics foundation model to bridge histopathology image with transcriptomics (OmiCLIP/Loki),Xenium,Xenium,breast,triple-negative breast cancer,bundle_only,bundle_only,1,0,0,0,1,0.0,,PMID 40442373,"Only one in-house Xenium TNBC sample is deposited, as a 14 GB outs tar.gz. The Visium data used for training is not in this series.",[],curator,2026-10-02 12:56
GEO,GSE300414,Spatial Transcriptomics Reveals a Molecular Tumor Budding Signature in Head and Neck Cancer,GeoMx,GeoMx DSP (WTA),Head and neck,HPV-negative HNSCC,bundle_only,bundle_only,1,0,0,0,1,0.0,,PMID 41987303,"GeoMx ROI-level data. Each of the 293 GSMs (including 4 controls) is one ROI, supplied as a per-probe DCC count file (*.dcc.gz) that is also inside RAW.tar. There is no assembled count matrix and no spatial coordinates. The PKC probe file is needed to build a matrix. Per-sample DCC URLs follow the pattern https://ftp.ncbi.nlm.nih.gov/geo/samples/GSM9060nnn/<GSM>/suppl/.","[""https://ftp.ncbi.nlm.nih.gov/geo/series/GSE300nnn/GSE300414/suppl/GSE300414_Hs_R_NGS_WTA_v1.0.pkc.gz""]",curator,2026-10-02 14:19
GEO,GSE304561,Heterogeneity in B- and epithelial-cell senescence in the pathogenesis of COPD/emphysema,Visium,Visium (probable),Lung,COPD/emphysema,bundle_only,bundle_only,7,0,0,0,7,0.0,https://www.ncbi.nlm.nih.gov/geo/query/acc.cgi?acc=GSE304561,,"Series mixes scRNA-seq (17 samples, filtered_feature_bc_matrix, not spatial, excluded) and 7 samples named Sample_#_### tar.gz, presumed spatial (Visium) given the summary mentions spatial transcriptomics. Bundle contents were not inspected, so the spatial assignment is unverified.",[],curator,2026-10-02 13:34
GEO,GSE305762,Spatial Transcriptomics of Lung Squamous Cell Carcinoma Associated with Idiopathic Pulmonary Fibrosis,GeoMx,GeoMx DSP (WTA),Lung (FFPE),Lung squamous cell carcinoma with idiopathic pulmonary fibrosis (UIP),bundle_only,bundle_only,1,0,0,0,1,0.0,,PMID 42063567,"GeoMx ROI-level data: 52 ROIs from 6 patients. Each GSM has a per-ROI DCC count file (*.dcc.gz), and the RAW.tar holds all of them. The series also has a PKC probe file. There is no assembled matrix and no coordinate files. ROI annotations are only in the sample titles.","[""https://ftp.ncbi.nlm.nih.gov/geo/series/GSE305nnn/GSE305762/suppl/GSE305762_Hs_R_NGS_WTA_v1.0.pkc.gz""]",curator,2026-10-02 14:13
GEO,GSE306130,Spatial biology reveals macrophage dysfunction in immunosuppressed non-melanoma skin cancer [Xenium],Xenium,Xenium,skin,basal cell carcinoma / cutaneous squamous cell carcinoma (immunosuppressed and immunocompetent),bundle_only,bundle_only,14,0,0,0,14,0.0,https://www.ncbi.nlm.nih.gov/geo/query/acc.cgi?acc=GSE306130,PMID 42556334,"Per-sample zips (Xenium outputs, 3-10 GB each); contents not listed. Two are TMAs.",[],curator,2026-10-02 13:33
GEO,GSE310433,Histopathological characteristics of PDA cells in different malignant states [Xenium],Xenium,Xenium,pancreas,pancreatic ductal adenocarcinoma,bundle_only,bundle_only,8,0,0,0,8,0.0,,PMID 42649389,,[],curator,2026-10-02 14:20
GEO,GSE312415,Performance differences in spatial transcriptomics platforms identify Treg biology in human IBD [CosMx],CosMx,CosMx,"intestine (ileum, rectum, colon)","inflammatory bowel disease (UC, CD) and healthy controls",bundle_only,bundle_only,1,0,0,0,1,0.0,,PMID 42049732,"60 GSMs with no per-sample files; only a 6 GB series-level tar.gz, contents not inspected. Companion Xenium series likely exists separately.",[],curator,2026-10-02 14:08
GEO,GSE315470,Human Achilles tendon spatial transcriptomics,Xenium,Xenium,Fetal Achilles tendon,,bundle_only,bundle_only,1,0,0,0,1,0.0,,,Only a 22 GB series-level tar.gz; the 3 GSMs (Rep1-3) have no per-sample files.,[],curator,2026-10-02 13:31
GEO,GSE317400,Spatial transcriptomic analysis of CLDN6-positive solid and small cluster areas in human ovarian cancer,GeoMx,GeoMx,ovary,epithelial ovarian cancer,bundle_only,bundle_only,1,0,0,0,1,0.0,https://www.ncbi.nlm.nih.gov/geo/query/acc.cgi?acc=GSE317400,PMID 41628300,"GeoMx ROI-level data (16 ROIs). Series-level processed ROI x gene tables exist (GSE317400_GEO_processed.txt.gz, GSE317400_GEO_Q3_normalization_to_all_target_tumor.txt.gz) but no spatial coordinates are provided; per-ROI DCC files per GSM.",[],curator,2026-10-02 14:17
GEO,GSE318663,Vascular STING activation facilitates NK cell anti-tumor immunity in small cell lung cancer,Visium,Visium,lung,small cell lung cancer,bundle_only,bundle_only,3,0,0,0,0,0.0,,PMID 41791380,"SuperSeries with mixed assays (H3K27ac ChIP, scRNA-seq MN, Visium). Only GSM9505080-82 (VA1, VB1, VA2) are Visium; delivered as tar.gz bundles, with contents not inspected. Each sample has two archives, and the larger ones (VA, VB, VISA) may be the full spaceranger outputs.",[],curator,2026-10-02 12:42
GEO,GSE318959,Modeling development of tertiary lymphoid structures in pulmonary tuberculosis by 3D profiling and trajectory analysis,GeoMx,GeoMx DSP (WTA),lung,pulmonary tuberculosis,bundle_only,bundle_only,1,1,1,0,1,0.031,https://www.ncbi.nlm.nih.gov/geo/query/acc.cgi?acc=GSE318959,,"GeoMx ROI-level data (161 ROIs). The series-level Q3-normalized xlsx is the matrix. The RAW.tar holds per-ROI DCC files. There are no explicit coordinate files, and ROI metadata may be inside the xlsx. I did not check this.","[""https://ftp.ncbi.nlm.nih.gov/geo/series/GSE318nnn/GSE318959/suppl/GSE318959_Hs_R_NGS_WTA_v1.0.pkc.gz""]",curator,2026-10-02 14:01
GEO,GSE324769,Spatial Transcriptomics Reveals Molecular Differences Associated with Malignant Transformation in Oral Epithelial Dysplasia,GeoMx,GeoMx DSP,oral mucosa,oral epithelial dysplasia / OSCC,bundle_only,bundle_only,1,0,0,0,1,0.0,https://www.ncbi.nlm.nih.gov/geo/query/acc.cgi?acc=GSE324769,PMID 42500650,"GeoMx CTA (~1800 genes) ROI-level data: per-ROI DCC files (379 GSMs incl. NTC controls), no cell/spot coordinates or count matrix. The annotation xlsx and PKC are at series level.","[""https://ftp.ncbi.nlm.nih.gov/geo/series/GSE324nnn/GSE324769/suppl/GSE324769_Wang-2026-AnnotationFile.xlsx"", ""https://ftp.ncbi.nlm.nih.gov/geo/series/GSE324nnn/GSE324769/suppl/GSE324769_Hs_R_NGS_CTA_v1.0.pkc.gz""]",curator,2026-10-02 14:09
GEO,GSE325911,Type-I Interferon drives T-cell responses to amyloid-beta in the CNS (human AD cortex subset),Other,Molecular Cartography (Resolve Biosciences),cerebral cortex,Alzheimer's disease,bundle_only,bundle_only,1,0,0,0,1,0.0,https://www.ncbi.nlm.nih.gov/geo/query/acc.cgi?acc=GSE325911,,"Mixed series. Human = 16 samples GSM9616862-GSM9616877 (Panorama_EXP-2-AD-R3_*); 21 APP23 mouse samples (GSM9616841-861) to exclude. Per-sample files exist on GEO: *_dilated_segmentation_counts.txt.gz (cell x gene counts) and *_segmentation_cell_stats.csv.gz (cell coordinates/stats), e.g. https://ftp.ncbi.nlm.nih.gov/geo/samples/GSM9616nnn/GSM9616872/suppl/GSM9616872_Panorama_EXP-2-AD-R3_W5A1_Channel3_R8_7.5_mu_dilated_segmentation_counts.txt.gz. The validator rejected these as 'segmentation' so they were not listed individually. Transcript tables: *_results.txt.gz.",[],curator,2026-10-02 14:05
GEO,GSE326968,Spatial transcriptomics of IRF7-dependent pathway in chronic lung allograft dysfunction,GeoMx,GeoMx,lung,chronic lung allograft dysfunction (CLAD); non-CLAD transplant; normal,bundle_only,bundle_only,1,1,1,0,1,0.003,,PMID 42105629,GeoMx ROI-level data (116 GSMs incl. 2 NTC controls; segments Full ROI/CD31/CD45/Tumor). Series-level Q3 log2 normalized matrix covers all ROIs; per-GSM DCC raw counts in RAW.tar. No spatial coordinate files (ROI-level).,"[""https://ftp.ncbi.nlm.nih.gov/geo/series/GSE326nnn/GSE326968/suppl/GSE326968_Hs_R_NGS_WTA_v1.0.pkc.gz""]",curator,2026-10-02 14:08
GEO,GSE327714,Discordance Between ARID1A Protein and Genotype in Endometrioid Endometrial Tumors,GeoMx,GeoMx DSP,endometrium,endometrioid endometrial cancer,bundle_only,bundle_only,1,0,0,0,1,0.0,https://www.ncbi.nlm.nih.gov/geo/query/acc.cgi?acc=GSE327714,PMID 42106147,GeoMx WTA ROI-level DCC count files (per-GSM .dcc.gz) plus PKC probe file; no spatial coordinates provided. 96 GSMs incl. one No Template Control.,[],curator,2026-10-02 14:02
GEO,GSE334980,Transcriptomics of chronic antibody-mediated rejection,Visium HD,Visium HD,kidney,chronic antibody-mediated rejection,bundle_only,bundle_only,1,0,0,0,0,0.0,,,"Only 1 of 62 GSMs (CAMR-ZLD_Spatial) is spatial; the rest are bulk/scRNA (tar.gz, xlsx). Technology assumed Visium HD from the 8.3GB size and the hints. Archive contents were not inspected.",[],curator,2026-10-02 12:29
GEO,GSE336517,Multinucleated giant cells in human pancreatic cancer (GeoMx DSP),GeoMx,GeoMx DSP,Pancreas,Pancreatic ductal adenocarcinoma,bundle_only,bundle_only,1,1,4,0,1,0.003,,PMID 42377389,"GeoMx WTA ROI-level data (CD68+ and PanCK+ segments; PDAC, tumor-bed, scar). The series-level count tables have one column per ROI and are matrix-only. There are no ROI coordinate files. DCC files are in the RAW.tar bundle. 149 GSMs include 3 no-template controls.",[],curator,2026-10-02 13:51
GEO,GSE344506,Spatial Transcriptomics to Investigate the Impact of HIV/ART on DLBCL Tumorigenesis and Tumor Microenvironment,Visium,Visium (presumed; spatial transcriptomics),lymph node/tumor biopsy (DLBCL),Diffuse large B-cell lymphoma (HIV-positive and HIV-negative),bundle_only,bundle_only,3,0,0,0,3,0.0,,,"Per-sample tar.gz archives, contents not inspected; technology presumed Visium. I only listed files for 3 of the 32 samples, so the selection regex assumes the others follow the same naming. A series-level RAW.tar also exists.","[""https://ftp.ncbi.nlm.nih.gov/geo/series/GSE344nnn/GSE344506/suppl/GSE344506_RAW.tar""]",curator,2026-10-02 12:08
Zenodo,zenodo:8037425,Cellular architecture of evolving neuroinflammatory lesions and multiple sclerosis pathology,Xenium,Xenium,spinal cord,multiple sclerosis,bundle_only,bundle_only,2,0,0,0,2,0.0,https://zenodo.org/records/8037425,,"Record also has mouse EAE ISS data (excluded). Human Xenium: 6 samples (Active-C_2013-019, Active-C_2017-100, Ctrl-C_2012-071, Ctrl-C_2017-16, Inactive-C_2007-069, Inactive-C_2012-078) are inside the zips; contents were not listed.",[],curator,2026-10-02 12:26
10x Datasets,10xgenomics.com/datasets/visium-cytassist-gene-expression-libraries-of-post-xenium-human-colon-cancer-ffpe-using-the-human-whole-transcriptome-probe-set-2-standard,Visium Human Colon 3,Visium,Visium CytAssist,Colon,colon adenocarcinoma stage IIA,no_processed_data,no_processed_data,0,0,0,0,0,0.0,https://www.10xgenomics.com/datasets/visium-cytassist-gene-expression-libraries-of-post-xenium-human-colon-cancer-ffpe-using-the-human-whole-transcriptome-probe-set-2-standard,,"The Wayback snapshot of the dataset page has no file download links, and a guessed CDN URL returned 404. The page describes 2 human samples: A1 as a control and B1 post-Xenium. Both were run with Space Ranger 2.1.0. The matrix and spatial files will need to be found with a live browser.",[],curator,2026-10-02 12:55
GEO,GSE178349,Transcriptome profiling between unfavorable and favorable Wilms Tumors and against human fetal kidney,Visium,Visium,"kidney (fetal kidney, Wilms tumor)",Wilms tumor,no_processed_data,no_processed_data,0,0,0,0,0,0.0,,PMID 37114795,Only an aggregated raw expression matrix CSV (3 samples combined) at series level: https://ftp.ncbi.nlm.nih.gov/geo/series/GSE178nnn/GSE178349/suppl/GSE178349_aggre_wt3_wt12_hfk_raw_expr_matrix.csv.gz ; no spatial coordinates files.,[],curator,2026-10-02 13:14
GEO,GSE178934,Human prostate luminal epithelia adopt a club-like state in response to low androgen levels,Visium,Visium,Prostate (BPH),Benign prostatic hyperplasia,no_processed_data,no_processed_data,0,0,0,0,0,0.0,,PMID 34928497,"8 Visium samples. GEO provides only filtered_feature_bc_matrix.h5 per sample (plus one PNG image each); no tissue_positions/spatial coordinates, so coords are missing. Matrices available at GSM suppl URLs (e.g. https://ftp.ncbi.nlm.nih.gov/geo/samples/GSM5401nnn/GSM5401205/suppl/GSM5401205_BPH553PrF_filtered_feature_bc_matrix.h5); series bundle GSE178934_RAW.tar.","[""https://ftp.ncbi.nlm.nih.gov/geo/series/GSE178nnn/GSE178934/suppl/GSE178934_RAW.tar""]",curator,2026-10-02 13:23
GEO,GSE181297,Integrated analysis of single-cell and spatial transcriptomics in keloids,Visium,Visium,skin (keloid / normal scar),keloid,no_processed_data,no_processed_data,4,4,4,0,0,0.019,,PMID 35123990,"Mixed series: Ke01, Ke02, NS02 are scRNA-seq (excluded). Visium samples are Pt1, Pt2, NSV1, NSV2. Only filtered_feature_bc_matrix h5/mtx files exist for them (matrices at GSM suppl). No spatial coordinates files (tissue_positions) were found, only a hidden image. Coordinates are missing, so the dataset is incomplete.",[],curator,2026-10-02 13:22
GEO,GSE184112,Visium spatial gene expression analysis for human ureters,Visium,Visium,ureter,,no_processed_data,no_processed_data,2,2,2,0,0,0.007,,PMID 35914526,"Only per-sample count CSVs (U1, U2) are provided, and no spatial coordinates. The matrices are listed anyway, but the dataset is incomplete for HSA.",[],curator,2026-10-02 13:21
GEO,GSE190732,Spatial transcriptomics of post-mortem lung tissue from COVID-19 donors,Visium,Visium,lung,COVID-19,no_processed_data,no_processed_data,12,12,12,0,0,0.086,,PMID 36774347,"Only filtered_feature_bc_matrix.h5 per sample (12 samples) plus TIFF images; no tissue_positions/spatial coordinates on GEO, so coords missing. Matrices are usable, but coordinates would need to be obtained from the authors or by image alignment.",[],curator,2026-10-02 13:18
GEO,GSE194129,Single-cell and spatial mapping identify cell types and signaling networks in the human ureter,Visium,Visium,ureter,,no_processed_data,no_processed_data,2,0,0,0,0,0.0,,PMID 35914526,"Only 2 of 14 GSMs are Visium (U1, U2); the rest are scRNA-seq. Count matrices (csv.gz) exist, but no spatial coordinates or spatial folder were deposited on GEO. Coordinates need to be obtained from the authors.",[],curator,2026-10-02 13:23
GEO,GSE195665,A spatially resolved single cell genomic atlas of the adult human breast,Visium,Visium,Breast,Normal,no_processed_data,no_processed_data,10,0,0,0,0,0.0,,PMID 37380767,"The series has 201 GSMs. Only the 10 hbca_v samples are Visium, and the rest are dissociated scRNA-seq (hbca_c) and snRNA-seq (hbca_n), which are excluded. GEO has only filtered and raw h5 matrices for the Visium samples. It has no tissue_positions or spatial files, so spatial coordinates are missing. They may be available from the paper's linked data.",[],curator,2026-10-02 13:29
GEO,GSE202740,Schwann Cells Shape Tumor Cells and CAFs in PDAC Microenvironment [ST],Visium,Visium,Pancreas,Pancreatic ductal adenocarcinoma,no_processed_data,no_processed_data,4,4,12,0,0,0.182,https://www.ncbi.nlm.nih.gov/geo/query/acc.cgi?acc=GSE202740,,"Per-sample mtx matrices exist for 4 samples, but no spatial coordinates (tissue_positions) are in GEO; only a TIFF image. Coordinates are missing.",[],curator,2026-10-02 13:16
GEO,GSE213345,Immune microenvironment and molecular mechanism of oral lichen planus [Spatial transcriptomics],Visium,Visium,oral mucosa,oral lichen planus,no_processed_data,no_processed_data,3,3,6,0,0,0.015,,PMID 37555396,"Per-sample txt.gz count tables (4 files across 3 GSMs) recorded as matrix; no spatial coordinate files in GEO, so coords are missing.",[],curator,2026-10-02 13:13
GEO,GSE221692,single cell RNA-seq and Visium data of human spinal cord,Visium,Visium,spinal cord (embryonic/fetal),healthy,no_processed_data,no_processed_data,0,0,0,0,0,0.0,,PMID 38177242,"The series mixes scRNA-seq and Visium. GEO has only per-sample mtx/barcodes/features files and no spatial coordinates (no tissue_positions or h5ad). The N_GWxx and NminGW*A-D samples (for example GSM6893165 and GSM6893150) are probably Visium, but this is unverified. The coordinates may be in the RAW tar or the paper's supplement, which I did not check.","[""https://ftp.ncbi.nlm.nih.gov/geo/series/GSE221nnn/GSE221692/suppl/GSE221692_RAW.tar""]",curator,2026-10-02 13:13
GEO,GSE225600,Single-cell profiling and spatial transcriptome of primary tumors and paired metastatic lymph nodes in breast cancer patients,Visium,Visium,breast tumor,breast cancer,no_processed_data,no_processed_data,0,0,0,0,0,0.0,,PMID 36594618,"The 4 ST samples (GSM7050933-36) share one combined series-level mtx, barcodes and features: GSE225600_ST_matrix.mtx.gz, GSE225600_ST_barcodes.tsv.gz and GSE225600_ST_features.tsv.gz under https://ftp.ncbi.nlm.nih.gov/geo/series/GSE225nnn/GSE225600/suppl/. No spatial coordinates were provided, only tissue images (ST_A to ST_D). The sc samples are scRNA-seq and were excluded.",[],curator,2026-10-02 13:18
GEO,GSE231385,SDePER: deconvolution of spatial barcoding-based transcriptomic data (IPF lung Visium),Visium,Visium,Lung,Idiopathic pulmonary fibrosis,no_processed_data,no_processed_data,0,0,0,0,0,0.0,,PMID 39402626,"Single sample, GSM7267702. Only count tables (filtered and raw) and barcode lists are provided. There is no tissue_positions or coordinates file, so coordinates are missing. They may be recoverable from the barcodes plus the Visium barcode whitelist, but that is not confirmed. Matrix: GSM7267702_filter_counts.txt.gz.",[],curator,2026-10-02 13:03
GEO,GSE231586,Spatially resolved transcriptome of brain white matter lesions of a patient with progressive MS,Visium,Visium,brain white matter,multiple sclerosis,no_processed_data,no_processed_data,0,0,0,0,0,0.0,,PMID 38564686,"8 human Visium samples. GEO provides only raw_feature_barcode_matrix.h5 per sample (matrix, unfiltered) plus JPG images; no tissue_positions/spatial coords files, so coords are missing. Matrices are at GSM suppl folders (GSM7291257-GSM7291264).","[""https://ftp.ncbi.nlm.nih.gov/geo/series/GSE231nnn/GSE231586/suppl/GSE231586_RAW.tar""]",curator,2026-10-02 13:04
GEO,GSE232431,Spatial Visium FFPE Samples,Visium,Visium FFPE,Kidney cortex,,no_processed_data,no_processed_data,8,8,8,0,0,0.0,https://www.ncbi.nlm.nih.gov/geo/query/acc.cgi?acc=GSE232431,PMID 38287344,"Only tissue_positions CSVs and hires images are deposited. No count matrices. Coords-only, so no files are recorded as matrix.",[],curator,2026-10-02 13:10
GEO,GSE234814,A spatially resolved single cell genomic atlas of the adult human breast [visium],Visium,Visium,Breast,Normal,no_processed_data,no_processed_data,10,10,10,0,0,0.084,,PMID 37380767,"GEO has only 10x filtered/raw h5 matrices for 10 Visium samples; no tissue_positions/spatial coordinate files, so coordinates are missing. Matrices are listed for reference.",[],curator,2026-10-02 13:15
GEO,GSE241872,RAS pathway activation and microenvironmental adaptation as hallmarks of myeloid sarcoma,Visium,Visium,myeloid sarcoma,Myeloid sarcoma / AML,no_processed_data,no_processed_data,0,0,0,0,0,0.0,https://www.ncbi.nlm.nih.gov/geo/query/acc.cgi?acc=GSE241872,,"The series has 17 samples. 13 are non-spatial scRNA-seq. The 4 Visium samples (GSM8589577-80, Patients 15, 41, 43B and 84) each have only a metadata.csv.gz and an image. I found no count matrix or spatial coordinates in the sample listings. The series RAW.tar (2.6 GB) was not inspected and might hold more.","[""https://ftp.ncbi.nlm.nih.gov/geo/series/GSE241nnn/GSE241872/suppl/GSE241872_RAW.tar""]",curator,2026-10-02 12:35
GEO,GSE253588,Lactate-induced SREBF2-dependent program drives immunotolerant DC population [Spatial transcriptomics],Visium,Visium,lymph node,melanoma,no_processed_data,no_processed_data,0,0,0,0,0,0.0,https://www.ncbi.nlm.nih.gov/geo/query/acc.cgi?acc=GSE253588,PMID 38728412,3 human LN samples (GSM8023908-10). Per-sample mtx/barcodes/features exist on GEO (e.g. GSM8023910_LN2.matrix.mtx.gz) but no spatial coordinates (tissue_positions) provided; only JPG images. Matrix-only.,[],curator,2026-10-02 13:05
GEO,GSE267226,An aberrant immune-epithelial progenitor niche drives post-viral lung sequelae [human],Visium,Visium,lung,COVID-19 / PASC pulmonary fibrosis,no_processed_data,no_processed_data,5,5,5,0,0,0.118,,PMID 39232171,"Per-sample filtered h5 matrices exist (5 samples: 3 COVID, 2 control) but no spatial coordinates files (tissue_positions/spatial) were provided; only H5 and PNG.",[],curator,2026-10-02 13:02
GEO,GSE271984,Single-cell landscape of pediatric CF airway (includes one Visium lung sample),Visium,Visium,lung,cystic fibrosis,no_processed_data,no_processed_data,1,1,1,1,0,0.001,https://www.ncbi.nlm.nih.gov/geo/query/acc.cgi?acc=GSE271984,PMID 41667527,"Only GSM8390254 (Lung_spatial_CF1) is Visium; the other 15 are non-spatial scRNA-seq and excluded. Only the filtered matrix is on GEO. No spatial coordinates (tissue_positions) were found, so the coords are missing.",[],curator,2026-10-02 12:45
GEO,GSE285046,Cholesterol unlinks innate-adaptive immune axis in tuberculosis granulomas [human],GeoMx,GeoMx DSP,Lung (TB granuloma and LUAD),Tuberculosis; lung adenocarcinoma,no_processed_data,no_processed_data,0,0,0,0,0,0.0,,,GeoMx ROI-level data. Expression is only in the series-level xlsx GSE285046_Human_TB_and_LUAD_gene_expresssion.xlsx (https://ftp.ncbi.nlm.nih.gov/geo/series/GSE285nnn/GSE285046/suppl/). There are no per-sample files and no spatial coordinates. 73 GSMs.,[],curator,2026-10-02 14:15
GEO,GSE285060,Spatial Transcriptomics and scRNA-seq of Dendritic Cell-Mediated Inflammation in Keratoconus,Visium,Visium,Cornea,Keratoconus,no_processed_data,no_processed_data,8,8,8,0,0,0.013,,PMID 39837422,"GEO has only per-sample filtered_feature_bc_matrix.h5 (8 samples: c1-c3 control, e1-e5 keratoconus); no spatial coordinates (tissue_positions/spatial folder) provided, so coords are missing. Matrices are recorded anyway.",[],curator,2026-10-02 12:54
GEO,GSE285362,"Cryosensitive niches and FOS/AP-1 in human ovarian cortex, scRNA-seq and spatial",ST (legacy),scRNA-seq + spatial transcriptomics (unspecified),ovary cortex,,no_processed_data,no_processed_data,0,0,0,0,0,0.0,,,"The six cortex samples (Fresh/Frozen 1-3) are 10x scRNA-seq mtx files, not spatial. GSM8701343 (oocyte in situ) has only a merged.mtx.tsv.gz, and no coordinates are listed. No spatial coordinate files were found, so no files are recorded.",[],curator,2026-10-02 13:59
GEO,GSE286477,Dendritic Cell Immunotherapy for Glioblastoma: Phase I Trial [Spatial Transcriptome],Visium,Visium,brain,glioblastoma,no_processed_data,no_processed_data,0,0,0,0,0,0.0,,,"Only a Loupe browser file (GSE286477_DKR_processed.cloupe.gz, 370MB) at series level; no count matrix or coordinates per sample.","[""https://ftp.ncbi.nlm.nih.gov/geo/series/GSE286nnn/GSE286477/suppl/GSE286477_DKR_processed.cloupe.gz""]",curator,2026-10-02 13:00
GEO,GSE300827,Spatial transcriptome of pre-invasive lung adenocarcinoma,Visium,Visium,lung,pre-invasive lung adenocarcinoma (AAH/AIS/MIA),no_processed_data,no_processed_data,20,20,20,0,0,0.677,,,"20 human Visium samples. GEO provides only filtered_feature_bc_matrix.h5 per sample; no tissue_positions/spatial files, so coordinates are missing. Matrices are listed for reference.",[],curator,2026-10-02 13:42
GEO,GSE301610,Spatial profiling reveals TREM2+ macrophages as central to Mycobacterium tuberculosis pathogenesis in human pulmonary tuberculosis,Visium,Visium (FFPE),lung / lymph node,Pulmonary tuberculosis,no_processed_data,no_processed_data,2,2,7,0,0,0.092,,PMID 40791339,"2 GSMs hold 7 sub-sample filtered_feature_bc_matrix.h5 files. No spatial coordinate files (tissue_positions) in GEO; only barcode_information.txt.gz and metadata xlsx at series level. Matrices are recorded, but coordinates are missing.",[],curator,2026-10-02 13:37
GEO,GSE305258,Spatial Transcriptomics of Primary and Metastatic ALK-Rearranged NSCLC,GeoMx,GeoMx DSP (WTA),"lung, lymph node, brain",ALK-rearranged NSCLC,no_processed_data,no_processed_data,0,0,0,0,0,0.0,,PMID 42685503,"GeoMx ROI-level data: only per-ROI DCC files (GSM*_DSP-*.dcc.gz, raw probe counts) plus PKC; no coordinates or processed matrix. 36 ROI/segment samples.","[""https://ftp.ncbi.nlm.nih.gov/geo/series/GSE305258/suppl/GSE305258_RAW.tar""]",curator,2026-10-02 13:30
GEO,GSE308592,Spatial Transcriptomics Profiling of Human Atherosclerotic Plaques DM vs non-DM,Xenium,Xenium,atherosclerotic plaque,Peripheral arterial disease / type 2 diabetes atherosclerosis,no_processed_data,no_processed_data,0,0,0,0,0,0.0,https://www.ncbi.nlm.nih.gov/geo/query/acc.cgi?acc=GSE308592,,"The series page mentions DOCX and TAR supplementary files. The tools listed no files at series or sample level, and the FTP suppl directory returned 404 (the record may not be public yet). The technology (Xenium) is inferred from the search hint. There are 2 samples (Region_1 and Region_2).",[],curator,2026-10-02 13:24
GEO,GSE310013,Transcriptomic profiling of human saphenous veins during ex vivo culture–induced neointima proliferation,Visium,Visium,saphenous vein,,no_processed_data,no_processed_data,0,0,0,0,0,0.0,,PMID 41569144,Series supplement only has bulk RNA-seq raw counts (GSE310013_raw_counts.txt.gz). No Visium matrices or coordinates on GEO samples.,[],curator,2026-10-02 12:46
GEO,GSE310110,CD38+ endothelial remodeling in periodontitis and peri-implantitis (spatial proteotranscriptomics),CosMx,spatial proteotranscriptomics (likely CosMx),gingiva/oral peri-implant tissue,peri-implantitis / periodontitis,no_processed_data,no_processed_data,0,0,0,0,0,0.0,,PMID 42103720,"GEO has only 3 samples with mtx/barcodes/features matrices (Ko_2, Ko_3, Ko_6), no spatial coordinates deposited. The paper says 6 spatial samples, but only 3 are listed. The matrices may be scRNA-seq or spatial, which is unclear. Recorded without files because coordinates are missing.",[],curator,2026-10-02 13:52
GEO,GSE311812,Immune and Repair Mechanisms Underlying Congenital Chagas,Visium,Visium,placenta,Congenital Chagas disease,no_processed_data,no_processed_data,0,0,0,0,0,0.0,,PMID 41648170,"Only 2 of the 46 GSMs are Visium (GSM9332640 non-transmitter, GSM9332641 uninfected). Neither has supplementary files. The other 44 are bulk blood/placenta RNA-seq. Series-level files are bulk count CSVs and RCTD RDS objects built on public GSE182381. These are not confirmed to be spatial matrices for these samples, so none are recorded.",[],curator,2026-10-02 12:40
GEO,GSE312053,Flow-adaptive extracorporeal total artificial lung bridge to transplant: ARDS lung scRNAseq and Visium HD,Visium HD,Visium HD,lung,"ARDS (influenza-associated, Pseudomonas pneumonia)",no_processed_data,no_processed_data,0,0,0,0,0,0.0,https://www.ncbi.nlm.nih.gov/geo/query/acc.cgi?acc=GSE312053,PMID 41619723,"8 Visium HD samples have only .cloupe.gz files (Loupe browser, ~2GB each) plus images. The h5ad files are scRNAseq, not spatial. No spatial matrix or coordinate files are available as GEO sample files. The RAW.tar (42GB) is not inspected and likely holds the same files.","[""https://ftp.ncbi.nlm.nih.gov/geo/series/GSE312nnn/GSE312053/suppl/GSE312053_RAW.tar""]",curator,2026-10-02 12:43
GEO,GSE316779,Visium HD of pediatric adrenocortical carcinoma (4 methylation subgroups),Visium HD,Visium HD,adrenal gland,pediatric adrenocortical carcinoma,no_processed_data,no_processed_data,4,4,12,12,0,1.169,https://www.ncbi.nlm.nih.gov/geo/query/acc.cgi?acc=GSE316779,,"Only mtx/barcodes/features per sample (4 samples); no spatial coordinates (tissue_positions) in GEO. Matrices are usable, but coords are missing.",[],curator,2026-10-02 12:26
GEO,GSE316811,Seq-Scope-eXpanded (Seq-Scope-X): Spatial Omics Beyond Optical Resolution,Other,Seq-Scope-X,tonsil,,no_processed_data,no_processed_data,0,0,0,0,0,0.0,https://www.ncbi.nlm.nih.gov/geo/query/acc.cgi?acc=GSE316811,PMID 41667485,"Mixed species series. Matrices exist only for Liver, Brain and Colon, which are presumed mouse. The only human sample is Tonsil (GSM9460492), a spatial proteomics antibody-barcode run, and it has only a per-transcript table (transcripts.sorted.tsv.gz). That table is out of scope, so no matrix or coords are recorded.","[""https://ftp.ncbi.nlm.nih.gov/geo/samples/GSM9460nnn/GSM9460492/suppl/GSM9460492_Seq-Scope-X-Tonsil-transcripts.sorted.tsv.gz""]",curator,2026-10-02 14:18
GEO,GSE319722,Spatial dynamics links PD-L1 and TAM-enriched niches to immune and mesenchymal states in MSS colorectal cancer,Unknown,,colon,microsatellite-stable colorectal cancer,no_processed_data,no_processed_data,0,0,0,0,0,0.0,,PMID 42073611,"117 GSMs have no per-sample supplementary files. The only series file is a 13 MB xlsx data frame, which looks like a combined table and not a spatial count matrix with coordinates. The technology isn't stated and the series appears to mix bulk RNA and spatial data.","[""https://ftp.ncbi.nlm.nih.gov/geo/series/GSE319nnn/GSE319722/suppl/GSE319722_data_frame_conjunto_01234.xlsx""]",curator,2026-10-02 14:01
GEO,GSE320059,Nur77 agonism invigorates Natural Killer cell immunity against hepatocellular carcinoma [Spatial Transcriptomics],GeoMx,GeoMx DSP (WTA),Liver,Hepatocellular carcinoma,no_processed_data,no_processed_data,0,0,0,0,0,0.0,,PMID 42374019,"GeoMx AOI-level DCC files only (94 AOIs plus 1 No Template Control, GSM9533113). They are per-AOI raw probe counts, with no processed matrix and no spatial coordinates. Per-sample files are *.dcc.gz under GSE320059_RAW.tar. The PKC probe file is at series level.","[""https://ftp.ncbi.nlm.nih.gov/geo/series/GSE320nnn/GSE320059/suppl/GSE320059_RAW.tar"", ""https://ftp.ncbi.nlm.nih.gov/geo/series/GSE320nnn/GSE320059/suppl/GSE320059_Hs_R_NGS_WTA_v1.0.pkc.gz""]",curator,2026-10-02 13:59
GEO,GSE322724,Hepatic transcriptome in ACLF: impaired liver zonation and mitochondrial dysfunction,ST (legacy),"bulk RNA-seq (spatial transcriptomics mentioned, not deposited)",liver,acute-on-chronic liver failure / cirrhosis,no_processed_data,no_processed_data,0,0,0,0,0,0.0,,,"The only file is a series-level raw_counts.csv.gz of about 1.5 MB, which is probably bulk RNA-seq for 30 samples. No per-sample spatial matrices or coordinates are listed.",[],curator,2026-10-02 13:27
GEO,GSE324064,Spatially-Resolved Multiomic Atlas of Leiomyosarcoma,Unknown,,leiomyosarcoma,leiomyosarcoma,no_processed_data,no_processed_data,0,0,0,0,0,0.0,https://www.ncbi.nlm.nih.gov/geo/query/acc.cgi?acc=GSE324064,,"The GEO series has only ChIP-seq samples (21 GSMs, bigWig files). The abstract mentions spatial transcriptomics of 328 cores and snMultiome, but no spatial matrix or coordinates are deposited here.",[],curator,2026-10-02 13:44
GEO,GSE324427,Myasthenia thymus reprograms class switched B cells into BAFF dependent survivors,Visium HD,Visium HD,Thymus / thymoma,Myasthenia gravis,no_processed_data,no_processed_data,0,0,0,0,0,0.0,,PMID 42585334,"Mostly scRNA-seq and VDJ samples, which are not spatial. Only 3 Visium HD samples (GSM9575880-82: 17-Thymus no_MG, 6-Thymus MG, 12-Thymoma MG). Their only supplementary files are 8um .cloupe.gz files, which are Loupe browser files. There is no matrix or coordinate file, only the cloupe files and images. The cloupe files could be converted, but I did not record them as matrix or coords.","[""https://ftp.ncbi.nlm.nih.gov/geo/series/GSE324nnn/GSE324427/suppl/GSE324427_RAW.tar""]",curator,2026-10-02 12:30
GEO,GSE324454,Dissecting the cellular architecture of breast cancer brain metastases reveals prognostically distinct immune landscapes,Unknown,,Brain metastasis,Breast cancer brain metastases,no_processed_data,no_processed_data,0,0,0,0,0,0.0,,PMID 42049023,"The GEO listing shows no supplementary files for any GSM or for the series. The 128 samples appear to be mostly bulk RNA-seq (NCH IDs) plus snRNA-seq. No spatial samples are identifiable, although the abstract mentions spatial transcriptomics.",[],curator,2026-10-02 14:13
GEO,GSE325123,Melanocytic transcriptomic state and survival in metastatic in-transit melanoma (GeoMx WTA),GeoMx,GeoMx,skin (in-transit melanoma TMA),melanoma,no_processed_data,no_processed_data,0,0,0,0,0,0.0,https://www.ncbi.nlm.nih.gov/geo/query/acc.cgi?acc=GSE325123,PMID 42497279,"GeoMx WTA, 272 AOIs from a TMA. Only a series-level AOI x gene log2CPM CSV exists (link above); no spatial coordinates, so not recorded as matrix+coords.","[""https://ftp.ncbi.nlm.nih.gov/geo/series/GSE325nnn/GSE325123/suppl/GSE325123_ITM_log2CPM.csv.gz""]",curator,2026-10-02 14:23
GEO,GSE325861,Macrophage signaling associates with fibrogenic program activation in periductal fibroblasts in pediatric PSC,MERFISH,MERSCOPE,liver,primary sclerosing cholangitis,no_processed_data,no_processed_data,2,2,2,0,0,0.026,https://www.ncbi.nlm.nih.gov/geo/query/acc.cgi?acc=GSE325861,,"No cell-by-gene matrix deposited. Only cell_metadata (coords), cell boundaries and detected_transcripts. A matrix could be rebuilt from detected_transcripts and cell boundaries. Raw tar: GSE325861_RAW.tar.",[],curator,2026-10-02 13:57
GEO,GSE326101,Spatial predictors of response to chemo-immunotherapy in MSS metastatic colorectal cancer,Visium,Visium,colorectal cancer metastasis,metastatic colorectal cancer (MSS),no_processed_data,no_processed_data,8,8,8,8,0,0.079,,PMID 42034603,"8 samples; only filtered_feature_bc_matrix.h5 per sample plus an image (TIFF). No tissue_positions/spatial coordinates provided, so coords are missing. Matrices are listed in case coords are obtained elsewhere.",[],curator,2026-10-02 12:37
GEO,GSE328664,PD-1 regulates latent effector differentiation of thymic cytotoxic CD8+ T cells [spatial transcriptomics],GeoMx,GeoMx,Thymus,,no_processed_data,no_processed_data,0,0,0,0,0,0.0,,PMID 42177167,"GeoMx ROI-level data. Only two series-level Q3-normalized CSVs exist (NKG7+ and NKG7- ROIs): https://ftp.ncbi.nlm.nih.gov/geo/series/GSE328nnn/GSE328664/suppl/GSE328664_GeoMx_Q3_normalized_gene_expression_NKG7_neg_exact.csv.gz and ..._pos_exact.csv.gz. No spatial coordinates, so not recorded as matrix+coords.",[],curator,2026-10-02 13:58
GEO,GSE328870,Single-cell and spatial immune atlas of chronic AMR,Unknown,,kidney allograft / blood,chronic antibody-mediated rejection,no_processed_data,no_processed_data,0,0,0,0,0,0.0,,,"Third-party reanalysis series. Only blood scRNA-seq Rds objects (B, Myeloid, NK, T) are deposited. No spatial matrices or coordinates and no GSM samples are listed.",[],curator,2026-10-02 13:44
GEO,GSE328930,DUTRENEO trial: bulk biomarker-guided therapy and spatial transcriptomics in MIBC,Xenium,Spatial single-cell (377-gene panel; likely Xenium/CosMx),Bladder,Muscle-invasive bladder cancer,no_processed_data,no_processed_data,0,0,0,0,0,0.0,https://www.ncbi.nlm.nih.gov/geo/query/acc.cgi?acc=GSE328930,PMID 42335902,"GEO has only a small series-level counts.tsv.gz (2.9 MB) and a metadata file, and no per-sample files. This looks like the bulk data (66 samples), not the ~5.4M-cell spatial data. I found no spatial matrix or coordinates.",[],curator,2026-10-02 14:00
GEO,GSE329813,Spatial Transcriptomics Unveils Immune Microenvironment Heterogeneity and Response-related Subtypes in NSCLC Treated with Neoadjuvant Chemoimmunotherapy,GeoMx,GeoMx,Lung (primary tumor bed) and draining lymph node,Non-small cell lung cancer (neoadjuvant chemoimmunotherapy),no_processed_data,no_processed_data,1,1,1,0,0,0.002,https://www.ncbi.nlm.nih.gov/geo/query/acc.cgi?acc=GSE329813,,"GeoMx ROI-level data (127 ROIs, 22 patients). Only a series-level normalized ROI-by-gene matrix is provided (recorded as matrix); there are no spatial coordinates and no per-ROI files.",[],curator,2026-10-02 13:50
GEO,GSE330215,Spatial transcriptomic characterization of obesity-associated gene expression programs in endometrial cancer,GeoMx,GeoMx,endometrium,endometrial cancer,no_processed_data,no_processed_data,1,1,2,0,0,0.001,,,"GeoMx ROI-level data, 13 ROIs. Series-level count matrices (raw, filtered, Q3 log2, DSP xlsx) but no spatial coordinates file.",[],curator,2026-10-02 13:53
GEO,GSE331432,Characterizing Cellular Heterogeneity and Transcriptomic Features of Senotype Using Deep Graph Representation Learning,Xenium,Xenium,Lung (human precision-cut lung slices),Idiopathic pulmonary fibrosis (bleomycin model),no_processed_data,no_processed_data,0,0,0,0,0,0.0,https://www.ncbi.nlm.nih.gov/geo/query/acc.cgi?acc=GSE331432,,"The series has 2 GSMs, and each has only mtx/barcodes/features files. No spatial coordinates are listed. The matrices are at GEO sample suppl paths, e.g. GSM9745847_S1_hPCLS_Old_Untreated_matrix.mtx.gz and GSM9745848_S2_hPCLS_Old_Bleomycin_matrix.mtx.gz. The Xenium assignment is unverified because the feature file sizes differ between the two samples. Check whether coordinates are in GSE331432_RAW.tar.","[""https://ftp.ncbi.nlm.nih.gov/geo/series/GSE331nnn/GSE331432/suppl/GSE331432_RAW.tar""]",curator,2026-10-02 13:49
GEO,GSE338144,Benchmarking cell-type deconvolution in cross-platform transcriptomic data [GeoMx],GeoMx,GeoMx,Brain (glioblastoma and brain metastasis),Glioblastoma; brain metastasis,no_processed_data,no_processed_data,1,1,1,1,0,0.0,,PMID 42629550,"GeoMx full-ROI counts exist as a series-level CSV (GSE338144_counts.csv.gz, 13 ROIs), but no spatial coordinates are provided. Recorded as no_processed_data because the validator requires coords for 'ready'.",[],curator,2026-10-02 12:28
GEO,GSE347584,Spatial transcriptomic analysis of progressing oral epithelial dysplasia,GeoMx,GeoMx DSP (WTA),Oral mucosa,Oral epithelial dysplasia / oral squamous cell carcinoma,no_processed_data,no_processed_data,0,0,0,0,0,0.0,,,"GeoMx ROI-level data (160 ROIs, PanCK+/-). Only per-ROI DCC files (GSM*_DSP-*.dcc.gz, raw probe counts) and a PKC file are provided. There is no processed count matrix and no coordinates, so no files were recorded.","[""https://ftp.ncbi.nlm.nih.gov/geo/series/GSE347nnn/GSE347584/suppl/GSE347584_Hs_R_NGS_WTA_v1.0.pkc.gz"", ""https://ftp.ncbi.nlm.nih.gov/geo/series/GSE347nnn/GSE347584/suppl/GSE347584_RAW.tar""]",curator,2026-10-02 13:37
NanoString,nanostring.com/products/cosmx-spatial-molecular-imager/ffpe-dataset/human-liver-rna-ffpe-dataset,Nanostring CosMx SMI Human Liver RNA FFPE Dataset (normal + HCC),CosMx,CosMx,liver,normal; hepatocellular carcinoma,no_processed_data,no_processed_data,0,0,0,0,0,0.0,https://nanostring.com/products/cosmx-spatial-molecular-imager/ffpe-dataset/human-liver-rna-ffpe-dataset/,,"2 human samples (normal liver, 35M; HCC, 65F), 1000-plex, >800k cells. Page's 'All Data Files' download link is not exposed in fetched HTML; the likely bucket (smi-public) denies listing and guessed file URLs returned 403, so no matrix/coords URLs could be verified. Sample folders per hints: CosMx_Human_FFPE_Liver_Cancer, CosMx_Human_FFPE_Liver_Normal. Needs manual retrieval of exprMat/metadata files. The Minerva viewer bucket only has images and a small sample CSV.","[""http://external-wow-cosmx-liver-p-1.s3-website-us-west-2.amazonaws.com/"", ""https://www.biorxiv.org/content/10.1101/2021.11.03.467020v2""]",curator,2026-10-02 12:24
10x Datasets,10xgenomics.com/datasets/mouse-brain-section-coronal-1-standard,Visium Mouse Brain 17,Visium,Visium,brain,,not_human,not_human,0,0,0,0,0,0.0,https://www.10xgenomics.com/datasets/mouse-brain-section-coronal-1-standard,,"Dataset slug and title indicate a mouse coronal brain section. The hint says 2 human samples, but this doesn't match the slug. The 10x page was blocked by a Vercel checkpoint, so I couldn't verify the species on the page itself. No files recorded.",[],curator,2026-10-02 12:25
GEO,GSE168742,Cardiac fibroblasts regulate the development of heart failure via Htra3-TGF-β-IGFBP7 axis,Visium,Visium,heart,heart failure / myocardial infarction,not_human,not_human,0,0,0,0,0,0.0,https://www.ncbi.nlm.nih.gov/geo/query/acc.cgi?acc=GSE168742,PMID 35672400,"The spatial samples (Spatial WT MI, Spatial Htra3KO sham, and similar) are mouse Visium. The human samples (human control CM, human HF CM) are single-cardiomyocyte RNA-seq, not spatial. I did not check the per-sample files, so this verdict comes from the series metadata and sample titles only.",[],curator,2026-10-02 13:52
GEO,GSE182867,Dietary palmitic acid promotes a prometastatic memory based on Schwann Cell activation,Visium,Visium,,,not_human,not_human,0,0,0,0,0,0.0,,,"The 4 Visium samples (GSM5538852-55) are mouse xenograft tumors. The other 4 samples are mouse scRNA-seq. I found no human-specific spatial data. The Visium files are mtx plus a spatial zip, if you want to revisit this.",[],curator,2026-10-02 13:23
GEO,GSE207592,A cellular hierarchy in melanoma uncouples growth and metastasis,Visium,"Visium, Stereo-seq",,,not_human,not_human,0,0,0,0,0,0.0,https://www.ncbi.nlm.nih.gov/geo/query/acc.cgi?acc=GSE207592,,"Spatial samples (Visium melanoma_2-4, Stereo-seq) are from the mouse NRAS/Ink4a melanoma model (Visium checked as Mus). Human samples are only scRNA-seq/siRNA bulk-type MM047 data and are not spatial.",[],curator,2026-10-02 13:22
GEO,GSE216189,Fragment-sequencing unveils local tissue microenvironments at single cell resolution,Unknown,,,,not_human,not_human,0,0,0,0,0,0.0,https://www.ncbi.nlm.nih.gov/geo/query/acc.cgi?acc=GSE216189,,"Visium samples (GSM6661400, GSM6661401) are mouse metastatic liver. Human samples (Crohn's biopsy, organoid mixing) are fragment-seq single-cell data with no spatial coordinates. No human spatial samples.",[],curator,2026-10-02 13:21
GEO,GSE253378,Spatial transcriptomics label-free assessment of human stem cell distribution in mouse lung fibrosis,Visium,Visium,,,not_human,not_human,0,0,0,0,0,0.0,,,"Mouse lung tissue (bleomycin fibrosis model) with xenografted hMSCs; human reads are only a minor xenograft signal. Samples are mouse tissue, so excluded. Per-sample tar.gz bundles available on GEO (Nor, Con, Con-2, Exp, Exp-2).",[],curator,2026-10-02 13:06
GEO,GSE253587,Deconvolution of regulatory T cell heterogeneity identifies cycling precursors as conductors of immune escape during breast carcinoma progression,Visium,Visium,,,not_human,not_human,0,0,0,0,0,0.0,https://www.ncbi.nlm.nih.gov/geo/query/acc.cgi?acc=GSE253587,PMID 41997138,"The spatial samples (Dataset 4, GSM8023885-GSM8023904) are NMU-treated and untreated rat mammary tissue, so they are not human. The human samples (Dataset 1, patient breast Normal/DCIS/IDC) are sorted-fraction scRNA-seq, so they are not spatial. No files are recorded.",[],curator,2026-10-02 14:20
GEO,GSE270431,Neutrophils recruited by NKX2-1 suppression via activation of CXCLs/CXCR2 axis promote lung adenocarcinoma progression,Visium,Visium,lung,lung adenocarcinoma,not_human,not_human,0,0,0,0,0,0.0,https://www.ncbi.nlm.nih.gov/geo/query/acc.cgi?acc=GSE270431,,"Only 2 spatial samples (GSM8342821 Spatial_lung_parental, GSM8342822 Spatial_lung-shNkx2-1). Gene naming (Nkx2-1) and the mouse-model design suggest these are mouse. Human samples in the series are cell-line ATAC/bulk and not spatial. No tissue_positions files, only alignment json. Not verified directly from the matrix files.",[],curator,2026-10-02 12:55
GEO,GSE316553,Optic Nerve Head Spatial Transcriptomic Change in Non-Human Primate Early Experimental Glaucoma,GeoMx,GeoMx,,,not_human,not_human,0,0,0,0,0,0.0,,,"The samples are non-human primate optic nerve head. GEO lists the taxon as Homo sapiens, probably because the human WTA probe set was used. The data are per-AOI DCC files with no spatial coordinates, so no files were recorded.",[],curator,2026-10-02 14:13
GEO,GSE318204,Spatial Transcriptomics Reveals that a Novel Microporous [nCounter],GeoMx,GeoMx,,,not_human,not_human,0,0,0,0,0,0.0,,,"Porcine (Sus scrofa) burn/skin graft model; GeoMx nCounter RCC files, no coordinates. Taxon tag lists Homo sapiens but the samples are pig.",[],curator,2026-10-02 13:27
GEO,GSE318590,Spatial transcriptomics data of the wild-type and App NL-G-F mouse posterior cortex,CosMx,CosMx,mouse posterior cortex,,not_human,not_human,0,0,0,0,0,0.0,,,"Mouse WT and App NL-G-F brains. GEO taxon lists Homo sapiens too, but the samples are mouse brain. No human samples, so no files are recorded.",[],curator,2026-10-02 14:14
GEO,GSE326753,"Ubiquitin-like proteins NEDD8 and SUMO2 control epithelial homeostasis, regeneration, and inflammation",Xenium,Xenium,,,not_human,not_human,0,0,0,0,0,0.0,,,"The 10 Xenium samples (GSM9636011-GSM9636020) are mouse skin and wound tissue from Nedd8, Sumo and Nrf2 knockout mice and non-recombination controls. I inferred the species from the sample titles and did not check it in the sample metadata. The human samples are A431 and CAL27 cell lines and corneal and cervical samples. Those are bulk or non-spatial RNA-seq with counts.txt tables, so they are not spatial.",[],curator,2026-10-02 13:46
GEO,GSE184111,scRNA sequencing analysis for human ureters and patient derived ureter organoid,Unknown,,,,not_spatial,not_spatial,0,0,0,0,0,0.0,,,"The GEO samples are all scRNA-seq. The summary mentions Visium, but no Visium samples or files are deposited here.",[],curator,2026-10-02 13:22
GEO,GSE192740,Spatial proteogenomics reveals hepatic macrophage niches (single cells),Unknown,,,,not_spatial,not_spatial,0,0,0,0,0,0.0,,,"This series holds only the scRNA-seq, CITE-seq and snRNA-seq samples, and they come from several species. It has no spatial matrices or coordinates. The Visium data are probably in a companion GEO series, which I did not look up.",[],curator,2026-10-02 13:32
GEO,GSE205354,Spatially resolved multi-omics single-cell analyses inform mechanisms of immune-dysfunction in pancreatic cancer,Unknown,,Pancreas,Pancreatic ductal adenocarcinoma,not_spatial,not_spatial,0,0,0,0,0,0.0,https://www.ncbi.nlm.nih.gov/geo/query/acc.cgi?acc=GSE205354,,"GEO has only 10x-style mtx/barcodes/features per sample (8 biopsies), which look like dissociated scRNA-seq. No spatial coordinates are provided.",[],curator,2026-10-02 13:14
GEO,GSE222495,Single-nucleus RNA sequencing demonstrates an autosomal dominant Alzheimer's disease profile and possible mechanisms of disease protection,Unknown,,,Alzheimer's disease,not_spatial,not_spatial,0,0,0,0,0,0.0,,,SuperSeries of snRNA-seq samples (frontal cortex/hippocampus). No spatial data or supplementary files found.,[],curator,2026-10-02 13:10
GEO,GSE239803,Mast cells act as pro-angiogenic and pro-tumorigenic players in pituitary gonadotroph tumors,Unknown,,,,not_spatial,not_spatial,0,0,0,0,0,0.0,https://www.ncbi.nlm.nih.gov/geo/query/acc.cgi?acc=GSE239803,,The GEO series contains only 6 scRNA-seq samples (mtx). The spatial data mentioned in the paper is not deposited here.,[],curator,2026-10-02 12:48
GEO,GSE242274,Single-cell sequencing reveal transcriptional cell lineage heterogeneity in extracranial arteriovenous malformation,Unknown,,extracranial arteriovenous malformation,,not_spatial,not_spatial,0,0,0,0,0,0.0,,PMID 40118698,"GEO files are only scRNA-seq 10x mtx for 11 samples (9 eAVM, 2 control). The ST data mentioned in the paper is not deposited here and there are no spatial coordinates.",[],curator,2026-10-02 14:22
GEO,GSE245905,TREM1+CD163+ myeloid cells in HCC [bulk_RNA-seq],Unknown,,,,not_spatial,not_spatial,0,0,0,0,0,0.0,,,Bulk RNA-seq subseries of sorted myeloid cells; no spatial data here. Visium data is likely in a separate GEO subseries.,[],curator,2026-10-02 13:09
GEO,GSE245906,TREM1+CD163+ myeloid cells in HCC [scRNA-seq],Unknown,,,,not_spatial,not_spatial,0,0,0,0,0,0.0,,,This series is scRNA-seq only. The GEO Visium hint probably refers to a companion spatial series. This series has no spatial data.,[],curator,2026-10-02 13:10
GEO,GSE249805,Pulmonary surfactant protein D reduces lung cancer progression associated with decreased IL-4/STAT6 signaling,Unknown,,,,not_spatial,not_spatial,0,0,0,0,0,0.0,,,"The GEO samples are A549 cell line bulk RNA-seq (CTRL vs SP-D), with one count table. They contain no spatial data. The spatial data mentioned in the paper is not deposited here.",[],curator,2026-10-02 14:23
GEO,GSE253593,Lactate-induced SREBF2-dependent program drives immunotolerant DC population,Unknown,,,,not_spatial,not_spatial,0,0,0,0,0,0.0,,,"The series contains scRNA-seq, CITE-seq and scATAC-seq (human and mouse). The files are mtx matrices with no spatial coordinates. No Visium files were found.",[],curator,2026-10-02 13:06
GEO,GSE253849,Human and mouse adrenal glands: species-specific steroidogenic states [scRNA-seq],Unknown,,adrenal gland,,not_spatial,not_spatial,0,0,0,0,0,0.0,https://www.ncbi.nlm.nih.gov/geo/query/acc.cgi?acc=GSE253849,,"This series holds only scRNA-seq samples (human and mouse, raw 10x h5). The spatial data (Visium, Visium HD, Stereo-seq) is presumably in a separate GEO series.",[],curator,2026-10-02 12:34
GEO,GSE261997,Treatment of cholangiocarcinoma using humanized monoclonal antibodies targeting Claudin-1 (CCA organoids),Unknown,,,,not_spatial,not_spatial,0,0,0,0,0,0.0,,,The series holds only a bulk gene-count table for 6 organoid samples (control vs H3L3 antibody). The spatial and scRNA-seq data mentioned in the summary are not in this series.,[],curator,2026-10-02 13:48
GEO,GSE261998,Treatment of cholangiocarcinoma using humanized monoclonal antibodies targeting Claudin-1 (HuCC-A1 CDX tumors),Unknown,,,,not_spatial,not_spatial,0,0,0,0,0,0.0,,,The series has one bulk gene_counts.tsv.gz for 10 CDX tumor samples. It has no spatial coordinates. The spatial transcriptomics mentioned in the abstract belongs to the paper's other datasets.,[],curator,2026-10-02 13:48
GEO,GSE261999,Treatment of cholangiocarcinoma using humanized monoclonal antibodies targeting Claudin-1 (PDX tumors),Unknown,,,,not_spatial,not_spatial,0,0,0,0,0,0.0,,,"The 8 samples are plate-based (plate151–165) PDX tumor data with one raw_counts.tsv.gz. They look like plate-based scRNA-seq, not spatial data. There are no coordinates. The spatial work in the paper is on patient tissues and is not in this series.",[],curator,2026-10-02 13:48
GEO,GSE264624,Human hippocampus snRNA-seq (companion to SRT atlas),Other,snRNA-seq,hippocampus,,not_spatial,not_spatial,0,0,0,0,0,0.0,,PMID 40739059,This GEO series is the snRNA-seq part only. The Visium SRT data is probably in a separate companion GEO series. I did not look for it.,[],curator,2026-10-02 13:08
GEO,GSE268426,snPATHO-seq: unlocking the FFPE archives for single nucleus RNA profiling [snRNA-seq],Unknown,,,,not_spatial,not_spatial,0,0,0,0,0,0.0,,PMID 39414943,"This series holds only the snRNA-seq/scRNA-seq (10x FLEX and 3') data and has no spatial coordinates. The paper's FFPE Visium data is probably in a companion GEO series, which I did not look up.",[],curator,2026-10-02 13:04
GEO,GSE275145,Creeping fat-derived mechanosensitive fibroblasts drive intestinal fibrosis in Crohn's disease strictures [Human scRNA-seq],Unknown,,,,not_spatial,not_spatial,0,0,0,0,0,0.0,,,"This series holds only human scRNA-seq (10x mtx) data. The paper also used Visium, but those data are not in this series and may be in a companion GEO series.",[],curator,2026-10-02 12:51
GEO,GSE277893,Single-Cell Spatial Mapping of Human Kidney Development Reveals Cellular Niches and Lineage Dynamics,Unknown,,fetal kidney,,not_spatial,not_spatial,0,0,0,0,0,0.0,,,"GEO has only 5 samples, each with a 10x-style mtx, barcodes and features (about 36k-gene features file). That looks like dissociated scRNA-seq. There are no spatial coordinates, and the spatial data are not deposited here.",[],curator,2026-10-02 13:56
GEO,GSE279017,Spatial transcriptomic analysis of HNSCC reveals novel regulators of hybrid EMT,Unknown,,head and neck,HNSCC,not_spatial,not_spatial,0,0,0,0,0,0.0,,,"The GEO series contains only 20 bulk RNA-seq samples from HNSCC cell lines (JHU-06, 93VU147T) treated with cytokines. It has no spatial data or coordinates. The spatial data from the paper isn't deposited here.",[],curator,2026-10-02 13:44
GEO,GSE280311,"CRC TME immune populations, Visium HD study [Flex companion]",Other,10x Flex single-cell,colon,colorectal cancer,not_spatial,not_spatial,0,0,0,0,0,0.0,,PMID 40473992,This series is the dissociated single-cell Flex data from serial sections. It has filtered_feature_bc_matrix h5 files and no spatial coordinates. The Visium HD data are presumably in a separate GEO series.,[],curator,2026-10-02 12:58
GEO,GSE280312,"CRC TME immune cells, Visium HD companion [VDJ]",Other,single-cell (Flex/5' GEX + VDJ),colon,colorectal cancer,not_spatial,not_spatial,0,0,0,0,0,0.0,,PMID 40473992,"This series holds only dissociated tumor cell (DTC) single-cell GEX and VDJ data from human colon cancer. It has no spatial coordinates. The Visium HD data are probably in a sibling GEO series, which I did not check.",[],curator,2026-10-02 12:58
GEO,GSE281743,Epigenetic Subtypes of High-Grade T1 Bladder Cancer,Unknown,,bladder,high-grade T1 NMIBC,not_spatial,not_spatial,0,0,0,0,0,0.0,,,GEO has only ChIP-seq bigwigs and snRNA-seq filtered h5 files (11 samples). The spatial transcriptomics mentioned in the abstract is not deposited here.,[],curator,2026-10-02 13:48
GEO,GSE283385,CAR T therapy against the MiTF-driven protein GPNMB,Unknown,,,,not_spatial,not_spatial,0,0,0,0,0,0.0,https://www.ncbi.nlm.nih.gov/geo/query/acc.cgi?acc=GSE283385,,"The GEO samples are only scRNA-seq (GEX) and VDJ libraries from CAR T products and blood time points. The abstract mentions spatial transcriptomics, but no spatial samples or files are deposited in this series.",[],curator,2026-10-02 14:01
GEO,GSE286518,Integrative CSF profiling identifies disease-specific immune responses in leptomeningeal disease,Unknown,,,,not_spatial,not_spatial,0,0,0,0,0,0.0,,,"The GEO samples are CSF scRNA-seq and TCR-seq only. The summary mentions spatial transcriptomics, but no spatial samples or files are deposited in this series.",[],curator,2026-10-02 14:23
GEO,GSE287471,"LUAD tumor, normal adjacent and tumoroid bulk transcriptomics",Unknown,,,,not_spatial,not_spatial,0,0,0,0,0,0.0,,,The GEO series holds only bulk RNA-seq (a TPM table for 8 samples). The spatial data mentioned in the summary is not deposited here.,[],curator,2026-10-02 13:40
GEO,GSE290367,"Single-cell multiomic integration identifies widespread, cell-type resolved fetal reactivation in the diseased human heart",Unknown,,heart,,not_spatial,not_spatial,0,0,0,0,0,0.0,,PMID 41937210,"Series contains snRNA-seq and snATAC-seq only (integrated h5ad, fragments). Spatial data mentioned in the paper appears to be public data not deposited here.",[],curator,2026-10-02 14:10
GEO,GSE291890,Single-Cell RNA Sequencing Unveils Macrophage Involvement in Aortic Valve Stenosis Progression,Other,scRNA-seq (10x 3' and Flex),aortic valve,calcific aortic stenosis,not_spatial,not_spatial,0,0,0,0,0,0.0,,,"Dissociated single-cell data only, no spatial coordinates. The Visium hint was a false match.",[],curator,2026-10-02 12:40
GEO,GSE292589,Type I interferon–activated myeloid states are associated with less fibrotic stages in IPF,Unknown,,,,not_spatial,not_spatial,0,0,0,0,0,0.0,,,GEO samples are only scRNA-seq GEX/HTO pools (Cell Ranger outputs); no spatial data deposited here.,[],curator,2026-10-02 13:38
GEO,GSE293457,Retinoic acid drives cell fate specification in human retinal organoids [scRNA-seq],Unknown,,,,not_spatial,not_spatial,0,0,0,0,0,0.0,,,Only scRNA-seq 10x raw matrices; spatial data presumably in a companion series.,[],curator,2026-10-02 14:02
GEO,GSE293781,Human adrenal cortex organoid model [scRNA-seq],Unknown,,,,not_spatial,not_spatial,0,0,0,0,0,0.0,,,Dissociated organoid scRNA-seq h5ad files with no spatial coordinates. The spatial transcriptomics of tissue is probably in a separate GEO series.,[],curator,2026-10-02 14:06
GEO,GSE294729,Spatial transcriptomics reveal lineage complexity of gastric incomplete intestinal metaplasia [ATAC-Seq],Unknown,,,,not_spatial,not_spatial,0,0,0,0,0,0.0,,PMID 40691053,"This series holds only bulk ATAC-seq peak files. It is the ATAC component of a paper that also used spatial transcriptomics, and the spatial data are probably in a sibling GEO series.",[],curator,2026-10-02 14:24
GEO,GSE294771,A cellular anatomy of normal adult human female urethra,Unknown,,urethra,,not_spatial,not_spatial,0,0,0,0,0,0.0,,,GEO files are scRNA-seq 10x filtered matrices for 4 donors. The spatial comparison mentioned in the summary has no spatial files deposited.,[],curator,2026-10-02 13:58
GEO,GSE295236,FCDI snRNA-seq (companion to spatial transcriptomics),Unknown,,,,not_spatial,not_spatial,0,0,0,0,0,0.0,,,"This series holds only the snRNA-seq data (10x mtx, 6 samples). It has no spatial coordinates. The spatial data is probably in a separate series.",[],curator,2026-10-02 13:57
GEO,GSE295401,Gastric incomplete intestinal metaplasia [scRNA-Seq],Unknown,,,,not_spatial,not_spatial,0,0,0,0,0,0.0,https://www.ncbi.nlm.nih.gov/geo/query/acc.cgi?acc=GSE295401,PMID 40691053,The series contains 10x scRNA-seq filtered matrices only. It has no spatial coordinates. The spatial data are probably in a companion series.,[],curator,2026-10-02 14:24
GEO,GSE295641,Multimodal profiling of OSCC and betel quid chewing,Unknown,,oral cavity,oral squamous cell carcinoma,not_spatial,not_spatial,0,0,0,0,0,0.0,,,"The GEO files are processed scRNA-seq tables only (Processed_scRNAseq_SCT1 and SCT2). The summary mentions spatial transcriptomics, but no spatial data is deposited.",[],curator,2026-10-02 14:01
GEO,GSE295932,Single cell and spatial alternative splicing analysis with Nanopore long read sequencing,Unknown,,,,not_spatial,not_spatial,0,0,0,0,0,0.0,,,The GEO samples are all Jurkat cell-line single-cell long-read libraries (ONT/PacBio). I found no spatial samples or coordinates in this series.,[],curator,2026-10-02 12:55
GEO,GSE296399,Paired single-cell and spatial profiling of TB granuloma [scRNA-Seq],Other,scRNA-seq,,Tuberculosis,not_spatial,not_spatial,0,0,0,0,0,0.0,,,"This GEO series holds only the scRNA-seq arm (4 samples, mtx files). The Visium data is presumably in a companion GEO series, which I did not check.",[],curator,2026-10-02 12:54
GEO,GSE296731,Spatio-molecular gene expression reflects dACC structure and function [snRNA-seq],Unknown,,dorsal anterior cingulate cortex,,not_spatial,not_spatial,0,0,0,0,0,0.0,,PMID 42241279,This GEO series holds only the snRNA-seq (Chromium) data from 10 donors. The Visium data is probably in a separate companion GSE series.,[],curator,2026-10-02 12:50
GEO,GSE297054,Colorectal cancer heterogeneity co-evolves with tumor architecture to determine disease outcome,Unknown,,,,not_spatial,not_spatial,0,0,0,0,0,0.0,,,The 5 GEO samples (Line 1-5) are patient-derived organoid lines. They look like BD Rhapsody single-cell data with no coordinates. No spatial matrices are deposited.,[],curator,2026-10-02 13:24
GEO,GSE298419,Characterization of cholangiocarcinoma cell line-derived xenograft (CDX) tumors,Unknown,,bile duct,cholangiocarcinoma,not_spatial,not_spatial,0,0,0,0,0,0.0,,,"The 15 samples are bulk RNA-seq of CDX tumors, with one series-level gene_counts table. The spatial transcriptomics mentioned in the summary was done on patient tissue and is not deposited in this series.",[],curator,2026-10-02 13:48
GEO,GSE298420,"CLDN1 mAbs in cholangiocarcinoma, HuCC-A1 CDX bulk RNA-Seq",Unknown,,,,not_spatial,not_spatial,0,0,0,0,0,0.0,,,"Bulk RNA-seq of CDX tumors (human cell line in mice); a gene counts table only, with no spatial data. Spatial transcriptomics is mentioned only in the summary and is not part of this series.",[],curator,2026-10-02 13:48
GEO,GSE298714,Vascular invasion-associated gene expression in pre-surgical biopsies of stage I LUAD [bulkRNAseq_biopsies],Unknown,,lung,lung adenocarcinoma,not_spatial,not_spatial,0,0,0,0,0,0.0,,,This GEO subseries contains only bulk RNA-seq of biopsies and resections. The spatial transcriptomics from the parent study is presumably in a separate GEO series.,[],curator,2026-10-02 14:19
GEO,GSE299050,Immune Dynamics in Palmoplantar Pustulosis (scRNA-seq part),Unknown,,,,not_spatial,not_spatial,0,0,0,0,0,0.0,,,"This series holds only the scRNA-seq samples (5 samples, 10x h5). The spatial data is presumably in a companion GEO series.",[],curator,2026-10-02 14:07
GEO,GSE299589,Clonal dynamics reveal cancer resistance arises from adaptive programs [RNA-Seq],Unknown,,,,not_spatial,not_spatial,0,0,0,0,0,0.0,,,This series holds only bulk RNA-seq (STAR ReadsPerGene) from melanoma xenograft and in-vitro samples. The spatial transcriptomics mentioned in the summary is not in this series; it is probably in a sibling GEO series.,[],curator,2026-10-02 14:14
GEO,GSE299590,Clonal dynamics reveal cancer resistance arises from adaptive programs [CROP-Seq],Unknown,,,melanoma,not_spatial,not_spatial,0,0,0,0,0,0.0,,,The series contains only in-vitro CROP-seq scRNA-seq samples (2 GSMs). The spatial transcriptomics mentioned in the summary is not deposited in this series.,[],curator,2026-10-02 13:44
GEO,GSE299711,Clonal dynamics reveal cancer resistance arises from adaptive programs [scRNA-Seq],Unknown,,,,not_spatial,not_spatial,0,0,0,0,0,0.0,https://www.ncbi.nlm.nih.gov/geo/query/acc.cgi?acc=GSE299711,,"This series has scRNA-seq samples only (8 GSMs, melanoma in vitro and xenograft). The spatial transcriptomics mentioned in the summary is probably in a companion GEO series and is not part of this one.",[],curator,2026-10-02 14:09
GEO,GSE300446,Spatial tumour-immune ecosystems ... anti-PD1 in primary cutaneous melanoma [snRNAseq],Other,snRNA-seq (10x),skin,melanoma,not_spatial,not_spatial,0,0,0,0,0,0.0,,,"This series holds only the snRNA-seq part (2 samples, 10x h5 matrices). It has no spatial coordinates. The Visium data are probably in a sibling GSE series.",[],curator,2026-10-02 12:30
GEO,GSE303544,Cytokine-linked remodeling of the immune microenvironment is a hallmark of transformation in follicular lymphoma [scRNA-seq],Unknown,,,,not_spatial,not_spatial,0,0,0,0,0,0.0,,,This series holds only the scRNA-seq part (10x pools). The spatial data from the paper is presumably in a separate GEO series.,[],curator,2026-10-02 13:34
GEO,GSE303548,Cytokine-linked remodeling of the immune microenvironment in follicular lymphoma transformation [bulkRNA-seq],Unknown,,,,not_spatial,not_spatial,0,0,0,0,0,0.0,,,"This series is only bulk RNA-seq, with one gene expression matrix CSV. The spatial transcriptomics part of the study is not in this series. It may be in a separate GEO series.",[],curator,2026-10-02 13:35
GEO,GSE303707,Schwann cell activation in pancreatic cancer neural invasion (siRNA knockdown bulk RNA-seq),Unknown,,,,not_spatial,not_spatial,0,0,0,0,0,0.0,,,Series contains only bulk RNA-seq of N008 Schwann cells after siRNA knockdown; no spatial data deposited.,[],curator,2026-10-02 13:36
GEO,GSE305348,LCM-FFPEseq: laser capture microdissection Smart-seq3xpress from FFPE,Other,LCM + Smart-seq3xpress,testis (K562 cell line controls),,not_spatial,not_spatial,0,0,0,0,0,0.0,https://www.ncbi.nlm.nih.gov/geo/query/acc.cgi?acc=GSE305348,,"LCM-isolated cells/tubules, count matrices only (RDS), no spatial coordinates. K562 is a cell line.",[],curator,2026-10-02 13:30
GEO,GSE305558,Single-cell profiling reveals RAB13+ endothelial cells and profibrotic mesenchymal cells in aged human bone marrow,Unknown,,bone marrow,,not_spatial,not_spatial,0,0,0,0,0,0.0,,,The 12 GEO samples are scRNA-seq (10x filtered_feature_bc_matrix.h5). The spatial transcriptomics mentioned in the abstract is not deposited in this series.,[],curator,2026-10-02 13:58
GEO,GSE308007,Spatial and single cell transcriptomics in the human Entorhinal Cortex across diverse risk of Alzheimer's disease,Other,snRNA-seq (10x),Entorhinal cortex,,not_spatial,not_spatial,0,0,0,0,0,0.0,,PMID 41332786,"The 31 GSMs hold only 10x-style mtx/barcodes/features files, with thousands of barcodes each. This looks like snRNA-seq. The series has no Visium spatial matrices or coordinates. The spatial part of the study is probably in a companion GEO series that I did not check.",[],curator,2026-10-02 12:49
GEO,GSE309152,Divergent cytotoxic and immunomodulatory immune programs distinguish morbilliform drug eruption from SDRIFE,Unknown,,skin,morbilliform drug eruption; SDRIFE,not_spatial,not_spatial,0,0,0,0,0,0.0,,,"The GEO files are scRNA-seq only: 10x filtered and raw h5 matrices per sample, plus a Seurat rds. The summary mentions exploratory spatial transcriptomics, but no spatial matrix or coordinate files are deposited.",[],curator,2026-10-02 13:30
GEO,GSE309267,Neuroblastoma lymph node metastasis [bulk RNA-seq],Unknown,,,,not_spatial,not_spatial,0,0,0,0,0,0.0,,,This series holds only bulk RNA-seq (FPKM table). The spatial data from the same study is presumably in a separate GEO series.,[],curator,2026-10-02 14:12
GEO,GSE309268,Neuroblastoma lymph node metastasis single-cell multiomics,Unknown,,,,not_spatial,not_spatial,0,0,0,0,0,0.0,,,"The series contains only 10x Multiome (GEX and ATAC) samples. The abstract mentions spatial transcriptomics, but no spatial samples are listed in this series.",[],curator,2026-10-02 14:12
GEO,GSE311511,Spatial and single-nucleus multi-omics profiling reveals heterogeneous endothelial cell overabundance in endocardial fibroelastosis,MERFISH,10x Multiome (snRNA/snATAC); MERFISH mentioned but not deposited,Heart (endocardium),Endocardial fibroelastosis / HLHS,not_spatial,not_spatial,0,0,0,0,0,0.0,,,The 14 GSMs are all Multiome snRNA/snATAC samples. No MERFISH matrix or coordinates are on GEO.,[],curator,2026-10-02 13:30
GEO,GSE311585,UC response trajectories and vedolizumab nonresponse [CITE-seq],Other,CITE-seq,,,not_spatial,not_spatial,0,0,0,0,0,0.0,,,"The samples are CITE-seq (GEX, ADT, TCR and BCR libraries). They have no spatial coordinates. The spatial data mentioned in the summary is probably in a different GEO series.",[],curator,2026-10-02 13:29
GEO,GSE311690,DeMixNB deconvolution of low-count RNA sequencing data,Unknown,,,,not_spatial,not_spatial,0,0,0,0,0,0.0,,,The GEO samples are microRNA-seq mixtures of fibroblasts and Dicer WT/KO cells. There are no spatial samples or coordinates. The spatial data mentioned in the summary is not deposited here.,[],curator,2026-10-02 13:37
GEO,GSE312708,Assessment of the effect of CLDN1 knockout in cholangiocarcinoma cells in vitro,Unknown,,,,not_spatial,not_spatial,0,0,0,0,0,0.0,,,Bulk RNA-seq of HuCC-A1 cell line (control vs CLDN1-KO). The spatial data mentioned in the summary is not in this series.,[],curator,2026-10-02 13:47
GEO,GSE312711,Assessment of the effect of CLDN1 knockout in cholangiocarcinoma cells in vivo,Unknown,,,,not_spatial,not_spatial,0,0,0,0,0,0.0,,,12 CDX xenograft bulk RNA-seq samples with one gene-count table. The spatial transcriptomics mentioned in the summary is not part of this series.,[],curator,2026-10-02 13:47
GEO,GSE312713,Assessment of the effect of CLDN1 knockdown in cholangiocarcinoma patient-derived organoids,Unknown,,,,not_spatial,not_spatial,0,0,0,0,0,0.0,,,"Bulk RNA-seq of 6 organoid samples (control vs shCLDN1). The spatial transcriptomics mentioned in the summary belongs to the paper, not to this series.",[],curator,2026-10-02 13:46
GEO,GSE314595,Targeting Modulated Vascular Smooth Muscle Cells in Atherosclerosis via FAP-Directed Immunotherapy [Foam_Cell],Unknown,,,,not_spatial,not_spatial,0,0,0,0,0,0.0,,,This subseries holds 10x single-cell data from THP-1-derived foam cells (cell line). It is not spatial.,[],curator,2026-10-02 14:16
GEO,GSE314596,FAP-Directed Immunotherapy in Atherosclerosis [Human_CITEseq],Unknown,,,,not_spatial,not_spatial,0,0,0,0,0,0.0,,,This series holds only the human CITE-seq data (GEX and ADT). It has no spatial data. The spatial transcriptomics from the paper are probably in a separate sibling GEO series.,[],curator,2026-10-02 14:19
GEO,GSE314600,Targeting Modulated Vascular Smooth Muscle Cells in Atherosclerosis via FAP-Directed Immunotherapy [SMC_Foam_Cell],Unknown,,,,not_spatial,not_spatial,0,0,0,0,0,0.0,,,"The only sample is GSM9405367, an in vitro SMC foam cell media culture (baseline_foam.rds). It is likely single-cell data with no spatial coordinates. The spatial data from the paper is probably in other GEO series.",[],curator,2026-10-02 14:15
GEO,GSE316154,Analysis of LARP6 impact on RNA localisation to cell protrusions of Glioblastoma cells,Unknown,,U-87 MG cell line,Glioblastoma,not_spatial,not_spatial,0,0,0,0,0,0.0,,,"Bulk QuantSeq 3' RNA-seq of protrusion vs cell-body fractions from U-87 MG cells. There are no spatial coordinates. The only file is a series-level processed table, GSE316154_Processed_Data.txt.gz.",[],curator,2026-10-02 14:21
GEO,GSE316290,EFE multi-omics [bulk RNA-seq subseries],Unknown,,,,not_spatial,not_spatial,0,0,0,0,0,0.0,,,"This subseries holds only bulk RNA-seq count tables (CTRL, SEMA3C, VEGFA, FGF1; 2 replicates each). The MERFISH data are presumably in a different GEO subseries.",[],curator,2026-10-02 13:29
GEO,GSE316796,"Spatial analysis of IPMNs defines a paradoxical KRT17-positive, low-grade epithelial population harboring malignant features",GeoMx,scRNA-seq (10x); GeoMx likely in a companion series,Pancreas,IPMN,not_spatial,not_spatial,0,0,0,0,0,0.0,,PMID 41638478,"The two GSMs are 10x scRNA-seq filtered and raw h5 files, so they are not spatial. The series-level CorrectedCounts and RawCounts CSVs may be GeoMx AOI matrices. I did not confirm this, and there are no coordinates. The GeoMx data may sit in a companion series. Check this before using the CSVs.","[""https://ftp.ncbi.nlm.nih.gov/geo/series/GSE316nnn/GSE316796/suppl/GSE316796_CorrectedCountsMatrix.csv.gz""]",curator,2026-10-02 14:14
GEO,GSE316970,CYD-4-61 gastric tumor SOX9-CDK4,Unknown,,,,not_spatial,not_spatial,0,0,0,0,0,0.0,,,"The 18 GSMs are bulk RNA-seq of AGS and GA0518 cell lines. The series has only bulk gene count and TPM matrices. It has no spatial data, even though the summary mentions spatial transcriptomics.",[],curator,2026-10-02 13:55
GEO,GSE317443,Multi-Omics SMR and Experimental supportive analyses Decipher Causal Drivers Hepatocellular Carcinoma,Unknown,,,,not_spatial,not_spatial,0,0,0,0,0,0.0,,,Bulk gene count matrix xlsx for 20 samples (P/H groups); no spatial coordinates.,[],curator,2026-10-02 14:17
GEO,GSE317680,Single Cell and Spatial Transcriptomics Identify Novel Immune-Stromal Interactions in Cardiac Allograft Vasculopathy,Unknown,,coronary artery,Cardiac allograft vasculopathy,not_spatial,not_spatial,0,0,0,0,0,0.0,,,"The 13 GSMs have scRNA-seq counts mtx and metadata only, with no coordinates. The spatial data is not deposited per sample. The 7.9GB series RDS (GSE317680_scobjectpub.rds) is probably the scRNA object and was not checked for spatial content.","[""https://ftp.ncbi.nlm.nih.gov/geo/series/GSE317nnn/GSE317680/suppl/GSE317680_scobjectpub.rds""]",curator,2026-10-02 14:08
GEO,GSE317789,Single-cell and spatial profiling reveal cDC2A-CXCL13+ CD8+ T-epithelial cell crosstalk in lichen planus,Unknown,,skin / oral mucosa,lichen planus,not_spatial,not_spatial,0,0,0,0,0,0.0,https://www.ncbi.nlm.nih.gov/geo/query/acc.cgi?acc=GSE317789,,"The 42 GSMs only have 10x filtered mtx/barcodes/features files, which look like scRNA-seq. There are no spatial coordinates or spatial files. The spatial part of the paper does not appear to be deposited in this series.",[],curator,2026-10-02 14:17
GEO,GSE318080,Vascular STING activation facilitates NK cell anti-tumor immunity in SCLC [ChIP-seq RNA-seq],Unknown,,,,not_spatial,not_spatial,0,0,0,0,0,0.0,,,The series holds H69 cell-line H3K27ac ChIP-seq (bigWig) and bulk RNA-seq. It has no spatial data. The spatial transcriptomics mentioned in the paper is not deposited here.,[],curator,2026-10-02 14:14
GEO,GSE318408,Vascular STING activation facilitates NK cell anti-tumor immunity in small cell lung cancer [scRNA-seq],Unknown,,,,not_spatial,not_spatial,0,0,0,0,0,0.0,https://www.ncbi.nlm.nih.gov/geo/query/acc.cgi?acc=GSE318408,,"DynaMITE-seq scRNA-seq of microphysiological in vitro systems (4 samples, 10x mtx). No spatial coordinates. Spatial data from patient tissue is presumably in a separate series.",[],curator,2026-10-02 14:13
GEO,GSE318564,Mapping the spatial architecture of glioblastoma from core to edge [scRNA-seq],Other,scRNA-seq (10x),brain,glioblastoma,not_spatial,not_spatial,0,0,0,0,0,0.0,,,"This series contains only the scRNA-seq filtered_feature_bc_matrix files, with no spatial coordinates. The spatial (Visium) data is probably in a companion GEO series.",[],curator,2026-10-02 12:31
GEO,GSE318917,Epigenetic Subtypes of High-Grade T1 Bladder Cancer [scATAC-Seq],Unknown,,,,not_spatial,not_spatial,0,0,0,0,0,0.0,,,This series holds only scATAC-seq peak matrices. The spatial transcriptomics mentioned in the summary is not part of this series.,[],curator,2026-10-02 13:45
GEO,GSE319969,cSCC progression: HTG EdgeSeq bulk RNA-seq (RNA-Seq series),Unknown,,skin,cutaneous squamous cell carcinoma,not_spatial,not_spatial,0,0,0,0,0,0.0,,,"This series holds only HTG EdgeSeq bulk data (one series-level xlsx, no per-sample files). The GeoMx spatial data are probably in a companion GEO series.",[],curator,2026-10-02 12:35
GEO,GSE320081,Molecular and cellular consequences of tumor-autonomous IL-6 signaling in intrahepatic cholangiocarcinoma,Visium HD,Bulk RNA-seq (Visium HD mentioned but not deposited),,Intrahepatic cholangiocarcinoma,not_spatial,not_spatial,0,0,0,0,0,0.0,,,"The 36 GEO samples are bulk RNA-seq of iCCA cell models, with count tables only. The summary mentions Visium HD on 14 tumors, but no Visium HD data is deposited in this series.",[],curator,2026-10-02 12:08
GEO,GSE322468,A Single-Cell and Spatial 3D-Epigenomic Atlas of Developing Human Basal Ganglia and Inhibitory Neurons,Unknown,,,,not_spatial,not_spatial,0,0,0,0,0,0.0,https://www.ncbi.nlm.nih.gov/geo/query/acc.cgi?acc=GSE322468,,"The GEO samples hold only snm3C-seq methylation h5ad files, which are not spatial. No spatial transcriptomics (multiplexed imaging) matrices or coordinates are deposited in this series.",[],curator,2026-10-02 14:09
GEO,GSE322943,Breast cancer brain metastases immune landscapes [RNA-Seq],Unknown,,,,not_spatial,not_spatial,0,0,0,0,0,0.0,https://www.ncbi.nlm.nih.gov/geo/query/acc.cgi?acc=GSE322943,PMID 42049023,"The series holds a bulk RNA-seq counts xlsx for 100 samples. It has no spatial data. The paper mentions spatial transcriptomics, but that data is not in this series.",[],curator,2026-10-02 14:14
GEO,GSE324171,Spatially-Resolved Multiomic Atlas of Leiomyosarcoma [CUT&RUN],Unknown,,Leiomyosarcoma cell lines,Leiomyosarcoma,not_spatial,not_spatial,0,0,0,0,0,0.0,,PMID 42244620,This GEO subseries is CUT&RUN (bigWig tracks) on LMS cell lines. It has no spatial matrix or coordinates. The spatial transcriptomics data are probably in a separate sibling series of the same SuperSeries.,[],curator,2026-10-02 13:43
GEO,GSE324453,Breast cancer brain metastases snRNA-Seq,Other,snRNA-seq,brain (breast cancer brain metastasis),breast cancer brain metastasis,not_spatial,not_spatial,0,0,0,0,0,0.0,,PMID 42049023,"This GEO series holds only snRNA-seq (28 samples, one Seurat RDS). The spatial transcriptomics from the paper are presumably in a separate GEO series.",[],curator,2026-10-02 14:08
GEO,GSE324977,Pathogenesis of Diffuse Large B-cell Lymphoma Proteogenotypes,Unknown,,,,not_spatial,not_spatial,0,0,0,0,0,0.0,,,The 53 GSMs are bulk RNA-seq of DLBCL cell lines. The only series file is a raw counts table. No spatial data are deposited here.,[],curator,2026-10-02 14:05
GEO,GSE325772,CAR T therapy against the MiTF-driven protein GPNMB [Multiome-Seq],Unknown,,,,not_spatial,not_spatial,0,0,0,0,0,0.0,,,Only single-cell GEX and VDJ from CAR T products and patient blood samples. The spatial data mentioned in the abstract is not in this series.,[],curator,2026-10-02 14:01
GEO,GSE326150,Single-cell profiles of hepatoblastoma after chemotherapy,Unknown,,Liver,Hepatoblastoma,not_spatial,not_spatial,0,0,0,0,0,0.0,,,The only GSM is a merged scRNA-seq matrix with metadata. It has no spatial coordinates. Spatial data is mentioned in the summary but is not deposited here.,[],curator,2026-10-02 14:01
GEO,GSE327442,Cellular Signatures of Melanocortin Pathway Genes Across the Locus Coeruleus [snRNA-seq],Other,snRNA-seq,locus coeruleus,,not_spatial,not_spatial,0,0,0,0,0,0.0,,,"This series has only the 4 snRNA-seq samples. The summary mentions Visium, but the Visium data is presumably in a separate GEO series.",[],curator,2026-10-02 12:36
GEO,GSE327488,Schwann cells and CD4+T cells in CRC perineural invasion [RNA-seq],Unknown,,,,not_spatial,not_spatial,0,0,0,0,0,0.0,,,This GEO series holds only bulk RNA-seq of co-cultured Schwann cells and T cells (FPKM table). The spatial transcriptomics mentioned in the abstract is not deposited here.,[],curator,2026-10-02 13:59
GEO,GSE327650,Schwann cells and CD4+T cells in CRC perineural invasion [ATAC-seq],Unknown,,,,not_spatial,not_spatial,0,0,0,0,0,0.0,,,This series holds only ATAC-seq data from HSPA6 overexpression and control cell cultures. The spatial transcriptomics mentioned in the abstract is not part of this series.,[],curator,2026-10-02 13:40
GEO,GSE327665,Ustekinumab Resistance in UC and mucosal Tregs,Unknown,,sigmoid colon,ulcerative colitis,not_spatial,not_spatial,0,0,0,0,0,0.0,https://www.ncbi.nlm.nih.gov/geo/query/acc.cgi?acc=GSE327665,,"The GEO files are scRNA-seq 10x mtx matrices with no spatial coordinates. The abstract mentions spatial transcriptomics, but no spatial files are deposited.",[],curator,2026-10-02 13:57
GEO,GSE328048,Single-cell transcriptome reveals keratinocyte subclusters in atopic dermatitis,Unknown,,Skin,Atopic dermatitis,not_spatial,not_spatial,0,0,0,0,0,0.0,https://www.ncbi.nlm.nih.gov/geo/query/acc.cgi?acc=GSE328048,PMID 42449103,"The GEO files are scRNA-seq 10x mtx for 116 samples. The Xenium validation is mentioned in the paper, but no Xenium data are deposited in this series.",[],curator,2026-10-02 13:57
GEO,GSE328215,NSD2 Degradation Remediates the Oncogenic Cistrome in t(4;14) Multiple Myeloma [ATAC-seq],Unknown,,,,not_spatial,not_spatial,0,0,0,0,0,0.0,,,This series holds bulk ATAC-seq data (bigWig and narrowPeak files) from KMS11 and KMS34 cell lines. It has no spatial matrix or coordinates. The spatial transcriptomics mentioned in the abstract is probably in a separate GEO series.,[],curator,2026-10-02 13:39
GEO,GSE328216,NSD2 Degradation Remediates the Oncogenic Cistrome in t(4;14) Multiple Myeloma [RNA-seq],Unknown,,,,not_spatial,not_spatial,0,0,0,0,0,0.0,,,This series is bulk RNA-seq of KMS-11 and KMS-34 cell lines. The spatial transcriptomics mentioned in the summary is not part of this series. It is probably in a separate GEO series.,[],curator,2026-10-02 13:39
GEO,GSE328275,scRNA-seq of CD45+ immune cells in TNBC primary tumor and lymph nodes,Other,scRNA-seq,,triple-negative breast cancer,not_spatial,not_spatial,0,0,0,0,0,0.0,,,GEO contains only scRNA-seq processed matrices. The Visium and Xenium data mentioned in the summary are not deposited in this series.,[],curator,2026-10-02 12:30
GEO,GSE328285,Inhibition of Salt-Inducible Kinases 2 and 3 reduces inflammatory signature in Psoriasis,Unknown,,skin,Psoriasis,not_spatial,not_spatial,0,0,0,0,0,0.0,,,The GEO deposit holds only a bulk RNA-seq count matrix (10 samples). The spatial transcriptomics and scRNA-seq mentioned in the summary are not deposited here.,[],curator,2026-10-02 13:44
GEO,GSE329449,Tumor cells with cholangiocytic phenotype form oncogenic niches with fibroblasts in HCC,Unknown,,,,not_spatial,not_spatial,0,0,0,0,0,0.0,,,"GEO samples are HepG2 cell line bulk RNA-seq; spatial data were reanalysed from other public sets, not deposited here.",[],curator,2026-10-02 13:54
GEO,GSE331276,KCNQ3 pan-cancer / cholangiocarcinoma RBE cell RNA-seq,Unknown,,,,not_spatial,not_spatial,0,0,0,0,0,0.0,,,Bulk RNA-seq of RBE cell lines (NC vs sgKCNQ3); no spatial data deposited.,[],curator,2026-10-02 13:40
GEO,GSE331382,Inhibition of Salt-Inducible Kinases 2 and 3 reduces inflammatory signature in Psoriasis,Unknown,,skin,Psoriasis,not_spatial,not_spatial,0,0,0,0,0,0.0,,,The GEO series contains only bulk RNA-seq (kallisto gene counts) from biopsies. No spatial data files are deposited.,[],curator,2026-10-02 13:55
GEO,GSE332562,Comprehensive spatial profiling of the spleen in human myelofibrosis [snRNAseq],Other,snRNA-seq (10x Flex),spleen,myelofibrosis (MPN),not_spatial,not_spatial,0,0,0,0,0,0.0,,,"This series contains only single-nucleus RNA-seq data, with no coordinates. The spatial (Visium) data is presumably in a separate companion GEO series.",[],curator,2026-10-02 12:28
GEO,GSE333618,Colorectal cancer heterogeneity co-evolves with tumor architecture [scRNA-seq],Other,scRNA-seq (organoids),colorectal cancer organoids,colorectal cancer,not_spatial,not_spatial,0,0,0,0,0,0.0,https://www.ncbi.nlm.nih.gov/geo/query/acc.cgi?acc=GSE333618,,The 8 samples are patient-derived organoid scRNA-seq (BD Rhapsody-like mtx). The spatial transcriptomics from the paper is probably in a separate GEO series.,[],curator,2026-10-02 13:25
GEO,GSE334922,Peripheral blood bulk RNA-seq validation cohort for chronic antibody-mediated rejection,Unknown,,,,not_spatial,not_spatial,0,0,0,0,0,0.0,,,Bulk RNA-seq of peripheral blood (12 samples). The spatial transcriptomics mentioned in the summary is not in this series.,[],curator,2026-10-02 13:37
GEO,GSE334923,Single-cell RNA-seq atlas of peripheral blood and kidney graft immune cells in CAMR,Unknown,,kidney graft / peripheral blood,chronic antibody-mediated rejection,not_spatial,not_spatial,0,0,0,0,0,0.0,,,All 48 GSMs are scRNA-seq (blood P and graft T) tar.gz bundles. The spatial transcriptomics mentioned in the summary is not deposited as samples in this series.,[],curator,2026-10-02 13:39
GEO,GSE335053,Fibroblast-derived Spondin-2 promotes dysplastic transition in metaplastic gastric epithelial cells,Unknown,,,,not_spatial,not_spatial,0,0,0,0,0,0.0,,,GEO samples are bulk RNA-seq of gastroids; the spatial data mentioned in the abstract is not deposited here.,[],curator,2026-10-02 13:37
GEO,GSE335452,Single-cell RNA-seq and spatial transcriptomics characterize CD8+ exhausted T cells in PDAC,Unknown,,pancreas,pancreatic ductal adenocarcinoma,not_spatial,not_spatial,0,0,0,0,0,0.0,https://www.ncbi.nlm.nih.gov/geo/query/acc.cgi?acc=GSE335452,PMID 42548877,"GEO has only 10x scRNA-seq mtx files for 15 samples (tumor, PBMC, and a third 'v' set). No spatial coordinates are deposited.",[],curator,2026-10-02 13:44
GEO,GSE335811,Macrophage-Induced Senescent CAFs Promote SASP-Mediated Chemoresistance in CRC,Unknown,,colon,colorectal cancer,not_spatial,not_spatial,0,0,0,0,0,0.0,https://www.ncbi.nlm.nih.gov/geo/query/acc.cgi?acc=GSE335811,,All 12 GSMs are scRNA-seq (10x mtx) of primary colon tumors. No spatial data deposited despite the summary mentioning spatial transcriptomics.,[],curator,2026-10-02 13:39
GEO,GSE336159,Clonal Hematopoiesis Drives Fibrotic Remodeling of the Bone Marrow Microenvironment [dataset 3],Unknown,,Bone marrow,,not_spatial,not_spatial,0,0,0,0,0,0.0,,,Only scRNA-seq and TCR samples in this series. The spatial data mentioned in the summary are not in this series.,[],curator,2026-10-02 13:32
GEO,GSE336518,Multinucleated giant cells in human pancreatic cancer (RNA-seq),Unknown,,,,not_spatial,not_spatial,0,0,0,0,0,0.0,,,Series contains only a bulk RNA-seq count table (17 samples) and a sample sheet. There are no spatial coordinates. The spatial transcriptomics mentioned in the paper is not in this series.,[],curator,2026-10-02 13:41
GEO,GSE337786,Integrated multi-omics reveals the cellular and molecular interactions governing the invasive niche in skin cancer II,Unknown,,skin (basal cell carcinoma),basal cell carcinoma,not_spatial,not_spatial,0,0,0,0,0,0.0,,,"Only 10x-style mtx/barcodes/features for 2 samples (BCC6, BCC7), no spatial coordinates; appears to be the scRNA-seq part of the study. The spatial data are probably in a companion series.",[],curator,2026-10-02 13:38
GEO,GSE338040,Longitudinal whole transcriptomic profiling of live cells through domain adaptation,Unknown,,,,not_spatial,not_spatial,0,0,0,0,0,0.0,,,"Bulk RNA-seq of MCF10A/HCT116 cell lines (gene count tables, no coordinates). Spatial data used by the PENNE model is from other public sources.",[],curator,2026-10-02 13:39
GEO,GSE339454,Bulk nCounter profiling in hypertensive nephropathy (NanoString),Unknown,,,,not_spatial,not_spatial,0,0,0,0,0,0.0,https://www.ncbi.nlm.nih.gov/geo/query/acc.cgi?acc=GSE339454,,The 26 samples are bulk nCounter RCC files from FFPE kidney biopsies. There are no spatial coordinates. The spatial part of the study is presumably in a different GEO series.,[],curator,2026-10-02 13:37
GEO,GSE339456,Bulk RNA-seq of hypertensive nephropathy (spatial part is in a separate series),Unknown,,,,not_spatial,not_spatial,0,0,0,0,0,0.0,,,This series holds a bulk RNA-seq count table for 35 FFPE biopsies. It has no spatial data and no per-sample files. The spatial data are probably in a companion GEO series.,[],curator,2026-10-02 13:37
GEO,GSE345646,Human adult RV snRNA-seq (pressure-loaded to failing RV),Other,snRNA-seq,right ventricle,,not_spatial,not_spatial,0,0,0,0,0,0.0,,,This series holds only the snRNA-seq part of a multimodal atlas. The Xenium data is probably in a separate GEO series.,[],curator,2026-10-02 13:28
GEO,GSE346149,IL-17A and retinoic acid gene programs in HS tunnels [RNA-seq],Unknown,,,,not_spatial,not_spatial,0,0,0,0,0,0.0,https://www.ncbi.nlm.nih.gov/geo/query/acc.cgi?acc=GSE346149,,Bulk RNA-seq of NHEK keratinocytes treated with isotretinoin or vehicle. The spatial transcriptomics for this paper is presumably in a separate series.,[],curator,2026-10-02 12:08
GEO,GSE348445,Adrenergic and Mesenchymal Cancer Cell States in Neuroblastoma [RNA-Seq],Unknown,,neuroblastoma tumor,neuroblastoma,not_spatial,not_spatial,0,0,0,0,0,0.0,,,"This series holds bulk RNA-seq RSEM gene counts, one file per tumor. It has no spatial coordinates. The spatial data are probably in a companion series.",[],curator,2026-10-02 13:27
10x Datasets,10xgenomics.com/datasets/adult-human-brain-1-cerebral-cortex-unknown-orientation-stains-anti-gfap-anti-nfh-1-standard-1-1-0,Visium Human Brain 1,Visium,Visium,brain (cerebral cortex),healthy,ready,ready,1,1,2,2,0,0.029,https://www.10xgenomics.com/datasets/adult-human-brain-1-cerebral-cortex-unknown-orientation-stains-anti-gfap-anti-nfh-1-standard-1-1-0,,"URLs inferred from standard 10x path and verified by HEAD. The page was blocked (429), so I did not read it. The hint mentions 2 samples. This page covers only Section 1; a Section 2 dataset probably exists separately.",[],curator,2026-10-02 12:23
10x Datasets,10xgenomics.com/datasets/adult-human-brain-2-cerebral-cortex-unknown-orientation-stains-anti-snap-25-anti-nfh-1-standard-1-1-0,Visium Human Brain 2 (Cerebral Cortex),Visium,Visium,brain (cerebral cortex),healthy,ready,ready,1,1,2,0,0,0.032,https://www.10xgenomics.com/datasets/adult-human-brain-2-cerebral-cortex-unknown-orientation-stains-anti-snap-25-anti-nfh-1-standard-1-1-0,,"Page describes a single section (4,970 spots); the hint said 2 samples, but only one was found on this page. Spatial tar.gz contains tissue_positions and scalefactors (and images). Raw sequence data is not available.","[""https://cf.10xgenomics.com/samples/spatial-exp/1.1.0/V1_Human_Brain_Section_2/V1_Human_Brain_Section_2_web_summary.html""]",curator,2026-10-02 12:54
10x Datasets,10xgenomics.com/datasets/ffpe-human-brain-cancer-data-with-human-immuno-oncology-profiling-panel-and-custom-add-on-1-standard,Xenium Human Brain 2,Xenium,Xenium,brain,glioblastoma,ready,ready,1,1,2,2,0,0.104,https://www.10xgenomics.com/datasets/ffpe-human-brain-cancer-data-with-human-immuno-oncology-profiling-panel-and-custom-add-on-1-standard,,,"[""https://s3-us-west-2.amazonaws.com/10x.files/samples/xenium/2.0.0/Xenium_V1_Human_Brain_GBM_FFPE/Xenium_V1_Human_Brain_GBM_FFPE_outs.zip""]",curator,2026-10-02 12:23
10x Datasets,10xgenomics.com/datasets/ffpe-human-breast-using-the-entire-sample-area-1-standard,FFPE Human Breast using the Entire Sample Area,Xenium,Xenium,breast,invasive ductal carcinoma,ready,ready,2,2,4,4,0,0.129,https://www.10xgenomics.com/datasets/ffpe-human-breast-using-the-entire-sample-area-1-standard,,,[],curator,2026-10-02 12:23
10x Datasets,10xgenomics.com/datasets/ffpe-human-breast-with-custom-add-on-panel-1-standard,FFPE Human Breast with Custom Add-on Panel,Xenium,Xenium,breast,breast cancer (IDC and ILC),ready,ready,2,2,4,4,0,0.1,https://www.10xgenomics.com/datasets/ffpe-human-breast-with-custom-add-on-panel-1-standard,,Files are members of outs.zip (extracted via zipmember URLs). Per-file unpacked copies were not checked.,[],curator,2026-10-02 12:23
10x Datasets,10xgenomics.com/datasets/ffpe-human-breast-with-pre-designed-panel-1-standard,FFPE Human Breast with Pre-designed Panel,Xenium,Xenium,breast,"breast cancer (IDC, ILC)",ready,ready,2,2,4,4,0,0.089,https://www.10xgenomics.com/datasets/ffpe-human-breast-with-pre-designed-panel-1-standard,,,[],curator,2026-10-02 12:23
10x Datasets,10xgenomics.com/datasets/ffpe-human-colorectal-cancer-data-with-human-immuno-oncology-profiling-panel-and-custom-add-on-1-standard,FFPE Human Colorectal Cancer Data with Human Immuno-Oncology Profiling Panel and Custom Add-on,Xenium,Xenium,colon,colorectal cancer,ready,ready,1,1,3,3,0,0.05,https://www.10xgenomics.com/datasets/ffpe-human-colorectal-cancer-data-with-human-immuno-oncology-profiling-panel-and-custom-add-on-1-standard,,,[],curator,2026-10-02 12:23
10x Datasets,10xgenomics.com/datasets/ffpe-human-ductal-adenocarcinoma-data-with-human-immuno-oncology-profiling-panel-1-standard,FFPE Human Pancreatic Ductal Adenocarcinoma Data with Human Immuno-Oncology Profiling Panel,Xenium,Xenium,pancreas,pancreatic ductal adenocarcinoma,ready,ready,1,1,2,2,0,0.022,https://www.10xgenomics.com/datasets/ffpe-human-ductal-adenocarcinoma-data-with-human-immuno-oncology-profiling-panel-1-standard,,,[],curator,2026-10-02 12:23
10x Datasets,10xgenomics.com/datasets/ffpe-human-lung-cancer-data-with-human-immuno-oncology-profiling-panel-and-custom-add-on-1-standard,FFPE Human Lung Cancer Data with Human Immuno-Oncology Profiling Panel and Custom Add-on,Xenium,Xenium,lung,lung cancer,ready,ready,1,1,2,2,0,0.024,https://www.10xgenomics.com/datasets/ffpe-human-lung-cancer-data-with-human-immuno-oncology-profiling-panel-and-custom-add-on-1-standard,,,[],curator,2026-10-02 12:23
10x Datasets,10xgenomics.com/datasets/ffpe-human-ovarian-cancer-data-with-human-immuno-oncology-profiling-panel-and-custom-add-on-1-standard,FFPE Human Ovarian Cancer Data with Human Immuno-Oncology Profiling Panel and Custom Add-on,Xenium,Xenium,ovary,ovarian cancer,ready,ready,1,1,2,2,0,0.026,https://www.10xgenomics.com/datasets/ffpe-human-ovarian-cancer-data-with-human-immuno-oncology-profiling-panel-and-custom-add-on-1-standard,,,"[""https://cf.10xgenomics.com/samples/xenium/2.0.0/Xenium_V1_Human_Ovarian_Cancer_Addon_FFPE/Xenium_V1_Human_Ovarian_Cancer_Addon_FFPE_outs.zip""]",curator,2026-10-02 12:24
10x Datasets,10xgenomics.com/datasets/ffpe-human-pancreas-with-xenium-multimodal-cell-segmentation-1-standard,FFPE Human Pancreas with Xenium Multimodal Cell Segmentation,Xenium,Xenium,pancreas,,ready,ready,1,1,3,3,0,0.014,https://www.10xgenomics.com/datasets/ffpe-human-pancreas-with-xenium-multimodal-cell-segmentation-1-standard,,,"[""https://cf.10xgenomics.com/samples/xenium/2.0.0/Xenium_V1_human_Pancreas_FFPE/Xenium_V1_human_Pancreas_FFPE_outs.zip""]",curator,2026-10-02 12:24
10x Datasets,10xgenomics.com/datasets/fresh-frozen-visium-on-cytassist-human-breast-cancer-probe-based-whole-transcriptome-profiling-2-standard,Visium Human Breast 9,Visium,Visium CytAssist,breast,breast cancer,ready,ready,1,1,2,0,0,0.04,https://www.10xgenomics.com/datasets/fresh-frozen-visium-on-cytassist-human-breast-cancer-probe-based-whole-transcriptome-profiling-2-standard,,"Page describes a single sample (Space Ranger 2.0.1, 1,657 spots); hint said 2 samples but only one found. Coordinates (tissue_positions, scalefactors) are inside spatial.tar.gz.",[],curator,2026-10-02 12:54
10x Datasets,10xgenomics.com/datasets/gene-and-protein-expression-library-of-human-breast-cancer-cytassist-ffpe-2-standard,Visium Human Breast Cancer CytAssist FFPE gene and protein expression,Visium,Visium CytAssist,breast,breast cancer,ready,ready,1,1,2,2,0,0.061,https://www.10xgenomics.com/datasets/gene-and-protein-expression-library-of-human-breast-cancer-cytassist-ffpe-2-standard,,"The 10x page was blocked (Vercel checkpoint). The URLs below were guessed from the standard 10x naming pattern and confirmed with HEAD. They may belong to the sibling dataset, not exactly this '-2' page. The hint says 2 samples; only 1 was verified. Please re-check.",[],curator,2026-10-02 12:24
10x Datasets,10xgenomics.com/datasets/gene-and-protein-expression-library-of-human-glioblastoma-cytassist-ffpe-2-standard,"Visium CytAssist Gene and Protein Expression Library of Human Glioblastoma, IF, 11mm (FFPE)",Visium,Visium CytAssist,Brain,glioblastoma,ready,ready,1,1,2,0,0,0.078,https://www.10xgenomics.com/datasets/gene-and-protein-expression-library-of-human-glioblastoma-cytassist-ffpe-2-standard,,"Page describes one sample (hint said 2). Gene+protein expression; the spatial.tar.gz holds tissue_positions and scalefactors. Other sample, if any, was not found.",[],curator,2026-10-02 12:54
10x Datasets,10xgenomics.com/datasets/gene-protein-expression-library-of-human-tonsil-cytassist-ffpe-2-standard,Visium Human Tonsil 1,Visium,Visium,tonsil,,ready,ready,1,1,2,2,0,0.072,https://www.10xgenomics.com/datasets/gene-protein-expression-library-of-human-tonsil-cytassist-ffpe-2-standard,,Landing page blocked (Vercel); URLs guessed from 10x naming and verified by HEAD. Only one tonsil sample verified (CytAssist_FFPE_Protein_Expression_Human_Tonsil); the second sample's files (hint says 2) could not be located. Gene+protein expression; coords are in spatial.tar.gz (tissue_positions inside).,[],curator,2026-10-02 12:24
10x Datasets,10xgenomics.com/datasets/human-bone-and-bone-marrow-data-with-custom-add-on-panel-1-standard,Human Bone and Bone Marrow Data with Custom Add-on Panel,Xenium,Xenium,bone / bone marrow,,ready,ready,3,3,6,6,0,0.028,https://www.10xgenomics.com/datasets/human-bone-and-bone-marrow-data-with-custom-add-on-panel-1-standard,,,[],curator,2026-10-02 12:24
10x Datasets,10xgenomics.com/datasets/human-brain-cancer-11-mm-capture-area-ffpe-2-standard,"Visium Human Brain 5 (Human Brain Cancer, 11 mm Capture Area FFPE)",Visium,Visium CytAssist,Brain,Glioblastoma multiforme,ready,ready,1,1,2,0,0,0.094,https://www.10xgenomics.com/datasets/human-brain-cancer-11-mm-capture-area-ffpe-2-standard,,"Space Ranger 2.0.1. Spatial tar.gz contains tissue_positions and scalefactors (plus images). Hint mentioned 2 samples, but this page is a single capture area. Paired with a Flex dataset from same block.","[""https://cf.10xgenomics.com/samples/spatial-exp/2.0.1/CytAssist_11mm_FFPE_Human_Glioblastoma/CytAssist_11mm_FFPE_Human_Glioblastoma_web_summary.html""]",curator,2026-10-02 12:54
10x Datasets,10xgenomics.com/datasets/human-breast-cancer-block-a-section-1-1-standard-1-0-0,Visium Human Breast 1,Visium,Visium,Breast,Invasive Ductal Carcinoma,ready,ready,1,1,2,0,0,0.036,https://www.10xgenomics.com/datasets/human-breast-cancer-block-a-section-1-1-standard-1-0-0,,"Space Ranger 1.0.0, 3813 spots. Spatial tar.gz contains tissue_positions_list.csv and scalefactors. Section 2 is a separate 10x dataset page (hint mentions 2 samples) and is not covered here.",[],curator,2026-10-02 12:54
10x Datasets,10xgenomics.com/datasets/human-breast-cancer-block-a-section-1-1-standard-1-1-0,Visium Human Breast 3 (Block A Sections 1 and 2),Visium,Visium,breast,breast cancer,ready,ready,2,1,2,2,0,0.038,https://www.10xgenomics.com/datasets/human-breast-cancer-block-a-section-1-1-standard-1-1-0,,"URLs inferred from the 10x cf.10xgenomics.com naming pattern and checked with HEAD (200). The landing page was blocked, so section 2 is assumed from the hints. Spatial tar.gz holds tissue_positions and scalefactors, so it is recorded as coords (a tar archive).",[],curator,2026-10-02 12:24
10x Datasets,10xgenomics.com/datasets/human-breast-cancer-block-a-section-2-1-standard-1-0-0,Visium Human Breast 2,Visium,Visium,breast,breast cancer,ready,ready,1,1,2,2,0,0.038,https://www.10xgenomics.com/datasets/human-breast-cancer-block-a-section-2-1-standard-1-0-0,,Hint mentions 2 samples (likely Section 1 and 2); only Section 2 recorded for this page. URLs inferred from standard 10x path and verified by HEAD. Spatial tar.gz contains tissue_positions and scalefactors.,[],curator,2026-10-02 12:24
10x Datasets,10xgenomics.com/datasets/human-breast-cancer-block-a-section-2-1-standard-1-1-0,Visium Human Breast 4,Visium,Visium,breast,breast cancer,ready,ready,1,1,2,2,0,0.039,https://www.10xgenomics.com/datasets/human-breast-cancer-block-a-section-2-1-standard-1-1-0,,"URLs inferred from 10x naming pattern and verified by HEAD; the landing page was blocked. Spatial coords (tissue_positions, scalefactors) are inside spatial.tar.gz, which is listed as a coords bundle.",[],curator,2026-10-02 12:24
10x Datasets,10xgenomics.com/datasets/human-breast-cancer-ductal-carcinoma-in-situ-invasive-carcinoma-ffpe-1-standard-1-3-0,Visium Human Breast 7,Visium,Visium,Breast,Ductal carcinoma in situ / invasive carcinoma,ready,ready,1,1,2,2,0,0.022,https://www.10xgenomics.com/datasets/human-breast-cancer-ductal-carcinoma-in-situ-invasive-carcinoma-ffpe-1-standard-1-3-0,,Dataset page blocked (Vercel); URLs inferred from standard 10x naming and verified by HEAD. Hint mentioned 2 samples but only one was found.,[],curator,2026-10-02 12:24
10x Datasets,10xgenomics.com/datasets/human-breast-cancer-visium-fresh-frozen-whole-transcriptome-1-standard,"Human Breast Cancer: Visium Fresh Frozen, Whole Transcriptome",Visium,Visium,Breast,Invasive ductal carcinoma,ready,ready,1,1,2,0,0,0.029,https://www.10xgenomics.com/datasets/human-breast-cancer-visium-fresh-frozen-whole-transcriptome-1-standard,,One sample on this page (hint said 2). Spaceranger 1.3.0. Spatial tar.gz contains tissue_positions and scalefactors. Raw reads unavailable.,[],curator,2026-10-02 12:54
10x Datasets,10xgenomics.com/datasets/human-breast-cancer-whole-transcriptome-analysis-1-standard-1-2-0,Visium Human Breast 5,Visium,Visium,breast,breast cancer,ready,ready,1,1,2,2,0,0.033,https://www.10xgenomics.com/datasets/human-breast-cancer-whole-transcriptome-analysis-1-standard-1-2-0,,"Landing page blocked (429); URLs inferred from the 10x Parent_Visium_Human_BreastCancer (Space Ranger 1.2.0) pattern and verified by HEAD. Only one sample found, though the hint says 2. Coords (tissue_positions, scalefactors) are inside spatial.tar.gz.",[],curator,2026-10-02 12:24
10x Datasets,10xgenomics.com/datasets/human-cerebellum-targeted-neuroscience-panel-1-standard,"Visium Human Cerebellum: Targeted, Neuroscience Panel",Visium,Visium,Cerebellum,healthy,ready,ready,1,1,2,0,0,0.011,https://www.10xgenomics.com/datasets/human-cerebellum-targeted-neuroscience-panel-1-standard,,"Targeted Visium (Human Neuroscience Panel), Space Ranger 2.0.0, 4,992 spots. Hint mentions 2 samples but this page has one; the other is likely a separate page. Coordinates are in spatial.tar.gz (tissue_positions + scalefactors).",[],curator,2026-10-02 12:54
10x Datasets,10xgenomics.com/datasets/human-cerebellum-whole-transcriptome-analysis-1-standard-1-2-0,Visium Human Brain 3 (Human Cerebellum),Visium,Visium,cerebellum,,ready,ready,1,1,2,2,0,0.031,https://www.10xgenomics.com/datasets/human-cerebellum-whole-transcriptome-analysis-1-standard-1-2-0,,"Landing page blocked; file URLs guessed from 10x pattern and verified by HEAD. Hint says 2 samples but only one was found/verified. The spatial.tar.gz holds tissue_positions and scalefactors, so coords are inside an archive.",[],curator,2026-10-02 12:24
10x Datasets,10xgenomics.com/datasets/human-cervical-cancer-1-standard,Visium Human Cervix 1 (Human Cervical Cancer FFPE),Visium,Visium,Cervix,cervical cancer (squamous cell carcinoma),ready,ready,1,1,2,0,0,0.035,https://www.10xgenomics.com/datasets/human-cervical-cancer-1-standard,,"Hint mentioned 2 cervix samples; this page covers only one (Space Ranger 1.3.0, FFPE). Coords are inside spatial.tar.gz (tissue_positions + scalefactors).",[],curator,2026-10-02 12:54
10x Datasets,10xgenomics.com/datasets/human-colon-preview-data-xenium-human-colon-gene-expression-panel-1-standard,Human Colon Preview Data (Xenium Human Colon Gene Expression Panel),Xenium,Xenium,colon,colon cancer and non-diseased,ready,ready,4,4,8,8,0,0.184,https://www.10xgenomics.com/datasets/human-colon-preview-data-xenium-human-colon-gene-expression-panel-1-standard,,All matrix/coords URLs HEAD-verified. Outs zips also available per sample.,[],curator,2026-10-02 12:24
10x Datasets,10xgenomics.com/datasets/human-colorectal-cancer-11-mm-capture-area-ffpe-2-standard,Visium Human Colon 2,Visium,Visium CytAssist,Colon/colorectal,Colorectal adenocarcinoma,ready,ready,1,1,2,0,0,0.118,https://www.10xgenomics.com/datasets/human-colorectal-cancer-11-mm-capture-area-ffpe-2-standard,,"Space Ranger 2.0.1, FFPE, 9,080 spots. Hint mentioned 2 samples, but this page covers one capture area. Paired with a Flex dataset.",[],curator,2026-10-02 12:55
10x Datasets,10xgenomics.com/datasets/human-colorectal-cancer-whole-transcriptome-analysis-1-standard-1-2-0,Visium Human Colon 1,Visium,Visium,colon,colorectal cancer,ready,ready,1,1,2,2,0,0.024,https://www.10xgenomics.com/datasets/human-colorectal-cancer-whole-transcriptome-analysis-1-standard-1-2-0,,Page blocked; URLs inferred from standard 10x naming and verified via HEAD. Spatial tar contains tissue_positions and scalefactors. Hint mentioned 2 samples; only this one was found.,[],curator,2026-10-02 12:24
10x Datasets,10xgenomics.com/datasets/human-glioblastoma-whole-transcriptome-analysis-1-standard-1-2-0,"Visium Human Brain 4 (Human Glioblastoma, Space Ranger 1.2.0)",Visium,Visium,brain,glioblastoma,ready,ready,1,1,2,2,0,0.03,https://www.10xgenomics.com/datasets/human-glioblastoma-whole-transcriptome-analysis-1-standard-1-2-0,,"URLs guessed from 10x naming pattern and verified by HEAD (200). Landing page was blocked by a bot check, so the hint of 2 samples was not confirmed. I only found one sample. The spatial.tar.gz holds tissue_positions and scalefactors, plus images.",[],curator,2026-10-02 12:24
10x Datasets,10xgenomics.com/datasets/human-heart-1-standard-1-0-0,Visium Human Heart 1,Visium,Visium,heart,,ready,ready,1,1,2,2,0,0.021,https://www.10xgenomics.com/datasets/human-heart-1-standard-1-0-0,,Dataset page blocked; URLs inferred from standard 10x naming and verified by HEAD. Hint mentions 2 heart samples; only this one was found (the other may be a separate dataset).,[],curator,2026-10-02 12:24
10x Datasets,10xgenomics.com/datasets/human-heart-1-standard-1-1-0,Visium Human Heart 2,Visium,Visium,heart,,ready,ready,1,1,2,2,0,0.021,https://www.10xgenomics.com/datasets/human-heart-1-standard-1-1-0,,"Landing page blocked (Vercel); file URLs guessed from the 10x spatial-exp path and confirmed by HEAD. Hint says 2 samples, but only this one sample (V1_Human_Heart) was found. The other may be a separate 10x dataset.",[],curator,2026-10-02 12:24
10x Datasets,10xgenomics.com/datasets/human-heart-data-xenium-human-multi-tissue-and-cancer-panel-1-standard,Xenium Human Heart 1,Xenium,Xenium,heart,non-diseased,ready,ready,1,1,2,2,0,0.003,https://www.10xgenomics.com/datasets/human-heart-data-xenium-human-multi-tissue-and-cancer-panel-1-standard,,,"[""https://cf.10xgenomics.com/samples/xenium/1.9.0/Xenium_V1_hHeart_nondiseased_section_FFPE/Xenium_V1_hHeart_nondiseased_section_FFPE_outs.zip""]",curator,2026-10-02 12:24
10x Datasets,10xgenomics.com/datasets/human-intestine-cancer-1-standard,Visium Human Intestine Cancer (FFPE),Visium,Visium,Large intestine,colorectal cancer,ready,ready,1,1,2,0,0,0.032,https://www.10xgenomics.com/datasets/human-intestine-cancer-1-standard,,"Space Ranger 1.3.0, FFPE. Spatial tar contains tissue_positions and scalefactors. Hint mentioned 2 samples; this page covers only one (the second is likely a separate dataset page).",[],curator,2026-10-02 12:55
10x Datasets,10xgenomics.com/datasets/human-kidney-11-mm-capture-area-ffpe-2-standard,Visium Human Kidney 2,Visium,Visium CytAssist,kidney,healthy,ready,ready,1,1,2,0,0,0.074,https://www.10xgenomics.com/datasets/human-kidney-11-mm-capture-area-ffpe-2-standard,,"Space Ranger 2.0.1, FFPE, 5,936 spots. Coords (tissue_positions + scalefactors) are inside spatial.tar.gz (also has images). Hint mentions 2 samples; this page is one (the other is presumably Kidney 1).","[""https://cf.10xgenomics.com/samples/spatial-exp/2.0.1/CytAssist_11mm_FFPE_Human_Kidney/CytAssist_11mm_FFPE_Human_Kidney_web_summary.html""]",curator,2026-10-02 12:55
10x Datasets,10xgenomics.com/datasets/human-kidney-preview-data-xenium-human-multi-tissue-and-cancer-panel-1-standard,Xenium Human Kidney 1,Xenium,Xenium,kidney,,ready,ready,2,2,4,4,0,0.016,https://www.10xgenomics.com/datasets/human-kidney-preview-data-xenium-human-multi-tissue-and-cancer-panel-1-standard,,Files are members of outs.zip (extracted by downloader). Cancer and non-diseased sections. Multi-tissue and cancer panel.,[],curator,2026-10-02 12:24
10x Datasets,10xgenomics.com/datasets/human-liver-data-xenium-human-multi-tissue-and-cancer-panel-1-standard,Xenium Human Liver 1,Xenium,Xenium,liver,,ready,ready,2,2,4,4,0,0.044,https://www.10xgenomics.com/datasets/human-liver-data-xenium-human-multi-tissue-and-cancer-panel-1-standard,,"Files are members of outs.zip (extracted via zipmember). Two sections: nondiseased and cancer, FFPE, multi-tissue and cancer panel.",[],curator,2026-10-02 12:24
10x Datasets,10xgenomics.com/datasets/human-lung-cancer-11-mm-capture-area-ffpe-2-standard,"Visium Human Lung 3 (Human Lung Cancer, 11 mm Capture Area, FFPE)",Visium,Visium CytAssist,Lung,Lung cancer (neuroendocrine carcinoma),ready,ready,1,1,2,0,0,0.098,https://www.10xgenomics.com/datasets/human-lung-cancer-11-mm-capture-area-ffpe-2-standard,,Space Ranger 2.0.1. Spatial tar.gz holds tissue_positions and scalefactors. Hint mentioned 2 samples but this page has one.,[],curator,2026-10-02 12:55
10x Datasets,10xgenomics.com/datasets/human-lung-cancer-ffpe-2-standard,Visium Human Lung 2 (CytAssist FFPE Lung Squamous Cell Carcinoma),Visium,Visium CytAssist,Lung,Lung squamous cell carcinoma,ready,ready,1,1,2,0,0,0.058,https://www.10xgenomics.com/datasets/human-lung-cancer-ffpe-2-standard,,"Space Ranger 2.0.0, 3,858 spots. Coords are in spatial.tar.gz (tissue_positions + scalefactors + images). Hint mentioned 2 samples, but this page covers only one; the other is presumably a separate lung dataset.",[],curator,2026-10-02 12:55
10x Datasets,10xgenomics.com/datasets/human-lung-cancer-preview-data-xenium-human-multi-tissue-and-cancer-panel-1-standard,Human Lung Cancer Preview Data (Xenium Human Multi-Tissue and Cancer Panel),Xenium,Xenium,lung,lung cancer,ready,ready,1,1,3,3,0,0.022,https://www.10xgenomics.com/datasets/human-lung-cancer-preview-data-xenium-human-multi-tissue-and-cancer-panel-1-standard,,Members extracted from outs.zip (zip_list). Transcripts and boundaries omitted.,[],curator,2026-10-02 12:24
10x Datasets,10xgenomics.com/datasets/human-lymph-node-1-standard-1-0-0,Visium Human Lymph Node 1,Visium,Visium,lymph node,,ready,ready,1,1,2,0,0,0.036,https://www.10xgenomics.com/datasets/human-lymph-node-1-standard-1-0-0,,"Space Ranger 1.0.0, 4,039 spots. Coordinates are in the spatial.tar.gz (tissue_positions_list.csv + scalefactors). Raw reads are not available. The hint mentions 2 samples, but this page covers only 1.",[],curator,2026-10-02 12:55
10x Datasets,10xgenomics.com/datasets/human-lymph-node-1-standard-1-1-0,Visium Human Lymph Node,Visium,Visium,lymph node,,ready,ready,1,1,2,2,0,0.039,https://www.10xgenomics.com/datasets/human-lymph-node-1-standard-1-1-0,,"URLs inferred from the standard 10x path and confirmed by HEAD (the dataset page was blocked). The hint says 2 samples, but only this one was verified. The other lymph node sample, if it exists, is not covered.",[],curator,2026-10-02 12:24
10x Datasets,10xgenomics.com/datasets/human-lymph-node-preview-data-xenium-human-multi-tissue-and-cancer-panel-1-standard,Xenium Human Lymph Node 1,Xenium,Xenium,lymph node,non-diseased,ready,ready,1,1,2,2,0,0.034,https://www.10xgenomics.com/datasets/human-lymph-node-preview-data-xenium-human-multi-tissue-and-cancer-panel-1-standard,,,"[""https://cf.10xgenomics.com/samples/xenium/1.5.0/Xenium_V1_hLymphNode_nondiseased_section/Xenium_V1_hLymphNode_nondiseased_section_outs.zip""]",curator,2026-10-02 12:25
10x Datasets,10xgenomics.com/datasets/human-melanoma-if-stained-ffpe-2-standard,"Visium Human Skin 1 (Human Melanoma, IF Stained, FFPE)",Visium,Visium,skin,melanoma,ready,ready,1,1,2,0,0,0.059,https://www.10xgenomics.com/datasets/human-melanoma-if-stained-ffpe-2-standard,,"Visium CytAssist FFPE, Space Ranger 2.0.0. Hint mentioned 2 samples, but this page covers only one; the second is likely a separate 10x dataset page. Coords are in spatial.tar.gz (tissue_positions + scalefactors).",[],curator,2026-10-02 12:55
10x Datasets,10xgenomics.com/datasets/human-ovarian-cancer-1-standard,Visium Human Ovary 2 (Human Ovarian Cancer FFPE),Visium,Visium,Ovary,serous papillary ovarian carcinoma,ready,ready,1,1,2,0,0,0.043,https://www.10xgenomics.com/datasets/human-ovarian-cancer-1-standard,,"Space Ranger 1.3.0, FFPE, 3,455 spots. Hint mentioned 2 ovary samples; this page covers only one.",[],curator,2026-10-02 12:55
10x Datasets,10xgenomics.com/datasets/human-ovarian-cancer-11-mm-capture-area-ffpe-2-standard,"Visium Human Ovary 3 (Human Ovarian Cancer, 11 mm Capture Area, FFPE)",Visium,Visium CytAssist,Ovary,High-grade serous ovarian carcinoma,ready,ready,1,1,2,0,0,0.073,https://www.10xgenomics.com/datasets/human-ovarian-cancer-11-mm-capture-area-ffpe-2-standard,,"Space Ranger 2.0.0, 4,674 spots. Coordinates (tissue_positions, scalefactors) are inside spatial.tar.gz (role bundle).",[],curator,2026-10-02 12:55
10x Datasets,10xgenomics.com/datasets/human-ovarian-cancer-whole-transcriptome-analysis-stains-dapi-anti-pan-ck-anti-cd-45-1-standard-1-2-0,Visium Human Ovary 1,Visium,Visium,ovary,ovarian cancer,ready,ready,1,1,2,2,0,0.024,,,"The 10x page was blocked (Vercel). File URLs were inferred from the 10x naming pattern for Space Ranger 1.2.0 and checked with HEAD. They are probably this dataset, but I did not confirm the match on the page. The spatial.tar.gz holds tissue_positions and scalefactors.",[],curator,2026-10-02 12:25
10x Datasets,10xgenomics.com/datasets/human-pancreas-preview-data-xenium-human-multi-tissue-and-cancer-panel-1-standard,Xenium Human Pancreas 1,Xenium,Xenium,pancreas,non-diseased,ready,ready,1,1,2,2,0,0.012,https://www.10xgenomics.com/datasets/human-pancreas-preview-data-xenium-human-multi-tissue-and-cancer-panel-1-standard,,,"[""https://cf.10xgenomics.com/samples/xenium/1.5.0/Xenium_V1_hPancreas_nondiseased_section/Xenium_V1_hPancreas_nondiseased_section_outs.zip""]",curator,2026-10-02 12:25
10x Datasets,10xgenomics.com/datasets/human-prostate-cancer-acinar-cell-carcinoma-ffpe-1-standard,Visium Human Prostate 4 (FFPE Acinar Cell Carcinoma),Visium,Visium,prostate,prostate acinar cell carcinoma,ready,ready,1,1,2,2,0,0.03,https://www.10xgenomics.com/datasets/human-prostate-cancer-acinar-cell-carcinoma-ffpe-1-standard,,URLs inferred from the standard 10x naming pattern and confirmed with HEAD (the landing page was blocked). The hint says 2 prostate samples; only this one was verified. The spatial.tar.gz holds tissue_positions and scalefactors.,[],curator,2026-10-02 12:25
10x Datasets,10xgenomics.com/datasets/human-prostate-cancer-adenocarcinoma-with-invasive-carcinoma-ffpe-1-standard-1-3-0,Visium Human Prostate 1,Visium,Visium,prostate,prostate adenocarcinoma with invasive carcinoma,ready,ready,1,1,2,2,0,0.035,https://www.10xgenomics.com/datasets/human-prostate-cancer-adenocarcinoma-with-invasive-carcinoma-ffpe-1-standard-1-3-0,,"Hint mentions 2 prostate samples; the other is likely the Acinar Cell Carcinoma dataset (filtered_feature_bc_matrix.h5 exists at .../Visium_FFPE_Human_Prostate_Acinar_Cell_Carcinoma/), a separate 10x page, not recorded here. Page was blocked by a bot checkpoint, so file URLs were found by HEAD on the standard path pattern.",[],curator,2026-10-02 12:25
10x Datasets,10xgenomics.com/datasets/human-prostate-cancer-adjacent-normal-section-with-if-staining-ffpe-1-standard,"Visium Human Prostate 5 (Human Prostate Cancer, Adjacent Normal Section with IF Staining, FFPE)",Visium,Visium,prostate,prostate cancer (adenocarcinoma),ready,ready,1,1,2,0,0,0.027,https://www.10xgenomics.com/datasets/human-prostate-cancer-adjacent-normal-section-with-if-staining-ffpe-1-standard,,"Space Ranger 2.0.0, single section (slide V11J26-076 D1). Hint mentioned 2 samples but this page holds one. Coords are inside spatial.tar.gz (tissue_positions + scalefactors).",[],curator,2026-10-02 12:55
10x Datasets,10xgenomics.com/datasets/human-prostate-cancer-adjacent-normal-section-with-if-staining-ffpe-1-standard-1-3-0,Visium Human Prostate 3,Visium,Visium,prostate,prostate cancer (adjacent normal section),ready,ready,1,1,2,2,0,0.027,https://www.10xgenomics.com/datasets/human-prostate-cancer-adjacent-normal-section-with-if-staining-ffpe-1-standard-1-3-0,,"URLs inferred from 10x naming pattern and verified by HEAD; the landing page was blocked. Spatial tar contains tissue_positions and scalefactors. Hint mentioned 2 samples, but only one dataset was found here.",[],curator,2026-10-02 12:25
10x Datasets,10xgenomics.com/datasets/human-skin-data-xenium-human-multi-tissue-and-cancer-panel-1-standard,Human Skin Data with Xenium Human Multi-Tissue and Cancer Panel,Xenium,Xenium,skin,non-diseased,ready,ready,2,2,4,4,0,0.012,https://www.10xgenomics.com/datasets/human-skin-data-xenium-human-multi-tissue-and-cancer-panel-1-standard,,"Files are members inside outs.zip (extracted by member URL). FFPE, 2 sections.",[],curator,2026-10-02 12:25
10x Datasets,10xgenomics.com/datasets/human-skin-preview-data-xenium-human-skin-gene-expression-panel-1-standard,Human Skin Preview Data,Xenium,Xenium,skin,melanoma,ready,ready,1,1,2,2,0,0.013,https://www.10xgenomics.com/datasets/human-skin-preview-data-xenium-human-skin-gene-expression-panel-1-standard,,,"[""https://cf.10xgenomics.com/samples/xenium/1.6.0/Xenium_V1_hSkin_Melanoma_Base_FFPE/Xenium_V1_hSkin_Melanoma_Base_FFPE_outs.zip""]",curator,2026-10-02 12:25
10x Datasets,10xgenomics.com/datasets/human-skin-preview-data-xenium-human-skin-gene-expression-panel-add-on-1-standard,Human Skin Preview Data (Xenium Human Skin panel + add-on),Xenium,Xenium,skin,melanoma,ready,ready,1,1,2,2,0,0.011,https://www.10xgenomics.com/datasets/human-skin-preview-data-xenium-human-skin-gene-expression-panel-add-on-1-standard,,Coords taken from outs.zip member cells.csv.gz (cells.parquet also available). Matrix HEAD-verified as standalone file.,"[""https://cf.10xgenomics.com/samples/xenium/1.7.0/Xeniumranger_V1_hSkin_Melanoma_Add_on_FFPE/Xeniumranger_V1_hSkin_Melanoma_Add_on_FFPE_outs.zip""]",curator,2026-10-02 12:25
10x Datasets,10xgenomics.com/datasets/human-spinal-cord-whole-transcriptome-analysis-stains-dapi-anti-snap-25-anti-gfap-anti-myelin-cn-pase-1-standard-1-2-0,Visium Human Spinal Cord 1,Visium,Visium,spinal cord,,ready,ready,1,1,2,2,0,0.015,https://www.10xgenomics.com/datasets/human-spinal-cord-whole-transcriptome-analysis-stains-dapi-anti-snap-25-anti-gfap-anti-myelin-cn-pase-1-standard-1-2-0,,Landing page blocked (Vercel); file URLs found by HEAD on the standard 10x path pattern. The hint mentions 2 samples; only this one was verified. The other spinal cord sample (likely a separate 10x dataset) was not checked. Spatial tar contains tissue_positions and scalefactors.,[],curator,2026-10-02 12:25
10x Datasets,10xgenomics.com/datasets/human-tonsil-data-xenium-human-multi-tissue-and-cancer-panel-1-standard,Xenium Human Tonsil 1,Xenium,Xenium,tonsil,follicular lymphoid hyperplasia / reactive follicular hyperplasia,ready,ready,2,2,4,4,0,0.204,https://www.10xgenomics.com/datasets/human-tonsil-data-xenium-human-multi-tissue-and-cancer-panel-1-standard,,"Files extracted from outs.zip members. Multi-tissue and cancer panel, FFPE. Transcripts and boundaries not recorded.",[],curator,2026-10-02 12:25
10x Datasets,10xgenomics.com/datasets/invasive-ductal-carcinoma-stained-with-fluorescent-cd-3-antibody-1-standard-1-2-0,"Visium Human Breast 6 (IDC, CD3 fluorescent stain)",Visium,Visium,breast,invasive ductal carcinoma,ready,ready,1,1,2,2,0,0.029,https://www.10xgenomics.com/datasets/invasive-ductal-carcinoma-stained-with-fluorescent-cd-3-antibody-1-standard-1-2-0,,"Landing page blocked (Vercel); file URLs inferred from the standard 10x pattern and verified by HEAD (V1_Human_Invasive_Ductal_Carcinoma). Hint mentioned 2 samples, but only this one was verified; check for a second one.",[],curator,2026-10-02 12:25
10x Datasets,10xgenomics.com/datasets/normal-human-prostate-ffpe-1-standard-1-3-0,Visium Human Prostate 2,Visium,Visium,prostate,normal,ready,ready,1,1,2,2,0,0.022,https://www.10xgenomics.com/datasets/normal-human-prostate-ffpe-1-standard-1-3-0,,"Page was blocked (Vercel), so URLs were inferred from the 10x naming pattern and checked with HEAD. The hint mentions 2 samples, but only this one sample was found. The spatial.tar.gz holds tissue_positions and scalefactors, and also images.",[],curator,2026-10-02 12:25
10x Datasets,10xgenomics.com/datasets/pancreatic-cancer-with-xenium-human-multi-tissue-and-cancer-panel-1-standard,Pancreatic Cancer with Xenium Human Multi-Tissue and Cancer Panel,Xenium,Xenium,pancreas,pancreatic cancer,ready,ready,1,1,2,2,0,0.024,https://www.10xgenomics.com/datasets/pancreatic-cancer-with-xenium-human-multi-tissue-and-cancer-panel-1-standard,,"Files are members of outs.zip (extracted by member URL). FFPE, Xenium 1.6.0.",[],curator,2026-10-02 12:25
10x Datasets,10xgenomics.com/datasets/preview-data-ffpe-human-lung-cancer-with-xenium-multimodal-cell-segmentation-1-standard,Preview Data: FFPE Human Lung Cancer with Xenium Multimodal Cell Segmentation,Xenium,Xenium,lung,lung cancer,ready,ready,1,1,2,2,0,0.015,https://www.10xgenomics.com/datasets/preview-data-ffpe-human-lung-cancer-with-xenium-multimodal-cell-segmentation-1-standard,,,"[""https://cf.10xgenomics.com/samples/xenium/2.0.0/Xenium_V1_humanLung_Cancer_FFPE/Xenium_V1_humanLung_Cancer_FFPE_outs.zip""]",curator,2026-10-02 12:25
10x Datasets,10xgenomics.com/datasets/preview-data-xenium-prime-gene-expression,Preview Data: FFPE Human Lymph Node with 5K Pan Tissue and Pathways Panel,Xenium,Xenium Prime 5K,lymph node,reactive lymph node,ready,ready,1,1,2,2,0,0.247,https://www.10xgenomics.com/datasets/preview-data-xenium-prime-gene-expression,,Matrix h5 is hosted standalone (HEAD verified); cells.csv.gz taken from the outs.zip member (standalone cells file not checked). cells.parquet also in zip.,"[""https://s3-us-west-2.amazonaws.com/10x.files/samples/xenium/3.0.0/Xenium_Prime_Human_Lymph_Node_Reactive_FFPE/Xenium_Prime_Human_Lymph_Node_Reactive_FFPE_outs.zip""]",curator,2026-10-02 12:25
10x Datasets,10xgenomics.com/datasets/visium-cytassist-gene-and-protein-expression-library-of-human-tonsil-with-add-on-antibodies-h-e-6-5-mm-ffpe-2-standard,Visium Human Tonsil 2,Visium,Visium CytAssist (gene and protein expression),tonsil,normal,ready,ready,1,1,2,0,0,0.077,https://www.10xgenomics.com/datasets/visium-cytassist-gene-and-protein-expression-library-of-human-tonsil-with-add-on-antibodies-h-e-6-5-mm-ffpe-2-standard,,"Single sample on this page (FFPE tonsil, Space Ranger 2.1.0, gene+protein with add-on antibodies). The spatial.tar.gz holds tissue_positions and scalefactors (also images). File URLs were inferred from the web-summary URL pattern and confirmed live with HEAD.","[""https://cf.10xgenomics.com/samples/spatial-exp/2.1.0/CytAssist_FFPE_Protein_Expression_Human_Tonsil_AddOns/CytAssist_FFPE_Protein_Expression_Human_Tonsil_AddOns_web_summary.html""]",curator,2026-10-02 12:55
10x Datasets,10xgenomics.com/datasets/visium-hd-cytassist-gene-expression-human-breast-cancer-fixed-frozen,"Visium HD Spatial Gene Expression Library, Human Breast Cancer (Fixed Frozen)",Visium HD,Visium HD,breast,invasive ductal carcinoma,ready,bundle_only,1,1,28,28,1,7.969,https://www.10xgenomics.com/datasets/visium-hd-cytassist-gene-expression-human-breast-cancer-fixed-frozen,,Space Ranger 3.1.1. Binned outputs tarball (2/8/16 µm bins with filtered matrices + spatial/tissue_positions) is the only matrix/coords source found; not unpacked.,"[""https://cf.10xgenomics.com/samples/spatial-exp/3.1.1/Visium_HD_Human_Breast_Cancer_Fixed_Frozen/Visium_HD_Human_Breast_Cancer_Fixed_Frozen_feature_slice.h5"", ""https://cf.10xgenomics.com/samples/spatial-exp/3.1.1/Visium_HD_Human_Breast_Cancer_Fixed_Frozen/Visium_HD_Human_Breast_Cancer_Fixed_Frozen_web_summary.html""]",curator,2026-10-02 12:55
10x Datasets,10xgenomics.com/datasets/visium-hd-cytassist-gene-expression-human-breast-cancer-fresh-frozen,"Visium HD Spatial Gene Expression Library, Human Breast Cancer (Fresh Frozen)",Visium HD,Visium HD,Breast,Breast cancer (DCIS),ready,bundle_only,1,1,28,28,2,8.545,https://www.10xgenomics.com/datasets/visium-hd-cytassist-gene-expression-human-breast-cancer-fresh-frozen,,Space Ranger 3.1.1. Matrices and tissue_positions are only inside binned_outputs.tar.gz (2/8/16 µm bins); spatial.tar.gz has the scalefactors and images. A separate unpacked filtered matrix was not found.,"[""https://cf.10xgenomics.com/samples/spatial-exp/3.1.1/Visium_HD_Human_Breast_Cancer_Fresh_Frozen/Visium_HD_Human_Breast_Cancer_Fresh_Frozen_feature_slice.h5"", ""https://cf.10xgenomics.com/samples/spatial-exp/3.1.1/Visium_HD_Human_Breast_Cancer_Fresh_Frozen/Visium_HD_Human_Breast_Cancer_Fresh_Frozen_web_summary.html""]",curator,2026-10-02 12:55
10x Datasets,10xgenomics.com/datasets/visium-hd-cytassist-gene-expression-human-lung-cancer-fixed-frozen,"Visium HD Spatial Gene Expression Library, Human Lung Cancer (Fixed Frozen)",Visium HD,Visium HD,lung,lung adenocarcinoma,ready,bundle_only,1,1,28,28,1,4.438,https://www.10xgenomics.com/datasets/visium-hd-cytassist-gene-expression-human-lung-cancer-fixed-frozen,,Space Ranger 3.1.1. Binned outputs tar contains filtered matrices (2/8/16 µm) and spatial/tissue_positions. Only the bundle was confirmed; the individual files were not listed. The feature_slice.h5 also exists (622 MB). The URL pattern was inferred from the web summary link and checked with HEAD.,[],curator,2026-10-02 12:55
10x Datasets,10xgenomics.com/datasets/visium-hd-cytassist-gene-expression-human-lung-cancer-post-xenium-expt,"Visium HD Spatial Gene Expression Libraries, Post-Xenium, Human Lung Cancer (FFPE)",Visium HD,Visium HD,lung,lung adenocarcinoma,ready,bundle_only,4,4,112,112,4,9.389,https://www.10xgenomics.com/datasets/visium-hd-cytassist-gene-expression-human-lung-cancer-post-xenium-expt,,"Space Ranger 3.0.0. Only binned_outputs tar.gz bundles confirmed (URLs by 10x naming pattern, HEAD-verified); the wayback page listed no file links. Two HD-only controls and two post-Xenium (v1, Prime 5K) sections.",[],curator,2026-10-02 12:55
10x Datasets,10xgenomics.com/datasets/visium-hd-cytassist-gene-expression-human-tonsil-fresh-frozen,"Visium HD Spatial Gene Expression Library, Human Tonsil (Fresh Frozen)",Visium HD,Visium HD,Tonsil,Reactive follicular hyperplasia,ready,bundle_only,1,1,28,28,2,9.69,https://www.10xgenomics.com/datasets/visium-hd-cytassist-gene-expression-human-tonsil-fresh-frozen,,Space Ranger 3.1.1. Matrices and tissue_positions are only inside binned_outputs.tar.gz (2/8/16 µm bins); no unpacked filtered h5 found. Contents not listed.,"[""https://cf.10xgenomics.com/samples/spatial-exp/3.1.1/Visium_HD_Human_Tonsil_Fresh_Frozen/Visium_HD_Human_Tonsil_Fresh_Frozen_feature_slice.h5"", ""https://cf.10xgenomics.com/samples/spatial-exp/3.1.1/Visium_HD_Human_Tonsil_Fresh_Frozen/Visium_HD_Human_Tonsil_Fresh_Frozen_web_summary.html""]",curator,2026-10-02 12:55
10x Datasets,10xgenomics.com/datasets/visium-hd-cytassist-gene-expression-human-tonsil-fresh-frozen-if,"Visium HD Spatial Gene Expression Library, Human Tonsil, IF (Fresh Frozen)",Visium HD,Visium HD,tonsil,Reactive Follicular Hyperplasia,ready,bundle_only,1,1,28,28,1,5.499,https://www.10xgenomics.com/datasets/visium-hd-cytassist-gene-expression-human-tonsil-fresh-frozen-if,,Space Ranger 3.1.1. Binned outputs (2/8/16 µm) matrices and spatial coordinates only available inside the binned_outputs tar.gz (12 GB). Unpacked filtered h5 returned 403.,"[""https://cf.10xgenomics.com/samples/spatial-exp/3.1.1/Visium_HD_Human_Tonsil_Fresh_Frozen_IF/Visium_HD_Human_Tonsil_Fresh_Frozen_IF_feature_slice.h5"", ""https://cf.10xgenomics.com/samples/spatial-exp/3.1.1/Visium_HD_Human_Tonsil_Fresh_Frozen_IF/Visium_HD_Human_Tonsil_Fresh_Frozen_IF_web_summary.html""]",curator,2026-10-02 12:55
10x Datasets,10xgenomics.com/datasets/visium-hd-cytassist-gene-expression-libraries-human-pancreas,"Visium HD Spatial Gene Expression Library, Human Pancreas (FFPE)",Visium HD,Visium HD,pancreas,healthy,ready,bundle_only,1,1,28,28,1,2.887,https://www.10xgenomics.com/datasets/visium-hd-cytassist-gene-expression-libraries-human-pancreas,,"Space Ranger 3.0.0, FFPE, 1 donor. Binned outputs (2/8/16 µm) tarball contains filtered_feature_bc_matrix and spatial/tissue_positions. Other file names not verified besides the two HEAD-checked URLs.","[""https://cf.10xgenomics.com/samples/spatial-exp/3.0.0/Visium_HD_Human_Pancreas/Visium_HD_Human_Pancreas_feature_slice.h5"", ""https://cf.10xgenomics.com/samples/spatial-exp/3.0.0/Visium_HD_Human_Pancreas/Visium_HD_Human_Pancreas_web_summary.html""]",curator,2026-10-02 12:55
10x Datasets,10xgenomics.com/datasets/visium-hd-cytassist-gene-expression-libraries-of-human-crc,"Visium HD Spatial Gene Expression Library, Human Colorectal Cancer (FFPE)",Visium HD,Visium HD,Colon,Colorectal cancer,ready,bundle_only,1,1,28,28,1,6.987,https://www.10xgenomics.com/datasets/visium-hd-cytassist-gene-expression-libraries-of-human-crc,10.1038/s41588-025-02193-3,"Space Ranger 3.0.0, one donor. Binned outputs tar.gz (2/8/16 µm bins) contains filtered matrices and tissue positions. The hint mentioned 2 samples, but this page describes only one. Only the binned_outputs URL was HEAD-verified; no unpacked per-file URLs were found.","[""https://cf.10xgenomics.com/samples/spatial-exp/3.0.0/Visium_HD_Human_Colon_Cancer/Visium_HD_Human_Colon_Cancer_feature_slice.h5"", ""https://cf.10xgenomics.com/samples/spatial-exp/3.0.0/Visium_HD_Human_Colon_Cancer/Visium_HD_Human_Colon_Cancer_web_summary.html""]",curator,2026-10-02 12:55
10x Datasets,10xgenomics.com/datasets/visium-hd-cytassist-gene-expression-libraries-of-human-lung-cancer-if,"Visium HD Spatial Gene Expression Library, Human Lung Cancer, IF Stained (FFPE)",Visium HD,Visium HD,lung,lung cancer,ready,bundle_only,1,1,28,28,2,6.781,https://www.10xgenomics.com/datasets/visium-hd-cytassist-gene-expression-libraries-of-human-lung-cancer-if,,"Space Ranger 3.0.0, one donor (72F). Matrices and positions are only in the binned_outputs tar (2/8/16 µm bins). Hints mentioned 2 samples, but the page lists one. Not checked: the individual files inside the tar.","[""https://cf.10xgenomics.com/samples/spatial-exp/3.0.0/Visium_HD_Human_Lung_Cancer/Visium_HD_Human_Lung_Cancer_feature_slice.h5"", ""https://cf.10xgenomics.com/samples/spatial-exp/3.0.0/Visium_HD_Human_Lung_Cancer/Visium_HD_Human_Lung_Cancer_web_summary.html""]",curator,2026-10-02 12:55
10x Datasets,10xgenomics.com/datasets/xenium-ffpe-human-breast-with-custom-add-on-panel-1-standard,Xenium FFPE Human Breast with Custom Add-on Panel,Xenium,Xenium,breast,invasive ductal carcinoma,ready,ready,1,1,2,2,0,0.066,https://www.10xgenomics.com/datasets/xenium-ffpe-human-breast-with-custom-add-on-panel-1-standard,,"Files are members of the outs.zip, which the downloader extracts individually. cells.parquet is also available.",[],curator,2026-10-02 12:25
10x Datasets,10xgenomics.com/datasets/xenium-human-brain-preview-data-1-standard,Xenium Human Brain Preview Data,Xenium,Xenium,brain,,ready,ready,3,3,6,6,0,0.013,https://www.10xgenomics.com/datasets/xenium-human-brain-preview-data-1-standard,,,[],curator,2026-10-02 12:26
10x Datasets,10xgenomics.com/datasets/xenium-human-lung-cancer-post-xenium-technote,Post-Xenium Technical Note: Xenium v1 and Xenium Prime 5K for FFPE Human Lung Cancer,Xenium,Xenium,lung,lung cancer,ready,ready,2,2,4,4,0,0.127,https://www.10xgenomics.com/datasets/xenium-human-lung-cancer-post-xenium-technote,,,[],curator,2026-10-02 12:25
10x Datasets,10xgenomics.com/datasets/xenium-human-lung-preview-data-1-standard,Human Lung Cancer Preview Data,Xenium,Xenium,lung,lung cancer; non-diseased lung,ready,ready,2,2,4,4,0,0.096,https://www.10xgenomics.com/datasets/xenium-human-lung-preview-data-1-standard,,"Members extracted from outs.zip via zipmember URLs. Xenium 1.3.0 preview, FFPE with add-on panel.",[],curator,2026-10-02 12:26
10x Datasets,10xgenomics.com/datasets/xenium-prime-ffpe-human-breast-cancer,FFPE Human Breast Cancer with 5K Human Pan Tissue and Pathways Panel plus 100 Custom Genes,Xenium,Xenium,breast,breast cancer,ready,ready,1,1,3,3,0,0.143,https://www.10xgenomics.com/datasets/xenium-prime-ffpe-human-breast-cancer,,,"[""https://s3-us-west-2.amazonaws.com/10x.files/samples/xenium/3.0.0/Xenium_Prime_Breast_Cancer_FFPE/Xenium_Prime_Breast_Cancer_FFPE_outs.zip""]",curator,2026-10-02 12:25
10x Datasets,10xgenomics.com/datasets/xenium-prime-ffpe-human-cervical-cancer,FFPE Human Cervical Cancer with 5K Human Pan Tissue and Pathways Panel plus 100 Custom Genes,Xenium,Xenium,cervix,cervical cancer,ready,ready,1,1,3,3,0,0.163,https://www.10xgenomics.com/datasets/xenium-prime-ffpe-human-cervical-cancer,,,"[""https://s3-us-west-2.amazonaws.com/10x.files/samples/xenium/3.0.0/Xenium_Prime_Cervical_Cancer_FFPE/Xenium_Prime_Cervical_Cancer_FFPE_outs.zip""]",curator,2026-10-02 12:26
10x Datasets,10xgenomics.com/datasets/xenium-prime-ffpe-human-ovarian-cancer,FFPE Human Ovarian Cancer with 5K Human Pan Tissue and Pathways Panel plus 100 Custom Genes,Xenium,Xenium,ovary,ovarian cancer,ready,ready,1,1,3,3,0,0.142,https://www.10xgenomics.com/datasets/xenium-prime-ffpe-human-ovarian-cancer,,,[],curator,2026-10-02 12:26
10x Datasets,10xgenomics.com/datasets/xenium-prime-ffpe-human-prostate,FFPE Human Prostate Adenocarcinoma with 5K Human Pan Tissue and Pathways Panel,Xenium,Xenium,prostate,prostate adenocarcinoma,ready,ready,1,1,3,3,0,0.056,https://www.10xgenomics.com/datasets/xenium-prime-ffpe-human-prostate,,,"[""https://cf.10xgenomics.com/samples/xenium/3.0.0/Xenium_Prime_Human_Prostate_FFPE/Xenium_Prime_Human_Prostate_FFPE_outs.zip""]",curator,2026-10-02 12:26
10x Datasets,10xgenomics.com/datasets/xenium-prime-ffpe-human-skin,Preview Data: FFPE Human Skin Primary Dermal Melanoma with 5K Human Pan Tissue and Pathways Panel,Xenium,Xenium Prime 5K,skin,primary dermal melanoma,ready,ready,1,1,2,2,0,0.051,https://www.10xgenomics.com/datasets/xenium-prime-ffpe-human-skin,,,"[""https://cf.10xgenomics.com/samples/xenium/3.0.0/Xenium_Prime_Human_Skin_FFPE/Xenium_Prime_Human_Skin_FFPE_outs.zip""]",curator,2026-10-02 12:26
10x Datasets,10xgenomics.com/datasets/xenium-prime-fresh-frozen-human-ovary,Fresh Frozen Human Ovarian Adenocarcinoma with 5K Human Pan Tissue and Pathways Panel,Xenium,Xenium,ovary,ovarian adenocarcinoma,ready,ready,1,1,3,3,0,1.236,https://www.10xgenomics.com/datasets/xenium-prime-fresh-frozen-human-ovary,,,"[""https://s3-us-west-2.amazonaws.com/10x.files/samples/xenium/3.0.0/Xenium_Prime_Human_Ovary_FF/Xenium_Prime_Human_Ovary_FF_outs.zip""]",curator,2026-10-02 12:26
10x Datasets,10xgenomics.com/products/visium-hd-spatial-gene-expression/dataset-human-crc,Characterization of immune cell populations in the tumor microenvironment of colorectal cancer using high definition spatial profiling,Xenium,Xenium,colon,colorectal cancer,ready,ready,3,3,6,0,0,0.101,https://www.10xgenomics.com/products/visium-hd-spatial-gene-expression/dataset-human-crc,,"Landing page is blocked and not archived. The Xenium file URLs follow the 10x naming pattern and were confirmed live with HEAD requests. The Visium HD companion data for this page was not located, so only the Xenium P1, P2 and P5 samples are recorded.",[],curator,2026-10-02 12:56
CELLxGENE,001b01fe-5c70-4bda-a3aa-ee09b7899b14,WSSS_F_IMMsp10864183,Visium,Visium Spatial Gene Expression V1,thymus,normal,ready,ready,1,1,1,1,0,0.159,https://cellxgene.cziscience.com/e/001b01fe-5c70-4bda-a3aa-ee09b7899b14.cxg/,10.1126/science.abo0510,collection Mapping the developing human immune system across organs (b1a879f6-5638-48d3-8f64-f6592c1b1561); cells=4992,"[""https://cellxgene.cziscience.com/collections/b1a879f6-5638-48d3-8f64-f6592c1b1561""]",harvest,2026-10-02 11:21
CELLxGENE,00ba8341-48ec-4e4e-bb56-be0dd2dd7913,spRNA-seq for GZMK+CD8+ T cells Target A Specific Acinar Cell Type in Sjögren’s Disease - Block #17,Visium,Visium Spatial Gene Expression V1,labial gland,Sjogren syndrome,ready,ready,1,1,1,1,0,0.025,https://cellxgene.cziscience.com/e/00ba8341-48ec-4e4e-bb56-be0dd2dd7913.cxg/,10.21203/rs.3.rs-3601404/v2,collection Single cell and spatial transcriptomics in Sjögren’s Disease-affected Human Salivary Glands (21bbfaec-6958-46bc-b1cd-1535752f6304); cells=4992,"[""https://cellxgene.cziscience.com/collections/21bbfaec-6958-46bc-b1cd-1535752f6304""]",harvest,2026-10-02 11:21
CELLxGENE,02aa7750-ed05-4eca-8061-766c68a81a22,HTAPP-878-SMP-7149 Slide-seq,Slide-seq,Slide-seqV2,axilla,breast cancer,ready,ready,1,1,1,1,0,0.067,https://cellxgene.cziscience.com/e/02aa7750-ed05-4eca-8061-766c68a81a22.cxg/,10.1038/s41591-024-03215-z,collection HTAN/HTAPP Broad - Spatio-molecular dissection of the breast cancer metastatic microenvironment (a96133de-e951-4e2d-ace6-59db8b3bfb1d); cells=22033,"[""https://cellxgene.cziscience.com/collections/a96133de-e951-4e2d-ace6-59db8b3bfb1d""]",harvest,2026-10-02 11:21
CELLxGENE,02f8bb42-0322-4906-b9ad-b92a5ce73a2d,Spatial transcriptomics in the healthy human kidney: Puck_200115_10,Slide-seq,Slide-seqV2,cortex of kidney,normal,ready,ready,1,1,1,1,0,0.029,https://cellxgene.cziscience.com/e/02f8bb42-0322-4906-b9ad-b92a5ce73a2d.cxg/,10.1016/j.isci.2022.104097,collection High Resolution Slide-seqV2 Spatial Transcriptomics Enables Discovery of Disease-Specific Cell Neighborhoods and Pathways (8e880741-bf9a-4c8e-9227-934204631d2a); cells=19421,"[""https://cellxgene.cziscience.com/collections/8e880741-bf9a-4c8e-9227-934204631d2a""]",harvest,2026-10-02 11:21
CELLxGENE,02faf712-92d4-4589-bec7-13105059cf86,"Renal cell carcinoma, pre aPD1, kidney Puck_200727_12",Slide-seq,Slide-seqV2,kidney,renal cell carcinoma,ready,ready,1,1,1,1,0,0.015,https://cellxgene.cziscience.com/e/02faf712-92d4-4589-bec7-13105059cf86.cxg/,10.1016/j.immuni.2022.09.002,collection Spatially mapping T cell receptors and transcriptomes (02b01703-bf1b-48de-b99a-23bef8cccc81); cells=17612,"[""https://cellxgene.cziscience.com/collections/02b01703-bf1b-48de-b99a-23bef8cccc81""]",harvest,2026-10-02 11:21
CELLxGENE,03ad88c2-2faa-470f-9426-1c793fc5efed,Visium spatial - HCAHeartST9383355 (OCT),Visium,Visium Spatial Gene Expression V1,right cardiac atrium,normal,ready,ready,1,1,1,1,0,0.413,https://cellxgene.cziscience.com/e/03ad88c2-2faa-470f-9426-1c793fc5efed.cxg/,10.1038/s41586-023-06311-1,collection Spatially resolved multiomics of human cardiac niches (3116d060-0a8e-4767-99bb-e866badea1ed); cells=4992,"[""https://cellxgene.cziscience.com/collections/3116d060-0a8e-4767-99bb-e866badea1ed""]",harvest,2026-10-02 11:21
CELLxGENE,0456ae85-6f27-4e36-8c62-4c97370baa68,Visium spatial - face_temple_A_a,Visium,Visium Spatial Gene Expression V1,skin of temple,normal,ready,ready,1,1,1,1,0,0.114,https://cellxgene.cziscience.com/e/0456ae85-6f27-4e36-8c62-4c97370baa68.cxg/,10.1073/pnas.2313326120,collection Multi-scale spatial mapping of cell populations across anatomical sites in healthy human skin and basal cell carcinoma (34f12de7-c5e5-4813-a136-832677f98ac8); cells=4992,"[""https://cellxgene.cziscience.com/collections/34f12de7-c5e5-4813-a136-832677f98ac8""]",harvest,2026-10-02 11:21
CELLxGENE,0491b0c6-4d09-45bf-b5ca-42088632c15c,Visium spatial - HCAHeartST13228106 (OCT),Visium,Visium Spatial Gene Expression V1,sinoatrial node,normal,ready,ready,1,1,1,1,0,0.348,https://cellxgene.cziscience.com/e/0491b0c6-4d09-45bf-b5ca-42088632c15c.cxg/,10.1038/s41586-023-06311-1,collection Spatially resolved multiomics of human cardiac niches (3116d060-0a8e-4767-99bb-e866badea1ed); cells=4992,"[""https://cellxgene.cziscience.com/collections/3116d060-0a8e-4767-99bb-e866badea1ed""]",harvest,2026-10-02 11:21
CELLxGENE,04a0a043-1d65-489a-b203-7908780cc922,Visium spatial - HCAHeartST9383356 (OCT),Visium,Visium Spatial Gene Expression V1,heart left ventricle,normal,ready,ready,1,1,1,1,0,0.314,https://cellxgene.cziscience.com/e/04a0a043-1d65-489a-b203-7908780cc922.cxg/,10.1038/s41586-023-06311-1,collection Spatially resolved multiomics of human cardiac niches (3116d060-0a8e-4767-99bb-e866badea1ed); cells=4992,"[""https://cellxgene.cziscience.com/collections/3116d060-0a8e-4767-99bb-e866badea1ed""]",harvest,2026-10-02 11:21
CELLxGENE,04ea2093-332f-4684-99f1-c353cd62c35b,thymus visium sample WSSS_F_IMMsp11765870,Visium,Visium Spatial Gene Expression V1,thymus,normal,ready,ready,1,1,1,1,0,0.123,https://cellxgene.cziscience.com/e/04ea2093-332f-4684-99f1-c353cd62c35b.cxg/,10.1038/s41586-024-07944-6,collection A spatial human thymus cell atlas mapped to a continuous tissue axis (fc19ae6c-d7c1-4dce-b703-62c5d52061b4); cells=4992,"[""https://cellxgene.cziscience.com/collections/fc19ae6c-d7c1-4dce-b703-62c5d52061b4""]",harvest,2026-10-02 11:21
CELLxGENE,05d4a216-5384-4724-bd2a-2ea38f02e7cc,RZ_BZ_P12 (ACH0024)-Spatial multi-omic map of human myocardial infarction,Visium,Visium Spatial Gene Expression V1,heart left ventricle,myocardial infarction,ready,ready,1,1,1,1,0,0.199,https://cellxgene.cziscience.com/e/05d4a216-5384-4724-bd2a-2ea38f02e7cc.cxg/,10.1038/s41586-022-05060-x,collection Spatial multi-omic map of human myocardial infarction (8191c283-0816-424b-9b61-c3e1d6258a77); cells=4992,"[""https://cellxgene.cziscience.com/collections/8191c283-0816-424b-9b61-c3e1d6258a77""]",harvest,2026-10-02 11:21
CELLxGENE,05f813a4-fc9e-4143-bba9-de93bdd8eece,6800STDY12499411,Visium,Visium Spatial Gene Expression V1,kidney,nonpapillary renal cell carcinoma,ready,ready,1,1,1,1,0,0.172,https://cellxgene.cziscience.com/e/05f813a4-fc9e-4143-bba9-de93bdd8eece.cxg/,10.1016/j.ccell.2022.11.001,collection Mapping single-cell transcriptomes in the intra-tumoral and associated territories of kidney cancer (f7cecffa-00b4-4560-a29a-8ad626b8ee08); cells=4992,"[""https://cellxgene.cziscience.com/collections/f7cecffa-00b4-4560-a29a-8ad626b8ee08""]",harvest,2026-10-02 11:21
CELLxGENE,06379c09-d4cf-4c6f-8299-e0bc8879dbdf,Visium spatial - HCAHeartST10238253 (OCT),Visium,Visium Spatial Gene Expression V1,apex of heart,normal,ready,ready,1,1,1,1,0,0.38,https://cellxgene.cziscience.com/e/06379c09-d4cf-4c6f-8299-e0bc8879dbdf.cxg/,10.1038/s41586-023-06311-1,collection Spatially resolved multiomics of human cardiac niches (3116d060-0a8e-4767-99bb-e866badea1ed); cells=4992,"[""https://cellxgene.cziscience.com/collections/3116d060-0a8e-4767-99bb-e866badea1ed""]",harvest,2026-10-02 11:21
CELLxGENE,0671c0d4-f233-4cd3-a0d6-9a6b747bdd98,6800STDY12499406,Visium,Visium Spatial Gene Expression V1,kidney,nonpapillary renal cell carcinoma,ready,ready,1,1,1,1,0,0.209,https://cellxgene.cziscience.com/e/0671c0d4-f233-4cd3-a0d6-9a6b747bdd98.cxg/,10.1016/j.ccell.2022.11.001,collection Mapping single-cell transcriptomes in the intra-tumoral and associated territories of kidney cancer (f7cecffa-00b4-4560-a29a-8ad626b8ee08); cells=4992,"[""https://cellxgene.cziscience.com/collections/f7cecffa-00b4-4560-a29a-8ad626b8ee08""]",harvest,2026-10-02 11:21
CELLxGENE,0737011b-45a6-49f6-8b5a-b85c35160bac,Spatial transcriptomics in the healthy human kidney: Puck_200113_10,Slide-seq,Slide-seqV2,renal medulla,normal,ready,ready,1,1,1,1,0,0.026,https://cellxgene.cziscience.com/e/0737011b-45a6-49f6-8b5a-b85c35160bac.cxg/,10.1016/j.isci.2022.104097,collection High Resolution Slide-seqV2 Spatial Transcriptomics Enables Discovery of Disease-Specific Cell Neighborhoods and Pathways (8e880741-bf9a-4c8e-9227-934204631d2a); cells=18377,"[""https://cellxgene.cziscience.com/collections/8e880741-bf9a-4c8e-9227-934204631d2a""]",harvest,2026-10-02 11:21
CELLxGENE,0738f538-ff2f-4346-b2eb-72704c291188,Spatial transcriptomics in the healthy human kidney: Puck_200113_12,Slide-seq,Slide-seqV2,cortex of kidney,normal,ready,ready,1,1,1,1,0,0.013,https://cellxgene.cziscience.com/e/0738f538-ff2f-4346-b2eb-72704c291188.cxg/,10.1016/j.isci.2022.104097,collection High Resolution Slide-seqV2 Spatial Transcriptomics Enables Discovery of Disease-Specific Cell Neighborhoods and Pathways (8e880741-bf9a-4c8e-9227-934204631d2a); cells=14010,"[""https://cellxgene.cziscience.com/collections/8e880741-bf9a-4c8e-9227-934204631d2a""]",harvest,2026-10-02 11:21
CELLxGENE,07efa1c3-7649-43d8-b798-e26a0145ee65,"Renal cell carcinoma, post aPD1, lung metastasis Puck_220408_15",Slide-seq,Slide-seqV2,lung,renal cell carcinoma,ready,ready,1,1,1,1,0,0.029,https://cellxgene.cziscience.com/e/07efa1c3-7649-43d8-b798-e26a0145ee65.cxg/,10.1016/j.immuni.2022.09.002,collection Spatially mapping T cell receptors and transcriptomes (02b01703-bf1b-48de-b99a-23bef8cccc81); cells=35839,"[""https://cellxgene.cziscience.com/collections/02b01703-bf1b-48de-b99a-23bef8cccc81""]",harvest,2026-10-02 11:21
CELLxGENE,0819e386-e7fd-4212-b732-60e468689f89,spRNA-seq for GZMK+CD8+ T cells Target A Specific Acinar Cell Type in Sjögren’s Disease - Block #6,Visium,Visium Spatial Gene Expression V1,labial gland,Sjogren syndrome,ready,ready,1,1,1,1,0,0.03,https://cellxgene.cziscience.com/e/0819e386-e7fd-4212-b732-60e468689f89.cxg/,10.21203/rs.3.rs-3601404/v2,collection Single cell and spatial transcriptomics in Sjögren’s Disease-affected Human Salivary Glands (21bbfaec-6958-46bc-b1cd-1535752f6304); cells=4992,"[""https://cellxgene.cziscience.com/collections/21bbfaec-6958-46bc-b1cd-1535752f6304""]",harvest,2026-10-02 11:21
CELLxGENE,08e94873-c2a6-4f7d-ab72-aeaff3e3f929,Spatiotemporal analysis of human intestinal development at single-cell resolution: Fetal A7,Visium,Visium Spatial Gene Expression V1,ileum,normal,ready,ready,1,1,1,1,0,0.06,https://cellxgene.cziscience.com/e/08e94873-c2a6-4f7d-ab72-aeaff3e3f929.cxg/,10.1016/j.cell.2020.12.016,collection Spatiotemporal analysis of human intestinal development at single-cell resolution (60358420-6055-411d-ba4f-e8ac80682a2e); cells=4992,"[""https://cellxgene.cziscience.com/collections/60358420-6055-411d-ba4f-e8ac80682a2e""]",harvest,2026-10-02 11:21
CELLxGENE,090fede8-fac6-4bea-b6c4-6dedea5cca1c,Visium spatial - HCAHeartST9383352 (OCT),Visium,Visium Spatial Gene Expression V1,heart left ventricle,normal,ready,ready,1,1,1,1,0,0.341,https://cellxgene.cziscience.com/e/090fede8-fac6-4bea-b6c4-6dedea5cca1c.cxg/,10.1038/s41586-023-06311-1,collection Spatially resolved multiomics of human cardiac niches (3116d060-0a8e-4767-99bb-e866badea1ed); cells=4992,"[""https://cellxgene.cziscience.com/collections/3116d060-0a8e-4767-99bb-e866badea1ed""]",harvest,2026-10-02 11:21
CELLxGENE,0ae96eac-ff08-4870-9bc3-cd12418af7e4,Spatial transcriptomics in the healthy human kidney: Puck_200115_01,Slide-seq,Slide-seqV2,cortex of kidney,normal,ready,ready,1,1,1,1,0,0.037,https://cellxgene.cziscience.com/e/0ae96eac-ff08-4870-9bc3-cd12418af7e4.cxg/,10.1016/j.isci.2022.104097,collection High Resolution Slide-seqV2 Spatial Transcriptomics Enables Discovery of Disease-Specific Cell Neighborhoods and Pathways (8e880741-bf9a-4c8e-9227-934204631d2a); cells=29769,"[""https://cellxgene.cziscience.com/collections/8e880741-bf9a-4c8e-9227-934204631d2a""]",harvest,2026-10-02 11:21
CELLxGENE,0c3901c3-2ef7-44e4-80cb-b281ea2b0de9,pcw17_6332STDY9479169,Visium,Visium Spatial Gene Expression V1,lung,normal,ready,ready,1,1,1,1,0,0.381,https://cellxgene.cziscience.com/e/0c3901c3-2ef7-44e4-80cb-b281ea2b0de9.cxg/,10.1016/j.cell.2022.11.005,collection A human fetal lung cell atlas uncovers proximal-distal gradients of differentiation and key regulators of epithelial fates (2d2e2acd-dade-489f-a2da-6c11aa654028); cells=4992,"[""https://cellxgene.cziscience.com/collections/2d2e2acd-dade-489f-a2da-6c11aa654028""]",harvest,2026-10-02 11:21
CELLxGENE,0d049f5a-19b1-4055-a377-011a9570032c,Spatial transcriptomics in the healthy human kidney: Puck_200115_07,Slide-seq,Slide-seqV2,renal medulla,normal,ready,ready,1,1,1,1,0,0.042,https://cellxgene.cziscience.com/e/0d049f5a-19b1-4055-a377-011a9570032c.cxg/,10.1016/j.isci.2022.104097,collection High Resolution Slide-seqV2 Spatial Transcriptomics Enables Discovery of Disease-Specific Cell Neighborhoods and Pathways (8e880741-bf9a-4c8e-9227-934204631d2a); cells=23921,"[""https://cellxgene.cziscience.com/collections/8e880741-bf9a-4c8e-9227-934204631d2a""]",harvest,2026-10-02 11:21
CELLxGENE,0f68a90c-afc0-46dc-ad88-cf63a9fc5b56,Spatial transcriptomics in the healthy human kidney: Puck_200205_13,Slide-seq,Slide-seqV2,renal medulla,normal,ready,ready,1,1,1,1,0,0.019,https://cellxgene.cziscience.com/e/0f68a90c-afc0-46dc-ad88-cf63a9fc5b56.cxg/,10.1016/j.isci.2022.104097,collection High Resolution Slide-seqV2 Spatial Transcriptomics Enables Discovery of Disease-Specific Cell Neighborhoods and Pathways (8e880741-bf9a-4c8e-9227-934204631d2a); cells=12531,"[""https://cellxgene.cziscience.com/collections/8e880741-bf9a-4c8e-9227-934204631d2a""]",harvest,2026-10-02 11:21
CELLxGENE,0f9d1892-919a-4f51-8b95-0b50750da1e6,HTAPP-514-SMP-6760 Slide-seq,Slide-seq,Slide-seqV2,axilla,breast cancer,ready,ready,1,1,1,1,0,0.145,https://cellxgene.cziscience.com/e/0f9d1892-919a-4f51-8b95-0b50750da1e6.cxg/,10.1038/s41591-024-03215-z,collection HTAN/HTAPP Broad - Spatio-molecular dissection of the breast cancer metastatic microenvironment (a96133de-e951-4e2d-ace6-59db8b3bfb1d); cells=33272,"[""https://cellxgene.cziscience.com/collections/a96133de-e951-4e2d-ace6-59db8b3bfb1d""]",harvest,2026-10-02 11:21
CELLxGENE,0fe4d909-b1d9-471a-bb5d-ccc0b5a8374e,Visium spatial - HCAHeartST8795937 (OCT),Visium,Visium Spatial Gene Expression V1,right cardiac atrium,normal,ready,ready,1,1,1,1,0,0.483,https://cellxgene.cziscience.com/e/0fe4d909-b1d9-471a-bb5d-ccc0b5a8374e.cxg/,10.1038/s41586-023-06311-1,collection Spatially resolved multiomics of human cardiac niches (3116d060-0a8e-4767-99bb-e866badea1ed); cells=4992,"[""https://cellxgene.cziscience.com/collections/3116d060-0a8e-4767-99bb-e866badea1ed""]",harvest,2026-10-02 11:21
CELLxGENE,0fe5eed4-bcbc-4c00-a388-00bc1455a9b7,IZ_P15 (ACH0015)-Spatial multi-omic map of human myocardial infarction,Visium,Visium Spatial Gene Expression V1,heart left ventricle,myocardial infarction,ready,ready,1,1,1,1,0,0.224,https://cellxgene.cziscience.com/e/0fe5eed4-bcbc-4c00-a388-00bc1455a9b7.cxg/,10.1038/s41586-022-05060-x,collection Spatial multi-omic map of human myocardial infarction (8191c283-0816-424b-9b61-c3e1d6258a77); cells=4992,"[""https://cellxgene.cziscience.com/collections/8191c283-0816-424b-9b61-c3e1d6258a77""]",harvest,2026-10-02 11:21
CELLxGENE,1017c6ce-80a5-492e-a82e-54b34a3c9f0b,FZ_P18 (ACH006)-Spatial multi-omic map of human myocardial infarction,Visium,Visium Spatial Gene Expression V1,heart left ventricle,myocardial infarction,ready,ready,1,1,1,1,0,0.17,https://cellxgene.cziscience.com/e/1017c6ce-80a5-492e-a82e-54b34a3c9f0b.cxg/,10.1038/s41586-022-05060-x,collection Spatial multi-omic map of human myocardial infarction (8191c283-0816-424b-9b61-c3e1d6258a77); cells=4992,"[""https://cellxgene.cziscience.com/collections/8191c283-0816-424b-9b61-c3e1d6258a77""]",harvest,2026-10-02 11:21
CELLxGENE,104cfa2a-8f7e-4dcc-a0a3-8fd46711c904,6800STDY12499508,Visium,Visium Spatial Gene Expression V1,kidney,nonpapillary renal cell carcinoma,ready,ready,1,1,1,1,0,0.173,https://cellxgene.cziscience.com/e/104cfa2a-8f7e-4dcc-a0a3-8fd46711c904.cxg/,10.1016/j.ccell.2022.11.001,collection Mapping single-cell transcriptomes in the intra-tumoral and associated territories of kidney cancer (f7cecffa-00b4-4560-a29a-8ad626b8ee08); cells=4992,"[""https://cellxgene.cziscience.com/collections/f7cecffa-00b4-4560-a29a-8ad626b8ee08""]",harvest,2026-10-02 11:21
CELLxGENE,10bb68cf-e20b-4c45-a65f-2d7d8129048e,GSM6592059_M13,Visium,Visium Spatial Gene Expression V1,breast,triple-negative breast carcinoma,ready,ready,1,1,1,1,0,0.045,https://cellxgene.cziscience.com/e/10bb68cf-e20b-4c45-a65f-2d7d8129048e.cxg/,10.1016/j.labinv.2023.100258,collection Spatial Transcriptomics Reveal Pitfalls and Opportunities for the Detection of Rare High-Plasticity Breast Cancer Subtypes (bfd55632-15e2-4dde-a1b9-02ade511fc4d); cells=4992,"[""https://cellxgene.cziscience.com/collections/bfd55632-15e2-4dde-a1b9-02ade511fc4d""]",harvest,2026-10-02 11:21
CELLxGENE,1218b9f0-4f95-47a0-b69a-847c92087ded,spRNA-seq for GZMK+CD8+ T cells Target A Specific Acinar Cell Type in Sjögren’s Disease - Block #26,Visium,Visium Spatial Gene Expression V1,labial gland,immune system disorder; normal,ready,ready,1,1,1,1,0,0.031,https://cellxgene.cziscience.com/e/1218b9f0-4f95-47a0-b69a-847c92087ded.cxg/,10.21203/rs.3.rs-3601404/v2,collection Single cell and spatial transcriptomics in Sjögren’s Disease-affected Human Salivary Glands (21bbfaec-6958-46bc-b1cd-1535752f6304); cells=4992,"[""https://cellxgene.cziscience.com/collections/21bbfaec-6958-46bc-b1cd-1535752f6304""]",harvest,2026-10-02 11:21
CELLxGENE,1368fad2-916d-4ec0-a367-e750d0ab979e,Visium spatial - HCAHeartST12992074 (OCT),Visium,Visium Spatial Gene Expression V1,atrioventricular node,normal,ready,ready,1,1,1,1,0,0.54,https://cellxgene.cziscience.com/e/1368fad2-916d-4ec0-a367-e750d0ab979e.cxg/,10.1038/s41586-023-06311-1,collection Spatially resolved multiomics of human cardiac niches (3116d060-0a8e-4767-99bb-e866badea1ed); cells=4992,"[""https://cellxgene.cziscience.com/collections/3116d060-0a8e-4767-99bb-e866badea1ed""]",harvest,2026-10-02 11:21
CELLxGENE,141b77bf-65b5-47d3-b860-d9ef25caa0e0,Spatial transcriptomics in the healthy human kidney: Puck_200131_24,Slide-seq,Slide-seqV2,cortex of kidney,normal,ready,ready,1,1,1,1,0,0.017,https://cellxgene.cziscience.com/e/141b77bf-65b5-47d3-b860-d9ef25caa0e0.cxg/,10.1016/j.isci.2022.104097,collection High Resolution Slide-seqV2 Spatial Transcriptomics Enables Discovery of Disease-Specific Cell Neighborhoods and Pathways (8e880741-bf9a-4c8e-9227-934204631d2a); cells=12488,"[""https://cellxgene.cziscience.com/collections/8e880741-bf9a-4c8e-9227-934204631d2a""]",harvest,2026-10-02 11:21
CELLxGENE,15b98664-a52b-4877-aed9-03f4d73d2d2c,S6_Rec A938797 Rep2,Visium,Visium Spatial Gene Expression V1,rectum,colorectal cancer,ready,ready,1,1,1,1,0,0.044,https://cellxgene.cziscience.com/e/15b98664-a52b-4877-aed9-03f4d73d2d2c.cxg/,10.1038/s41698-023-00488-4,collection Profiling the heterogeneity of colorectal cancer consensus molecular subtypes using spatial transcriptomics (68cba939-4e72-4405-80ef-512a05044fba); cells=4992,"[""https://cellxgene.cziscience.com/collections/68cba939-4e72-4405-80ef-512a05044fba""]",harvest,2026-10-02 11:21
CELLxGENE,15c5c186-df92-4b17-a253-199e10ffe98a,WSA_LngSP9258468,Visium,Visium Spatial Gene Expression V1,bronchus,normal,ready,ready,1,1,1,1,0,0.533,https://cellxgene.cziscience.com/e/15c5c186-df92-4b17-a253-199e10ffe98a.cxg/,10.1038/s41588-022-01243-4,collection A spatially resolved atlas of the human lung characterizes a gland-associated immune niche (c1241244-b22d-483d-875b-75699efb9f3c); cells=4992,"[""https://cellxgene.cziscience.com/collections/c1241244-b22d-483d-875b-75699efb9f3c""]",harvest,2026-10-02 11:21
CELLxGENE,16101789-b95d-4b05-bd76-75ae837a557b,Normal Tonsil Puck_210119_22,Slide-seq,Slide-seqV2,tonsil,normal,ready,ready,1,1,1,1,0,0.017,https://cellxgene.cziscience.com/e/16101789-b95d-4b05-bd76-75ae837a557b.cxg/,10.1016/j.immuni.2022.09.002,collection Spatially mapping T cell receptors and transcriptomes (02b01703-bf1b-48de-b99a-23bef8cccc81); cells=26917,"[""https://cellxgene.cziscience.com/collections/02b01703-bf1b-48de-b99a-23bef8cccc81""]",harvest,2026-10-02 11:21
CELLxGENE,1637e817-d091-4793-a3af-796ef57e2668,HTAPP-982-SMP-7629 Slide-seq,Slide-seq,Slide-seqV2,liver,breast cancer,ready,ready,1,1,1,1,0,0.027,https://cellxgene.cziscience.com/e/1637e817-d091-4793-a3af-796ef57e2668.cxg/,10.1038/s41591-024-03215-z,collection HTAN/HTAPP Broad - Spatio-molecular dissection of the breast cancer metastatic microenvironment (a96133de-e951-4e2d-ace6-59db8b3bfb1d); cells=8086,"[""https://cellxgene.cziscience.com/collections/a96133de-e951-4e2d-ace6-59db8b3bfb1d""]",harvest,2026-10-02 11:21
CELLxGENE,170e9c52-5e8a-4ccf-99b6-d45b25b14614,visium spatial - sample v07,Visium,Visium Spatial Gene Expression V1,breast,normal,ready,ready,1,1,1,1,0,2.011,https://cellxgene.cziscience.com/e/170e9c52-5e8a-4ccf-99b6-d45b25b14614.cxg/,10.1038/s41586-023-06252-9,collection A spatially resolved single cell genomic atlas of the adult human breast (4195ab4c-20bd-4cd3-8b3d-65601277e731); cells=4992,"[""https://cellxgene.cziscience.com/collections/4195ab4c-20bd-4cd3-8b3d-65601277e731""]",harvest,2026-10-02 11:21
CELLxGENE,1863bbe2-9c01-48a3-a58e-e2b77b71d6ca,Visium spatial - HCAHeartST11290662 (OCT),Visium,Visium Spatial Gene Expression V1,atrioventricular node,normal,ready,ready,1,1,1,1,0,0.645,https://cellxgene.cziscience.com/e/1863bbe2-9c01-48a3-a58e-e2b77b71d6ca.cxg/,10.1038/s41586-023-06311-1,collection Spatially resolved multiomics of human cardiac niches (3116d060-0a8e-4767-99bb-e866badea1ed); cells=4992,"[""https://cellxgene.cziscience.com/collections/3116d060-0a8e-4767-99bb-e866badea1ed""]",harvest,2026-10-02 11:21
CELLxGENE,18d0fe01-3682-4b5d-aa39-2ca937424c83,Visium spatial - bcc_face_ear_A,Visium,Visium Spatial Gene Expression V1,skin of external ear,basal cell carcinoma,ready,ready,1,1,1,1,0,0.172,https://cellxgene.cziscience.com/e/18d0fe01-3682-4b5d-aa39-2ca937424c83.cxg/,10.1073/pnas.2313326120,collection Multi-scale spatial mapping of cell populations across anatomical sites in healthy human skin and basal cell carcinoma (34f12de7-c5e5-4813-a136-832677f98ac8); cells=4992,"[""https://cellxgene.cziscience.com/collections/34f12de7-c5e5-4813-a136-832677f98ac8""]",harvest,2026-10-02 11:21
CELLxGENE,18fd0190-229d-4d2b-8f28-1e40c49c750d,"Renal cell carcinoma, post aPD1, lung metastasis Puck_220408_20",Slide-seq,Slide-seqV2,lung,renal cell carcinoma,ready,ready,1,1,1,1,0,0.03,https://cellxgene.cziscience.com/e/18fd0190-229d-4d2b-8f28-1e40c49c750d.cxg/,10.1016/j.immuni.2022.09.002,collection Spatially mapping T cell receptors and transcriptomes (02b01703-bf1b-48de-b99a-23bef8cccc81); cells=37563,"[""https://cellxgene.cziscience.com/collections/02b01703-bf1b-48de-b99a-23bef8cccc81""]",harvest,2026-10-02 11:21
CELLxGENE,194062ef-cdb9-4fb9-a00d-2478172fdc06,spRNA-seq for GZMK+CD8+ T cells Target A Specific Acinar Cell Type in Sjögren’s Disease - Block #21,Visium,Visium Spatial Gene Expression V1,labial gland,Sjogren syndrome,ready,ready,1,1,1,1,0,0.071,https://cellxgene.cziscience.com/e/194062ef-cdb9-4fb9-a00d-2478172fdc06.cxg/,10.21203/rs.3.rs-3601404/v2,collection Single cell and spatial transcriptomics in Sjögren’s Disease-affected Human Salivary Glands (21bbfaec-6958-46bc-b1cd-1535752f6304); cells=4992,"[""https://cellxgene.cziscience.com/collections/21bbfaec-6958-46bc-b1cd-1535752f6304""]",harvest,2026-10-02 11:21
CELLxGENE,1a0aec1a-e465-4bea-aaba-a6d58d0ba2c1,RZ_P6 (ACH0022)-Spatial multi-omic map of human myocardial infarction,Visium,Visium Spatial Gene Expression V1,heart left ventricle,myocardial infarction,ready,ready,1,1,1,1,0,0.205,https://cellxgene.cziscience.com/e/1a0aec1a-e465-4bea-aaba-a6d58d0ba2c1.cxg/,10.1038/s41586-022-05060-x,collection Spatial multi-omic map of human myocardial infarction (8191c283-0816-424b-9b61-c3e1d6258a77); cells=4992,"[""https://cellxgene.cziscience.com/collections/8191c283-0816-424b-9b61-c3e1d6258a77""]",harvest,2026-10-02 11:21
CELLxGENE,1a381d53-3af7-48a3-9a45-93e40cbeb924,thymus visium sample WSSS_THYst9518032,Visium,Visium Spatial Gene Expression V1,thymus,normal,ready,ready,1,1,1,1,0,0.167,https://cellxgene.cziscience.com/e/1a381d53-3af7-48a3-9a45-93e40cbeb924.cxg/,10.1038/s41586-024-07944-6,collection A spatial human thymus cell atlas mapped to a continuous tissue axis (fc19ae6c-d7c1-4dce-b703-62c5d52061b4); cells=4992,"[""https://cellxgene.cziscience.com/collections/fc19ae6c-d7c1-4dce-b703-62c5d52061b4""]",harvest,2026-10-02 11:21
CELLxGENE,1b0f8473-f847-4e41-be8b-4dc861860650,Visium spatial - HCAHeartST8795933 (OCT),Visium,Visium Spatial Gene Expression V1,heart left ventricle,normal,ready,ready,1,1,1,1,0,0.448,https://cellxgene.cziscience.com/e/1b0f8473-f847-4e41-be8b-4dc861860650.cxg/,10.1038/s41586-023-06311-1,collection Spatially resolved multiomics of human cardiac niches (3116d060-0a8e-4767-99bb-e866badea1ed); cells=4992,"[""https://cellxgene.cziscience.com/collections/3116d060-0a8e-4767-99bb-e866badea1ed""]",harvest,2026-10-02 11:21
CELLxGENE,1b11283c-1b3a-4fa6-bf87-bc12c550a019,Visium spatial - face_nose_A_a,Visium,Visium Spatial Gene Expression V1,nose skin,normal,ready,ready,1,1,1,1,0,0.177,https://cellxgene.cziscience.com/e/1b11283c-1b3a-4fa6-bf87-bc12c550a019.cxg/,10.1073/pnas.2313326120,collection Multi-scale spatial mapping of cell populations across anatomical sites in healthy human skin and basal cell carcinoma (34f12de7-c5e5-4813-a136-832677f98ac8); cells=4992,"[""https://cellxgene.cziscience.com/collections/34f12de7-c5e5-4813-a136-832677f98ac8""]",harvest,2026-10-02 11:21
CELLxGENE,1b2d0349-d2b2-4138-b86f-863b4410402c,thymus visium sample TA11486162,Visium,Visium Spatial Gene Expression V1,thymus,normal,ready,ready,1,1,1,1,0,0.166,https://cellxgene.cziscience.com/e/1b2d0349-d2b2-4138-b86f-863b4410402c.cxg/,10.1038/s41586-024-07944-6,collection A spatial human thymus cell atlas mapped to a continuous tissue axis (fc19ae6c-d7c1-4dce-b703-62c5d52061b4); cells=4992,"[""https://cellxgene.cziscience.com/collections/fc19ae6c-d7c1-4dce-b703-62c5d52061b4""]",harvest,2026-10-02 11:21
CELLxGENE,1c50055f-6add-4035-b592-9e52a729663e,FZ_P14 (ACH005)-Spatial multi-omic map of human myocardial infarction,Visium,Visium Spatial Gene Expression V1,heart left ventricle,myocardial infarction,ready,ready,1,1,1,1,0,0.193,https://cellxgene.cziscience.com/e/1c50055f-6add-4035-b592-9e52a729663e.cxg/,10.1038/s41586-022-05060-x,collection Spatial multi-omic map of human myocardial infarction (8191c283-0816-424b-9b61-c3e1d6258a77); cells=4992,"[""https://cellxgene.cziscience.com/collections/8191c283-0816-424b-9b61-c3e1d6258a77""]",harvest,2026-10-02 11:21
CELLxGENE,1c6f271e-dfc0-48b5-8fb4-65d297a7666c,pcw12_6332STDY9479170,Visium,Visium Spatial Gene Expression V1,lung,normal,ready,ready,1,1,1,1,0,0.174,https://cellxgene.cziscience.com/e/1c6f271e-dfc0-48b5-8fb4-65d297a7666c.cxg/,10.1016/j.cell.2022.11.005,collection A human fetal lung cell atlas uncovers proximal-distal gradients of differentiation and key regulators of epithelial fates (2d2e2acd-dade-489f-a2da-6c11aa654028); cells=4992,"[""https://cellxgene.cziscience.com/collections/2d2e2acd-dade-489f-a2da-6c11aa654028""]",harvest,2026-10-02 11:21
CELLxGENE,1d3c1bab-7b56-4373-9def-200da734a755,Visium spatial - face_temple_B_a,Visium,Visium Spatial Gene Expression V1,skin of temple,normal,ready,ready,1,1,1,1,0,0.174,https://cellxgene.cziscience.com/e/1d3c1bab-7b56-4373-9def-200da734a755.cxg/,10.1073/pnas.2313326120,collection Multi-scale spatial mapping of cell populations across anatomical sites in healthy human skin and basal cell carcinoma (34f12de7-c5e5-4813-a136-832677f98ac8); cells=4992,"[""https://cellxgene.cziscience.com/collections/34f12de7-c5e5-4813-a136-832677f98ac8""]",harvest,2026-10-02 11:21
CELLxGENE,1d7ac406-9c5f-4537-a169-b6e8fab8b6f2,Visium spatial - face_nose_A_b,Visium,Visium Spatial Gene Expression V1,nose skin,normal,ready,ready,1,1,1,1,0,0.216,https://cellxgene.cziscience.com/e/1d7ac406-9c5f-4537-a169-b6e8fab8b6f2.cxg/,10.1073/pnas.2313326120,collection Multi-scale spatial mapping of cell populations across anatomical sites in healthy human skin and basal cell carcinoma (34f12de7-c5e5-4813-a136-832677f98ac8); cells=4992,"[""https://cellxgene.cziscience.com/collections/34f12de7-c5e5-4813-a136-832677f98ac8""]",harvest,2026-10-02 11:21
CELLxGENE,1dbde7cd-7ade-4d90-80ea-4d447f8b902d,Visium Spatial of Human muscle in Healthy control_3,Visium,Visium Spatial Gene Expression V1,muscle of posterior compartment of hindlimb stylopod,normal,ready,ready,1,1,1,1,0,0.478,https://cellxgene.cziscience.com/e/1dbde7cd-7ade-4d90-80ea-4d447f8b902d.cxg/,10.1002/path.70067,collection Unraveling the spatial landscape of Dystrophinopathies: a transcriptomic approach to Becker and Duchenne muscular dystrophies (f4774e03-b5a7-473b-99d6-eeb80592c5db); cells=4992,"[""https://cellxgene.cziscience.com/collections/f4774e03-b5a7-473b-99d6-eeb80592c5db""]",harvest,2026-10-02 11:21
CELLxGENE,1df5fa02-4a6e-4b00-a203-cb0a60e75637,Visium spatial - HCAHeartST10550730 (OCT),Visium,Visium Spatial Gene Expression V1,heart right ventricle,normal,ready,ready,1,1,1,1,0,0.507,https://cellxgene.cziscience.com/e/1df5fa02-4a6e-4b00-a203-cb0a60e75637.cxg/,10.1038/s41586-023-06311-1,collection Spatially resolved multiomics of human cardiac niches (3116d060-0a8e-4767-99bb-e866badea1ed); cells=4992,"[""https://cellxgene.cziscience.com/collections/3116d060-0a8e-4767-99bb-e866badea1ed""]",harvest,2026-10-02 11:21
CELLxGENE,1e191a00-65da-4170-b9b7-eb94359d7de4,S3_Col_R A416371 Rep2,Visium,Visium Spatial Gene Expression V1,right colon,colorectal cancer,ready,ready,1,1,1,1,0,0.041,https://cellxgene.cziscience.com/e/1e191a00-65da-4170-b9b7-eb94359d7de4.cxg/,10.1038/s41698-023-00488-4,collection Profiling the heterogeneity of colorectal cancer consensus molecular subtypes using spatial transcriptomics (68cba939-4e72-4405-80ef-512a05044fba); cells=4992,"[""https://cellxgene.cziscience.com/collections/68cba939-4e72-4405-80ef-512a05044fba""]",harvest,2026-10-02 11:21
CELLxGENE,1f2630df-fa28-4ebc-9e91-b870c93fc68a,RZ_FZ_P5 (10X0027)-Spatial multi-omic map of human myocardial infarction,Visium,Visium Spatial Gene Expression V1,heart left ventricle,myocardial infarction,ready,ready,1,1,1,1,0,0.147,https://cellxgene.cziscience.com/e/1f2630df-fa28-4ebc-9e91-b870c93fc68a.cxg/,10.1038/s41586-022-05060-x,collection Spatial multi-omic map of human myocardial infarction (8191c283-0816-424b-9b61-c3e1d6258a77); cells=4992,"[""https://cellxgene.cziscience.com/collections/8191c283-0816-424b-9b61-c3e1d6258a77""]",harvest,2026-10-02 11:21
CELLxGENE,1f4cc77e-be05-4f1c-ab52-af60e61ef310,Visium spatial - body_inguinal_A_a,Visium,Visium Spatial Gene Expression V1,inguinal part of abdomen,normal,ready,ready,1,1,1,1,0,0.136,https://cellxgene.cziscience.com/e/1f4cc77e-be05-4f1c-ab52-af60e61ef310.cxg/,10.1073/pnas.2313326120,collection Multi-scale spatial mapping of cell populations across anatomical sites in healthy human skin and basal cell carcinoma (34f12de7-c5e5-4813-a136-832677f98ac8); cells=4992,"[""https://cellxgene.cziscience.com/collections/34f12de7-c5e5-4813-a136-832677f98ac8""]",harvest,2026-10-02 11:21
CELLxGENE,205e9eb0-1ae7-4cdf-abc1-0d7acf5d357f,Visium spatial - body_inguinal_A_b,Visium,Visium Spatial Gene Expression V1,inguinal part of abdomen,normal,ready,ready,1,1,1,1,0,0.247,https://cellxgene.cziscience.com/e/205e9eb0-1ae7-4cdf-abc1-0d7acf5d357f.cxg/,10.1073/pnas.2313326120,collection Multi-scale spatial mapping of cell populations across anatomical sites in healthy human skin and basal cell carcinoma (34f12de7-c5e5-4813-a136-832677f98ac8); cells=4992,"[""https://cellxgene.cziscience.com/collections/34f12de7-c5e5-4813-a136-832677f98ac8""]",harvest,2026-10-02 11:21
CELLxGENE,20718fc1-c04b-496b-8a27-8589a637346c,WSA_LngSP8759312,Visium,Visium Spatial Gene Expression V1,bronchus,normal,ready,ready,1,1,1,1,0,0.479,https://cellxgene.cziscience.com/e/20718fc1-c04b-496b-8a27-8589a637346c.cxg/,10.1038/s41588-022-01243-4,collection A spatially resolved atlas of the human lung characterizes a gland-associated immune niche (c1241244-b22d-483d-875b-75699efb9f3c); cells=4992,"[""https://cellxgene.cziscience.com/collections/c1241244-b22d-483d-875b-75699efb9f3c""]",harvest,2026-10-02 11:21
CELLxGENE,2104fbb8-8ce3-4740-8b6a-bcbb46a13c0f,Visium spatial - HCAHeartST10238252 (OCT),Visium,Visium Spatial Gene Expression V1,left cardiac atrium,normal,ready,ready,1,1,1,1,0,0.338,https://cellxgene.cziscience.com/e/2104fbb8-8ce3-4740-8b6a-bcbb46a13c0f.cxg/,10.1038/s41586-023-06311-1,collection Spatially resolved multiomics of human cardiac niches (3116d060-0a8e-4767-99bb-e866badea1ed); cells=4992,"[""https://cellxgene.cziscience.com/collections/3116d060-0a8e-4767-99bb-e866badea1ed""]",harvest,2026-10-02 11:21
CELLxGENE,2179a9b4-be5e-4e28-b1cd-cd3e07e19271,Visium spatial - HCAHeartST10238251 (OCT),Visium,Visium Spatial Gene Expression V1,right cardiac atrium,normal,ready,ready,1,1,1,1,0,0.344,https://cellxgene.cziscience.com/e/2179a9b4-be5e-4e28-b1cd-cd3e07e19271.cxg/,10.1038/s41586-023-06311-1,collection Spatially resolved multiomics of human cardiac niches (3116d060-0a8e-4767-99bb-e866badea1ed); cells=4992,"[""https://cellxgene.cziscience.com/collections/3116d060-0a8e-4767-99bb-e866badea1ed""]",harvest,2026-10-02 11:21
CELLxGENE,2257d8b0-7385-48b8-8dca-c5772592c5ea,control_P8 (ACH004)-Spatial multi-omic map of human myocardial infarction,Visium,Visium Spatial Gene Expression V1,heart left ventricle,normal,ready,ready,1,1,1,1,0,0.161,https://cellxgene.cziscience.com/e/2257d8b0-7385-48b8-8dca-c5772592c5ea.cxg/,10.1038/s41586-022-05060-x,collection Spatial multi-omic map of human myocardial infarction (8191c283-0816-424b-9b61-c3e1d6258a77); cells=4992,"[""https://cellxgene.cziscience.com/collections/8191c283-0816-424b-9b61-c3e1d6258a77""]",harvest,2026-10-02 11:21
CELLxGENE,22a8b852-6bd0-488c-9c4d-140c17f82fce,thymus visium sample WSSS_F_IMMsp9838716,Visium,Visium Spatial Gene Expression V1,thymus,normal,ready,ready,1,1,1,1,0,0.135,https://cellxgene.cziscience.com/e/22a8b852-6bd0-488c-9c4d-140c17f82fce.cxg/,10.1038/s41586-024-07944-6,collection A spatial human thymus cell atlas mapped to a continuous tissue axis (fc19ae6c-d7c1-4dce-b703-62c5d52061b4); cells=4992,"[""https://cellxgene.cziscience.com/collections/fc19ae6c-d7c1-4dce-b703-62c5d52061b4""]",harvest,2026-10-02 11:21
CELLxGENE,22b5045e-2d51-4694-86b8-a16e5070d64a,Visium Spatial of Human muscle in Dystrophinopathies_7,Visium,Visium Spatial Gene Expression V1,quadriceps femoris,DMD-related muscular dystrophy,ready,ready,1,1,1,1,0,0.57,https://cellxgene.cziscience.com/e/22b5045e-2d51-4694-86b8-a16e5070d64a.cxg/,10.1002/path.70067,collection Unraveling the spatial landscape of Dystrophinopathies: a transcriptomic approach to Becker and Duchenne muscular dystrophies (f4774e03-b5a7-473b-99d6-eeb80592c5db); cells=4992,"[""https://cellxgene.cziscience.com/collections/f4774e03-b5a7-473b-99d6-eeb80592c5db""]",harvest,2026-10-02 11:21
CELLxGENE,22ec5e4c-a2db-4769-8c4a-9530b5f6962d,merged thymus visium fetal samples,Visium,Visium Spatial Gene Expression V1,thymus,normal,ready,ready,1,1,1,1,0,0.119,https://cellxgene.cziscience.com/e/22ec5e4c-a2db-4769-8c4a-9530b5f6962d.cxg/,10.1038/s41586-024-07944-6,collection A spatial human thymus cell atlas mapped to a continuous tissue axis (fc19ae6c-d7c1-4dce-b703-62c5d52061b4); cells=12918,"[""https://cellxgene.cziscience.com/collections/fc19ae6c-d7c1-4dce-b703-62c5d52061b4""]",harvest,2026-10-02 11:21
CELLxGENE,24c31c8c-5f6f-4f13-9f7b-abbedcdcd45f,6800STDY12499412,Visium,Visium Spatial Gene Expression V1,kidney,nonpapillary renal cell carcinoma,ready,ready,1,1,1,1,0,0.145,https://cellxgene.cziscience.com/e/24c31c8c-5f6f-4f13-9f7b-abbedcdcd45f.cxg/,10.1016/j.ccell.2022.11.001,collection Mapping single-cell transcriptomes in the intra-tumoral and associated territories of kidney cancer (f7cecffa-00b4-4560-a29a-8ad626b8ee08); cells=4992,"[""https://cellxgene.cziscience.com/collections/f7cecffa-00b4-4560-a29a-8ad626b8ee08""]",harvest,2026-10-02 11:21
CELLxGENE,24cd1930-ac79-4bf4-adb9-7970644fabf7,thymus visium sample WSSS_F_IMMsp9838711,Visium,Visium Spatial Gene Expression V1,thymus,normal,ready,ready,1,1,1,1,0,0.123,https://cellxgene.cziscience.com/e/24cd1930-ac79-4bf4-adb9-7970644fabf7.cxg/,10.1038/s41586-024-07944-6,collection A spatial human thymus cell atlas mapped to a continuous tissue axis (fc19ae6c-d7c1-4dce-b703-62c5d52061b4); cells=4992,"[""https://cellxgene.cziscience.com/collections/fc19ae6c-d7c1-4dce-b703-62c5d52061b4""]",harvest,2026-10-02 11:21
CELLxGENE,24dbd26d-1a3a-4a0c-a4e9-3d95f373217f,1160920F,Visium,Visium Spatial Gene Expression V1,breast,breast carcinoma,ready,ready,1,1,1,1,0,1.837,https://cellxgene.cziscience.com/e/24dbd26d-1a3a-4a0c-a4e9-3d95f373217f.cxg/,10.1038/s41588-021-00911-1,collection A single-cell and spatially resolved atlas of human breast cancers (dea97145-f712-431c-a223-6b5f565f362a); cells=4992,"[""https://cellxgene.cziscience.com/collections/dea97145-f712-431c-a223-6b5f565f362a""]",harvest,2026-10-02 11:21
CELLxGENE,252438d3-8143-48a9-9ac2-ef5991fb21b8,6800STDY12499408,Visium,Visium Spatial Gene Expression V1,kidney,nonpapillary renal cell carcinoma,ready,ready,1,1,1,1,0,0.235,https://cellxgene.cziscience.com/e/252438d3-8143-48a9-9ac2-ef5991fb21b8.cxg/,10.1016/j.ccell.2022.11.001,collection Mapping single-cell transcriptomes in the intra-tumoral and associated territories of kidney cancer (f7cecffa-00b4-4560-a29a-8ad626b8ee08); cells=4992,"[""https://cellxgene.cziscience.com/collections/f7cecffa-00b4-4560-a29a-8ad626b8ee08""]",harvest,2026-10-02 11:21
CELLxGENE,254ecc3e-57cd-4f1e-8bdf-1b682cc2d309,PCW8.1 WSSS_THYst9383359,Visium,Visium Spatial Gene Expression V1,hindlimb,normal,ready,ready,1,1,1,1,0,0.223,https://cellxgene.cziscience.com/e/254ecc3e-57cd-4f1e-8bdf-1b682cc2d309.cxg/,10.1038/s41586-023-06806-x,collection A human embryonic limb cell atlas resolved in space and time (4fefa187-5d14-4f1e-915b-c892ed320aab); cells=4992,"[""https://cellxgene.cziscience.com/collections/4fefa187-5d14-4f1e-915b-c892ed320aab""]",harvest,2026-10-02 11:21
CELLxGENE,25681e1c-a4f6-4948-aa5f-39d1f239f182,Visium spatial - SAN,Visium,Visium Spatial Gene Expression V1,sinoatrial node,normal,ready,ready,1,1,1,1,0,0.292,https://cellxgene.cziscience.com/e/25681e1c-a4f6-4948-aa5f-39d1f239f182.cxg/,10.1038/s41586-023-06311-1,collection Spatially resolved multiomics of human cardiac niches (3116d060-0a8e-4767-99bb-e866badea1ed); cells=27108,"[""https://cellxgene.cziscience.com/collections/3116d060-0a8e-4767-99bb-e866badea1ed""]",harvest,2026-10-02 11:21
CELLxGENE,27cd5ac9-80ba-43f3-bb60-740593dabdd0,6800STDY12499505,Visium,Visium Spatial Gene Expression V1,kidney,nonpapillary renal cell carcinoma,ready,ready,1,1,1,1,0,0.171,https://cellxgene.cziscience.com/e/27cd5ac9-80ba-43f3-bb60-740593dabdd0.cxg/,10.1016/j.ccell.2022.11.001,collection Mapping single-cell transcriptomes in the intra-tumoral and associated territories of kidney cancer (f7cecffa-00b4-4560-a29a-8ad626b8ee08); cells=4992,"[""https://cellxgene.cziscience.com/collections/f7cecffa-00b4-4560-a29a-8ad626b8ee08""]",harvest,2026-10-02 11:21
CELLxGENE,28ab6eb8-dfa4-4536-9f26-7e06c1b98e8e,Spatial transcriptomics in the healthy human kidney: Puck_200104_15,Slide-seq,Slide-seqV2,cortex of kidney,normal,ready,ready,1,1,1,1,0,0.029,https://cellxgene.cziscience.com/e/28ab6eb8-dfa4-4536-9f26-7e06c1b98e8e.cxg/,10.1016/j.isci.2022.104097,collection High Resolution Slide-seqV2 Spatial Transcriptomics Enables Discovery of Disease-Specific Cell Neighborhoods and Pathways (8e880741-bf9a-4c8e-9227-934204631d2a); cells=25741,"[""https://cellxgene.cziscience.com/collections/8e880741-bf9a-4c8e-9227-934204631d2a""]",harvest,2026-10-02 11:21
CELLxGENE,2916b663-5fe0-4a53-a2da-f6875214e3e6,S4_Col_Sig A120838 Rep1,Visium,Visium Spatial Gene Expression V1,sigmoid colon,colorectal cancer,ready,ready,1,1,1,1,0,0.021,https://cellxgene.cziscience.com/e/2916b663-5fe0-4a53-a2da-f6875214e3e6.cxg/,10.1038/s41698-023-00488-4,collection Profiling the heterogeneity of colorectal cancer consensus molecular subtypes using spatial transcriptomics (68cba939-4e72-4405-80ef-512a05044fba); cells=4992,"[""https://cellxgene.cziscience.com/collections/68cba939-4e72-4405-80ef-512a05044fba""]",harvest,2026-10-02 11:21
CELLxGENE,297b5b89-6197-4135-acff-501c8d4199d0,S7_Rec/Sig A798015 Rep2,Visium,Visium Spatial Gene Expression V1,rectosigmoid junction,colorectal cancer,ready,ready,1,1,1,1,0,0.032,https://cellxgene.cziscience.com/e/297b5b89-6197-4135-acff-501c8d4199d0.cxg/,10.1038/s41698-023-00488-4,collection Profiling the heterogeneity of colorectal cancer consensus molecular subtypes using spatial transcriptomics (68cba939-4e72-4405-80ef-512a05044fba); cells=4992,"[""https://cellxgene.cziscience.com/collections/68cba939-4e72-4405-80ef-512a05044fba""]",harvest,2026-10-02 11:21
CELLxGENE,2abc33b4-d8df-45b6-bc85-db78f067fe59,spRNA-seq for GZMK+CD8+ T cells Target A Specific Acinar Cell Type in Sjögren’s Disease - Block #9,Visium,Visium Spatial Gene Expression V1,labial gland,normal,ready,ready,1,1,1,1,0,0.034,https://cellxgene.cziscience.com/e/2abc33b4-d8df-45b6-bc85-db78f067fe59.cxg/,10.21203/rs.3.rs-3601404/v2,collection Single cell and spatial transcriptomics in Sjögren’s Disease-affected Human Salivary Glands (21bbfaec-6958-46bc-b1cd-1535752f6304); cells=4992,"[""https://cellxgene.cziscience.com/collections/21bbfaec-6958-46bc-b1cd-1535752f6304""]",harvest,2026-10-02 11:21
CELLxGENE,2adc282f-60f1-4afa-a990-940065af4b53,pcw20_6332STDY10289520,Visium,Visium Spatial Gene Expression V1,lung,normal,ready,ready,1,1,1,1,0,0.57,https://cellxgene.cziscience.com/e/2adc282f-60f1-4afa-a990-940065af4b53.cxg/,10.1016/j.cell.2022.11.005,collection A human fetal lung cell atlas uncovers proximal-distal gradients of differentiation and key regulators of epithelial fates (2d2e2acd-dade-489f-a2da-6c11aa654028); cells=4992,"[""https://cellxgene.cziscience.com/collections/2d2e2acd-dade-489f-a2da-6c11aa654028""]",harvest,2026-10-02 11:21
CELLxGENE,2ba63296-1a3d-4469-814e-ed9708e6c104,Visium spatial - HCAHeartST9341982 (OCT),Visium,Visium Spatial Gene Expression V1,heart right ventricle,normal,ready,ready,1,1,1,1,0,0.225,https://cellxgene.cziscience.com/e/2ba63296-1a3d-4469-814e-ed9708e6c104.cxg/,10.1038/s41586-023-06311-1,collection Spatially resolved multiomics of human cardiac niches (3116d060-0a8e-4767-99bb-e866badea1ed); cells=4992,"[""https://cellxgene.cziscience.com/collections/3116d060-0a8e-4767-99bb-e866badea1ed""]",harvest,2026-10-02 11:21
CELLxGENE,2c3621b8-1870-4e06-b169-252ab243118d,WSA_LngSP8759311,Visium,Visium Spatial Gene Expression V1,bronchus,normal,ready,ready,1,1,1,1,0,0.436,https://cellxgene.cziscience.com/e/2c3621b8-1870-4e06-b169-252ab243118d.cxg/,10.1038/s41588-022-01243-4,collection A spatially resolved atlas of the human lung characterizes a gland-associated immune niche (c1241244-b22d-483d-875b-75699efb9f3c); cells=4992,"[""https://cellxgene.cziscience.com/collections/c1241244-b22d-483d-875b-75699efb9f3c""]",harvest,2026-10-02 11:21
CELLxGENE,2c439dce-5aaf-4470-9dae-50ecfbc86e37,PCW8.1 WSSS_THYst9383360,Visium,Visium Spatial Gene Expression V1,hindlimb,normal,ready,ready,1,1,1,1,0,0.245,https://cellxgene.cziscience.com/e/2c439dce-5aaf-4470-9dae-50ecfbc86e37.cxg/,10.1038/s41586-023-06806-x,collection A human embryonic limb cell atlas resolved in space and time (4fefa187-5d14-4f1e-915b-c892ed320aab); cells=4992,"[""https://cellxgene.cziscience.com/collections/4fefa187-5d14-4f1e-915b-c892ed320aab""]",harvest,2026-10-02 11:21
CELLxGENE,2cc628d1-b1dd-4300-9cf6-1015e2b1fd3d,GSM6592055_M8,Visium,Visium Spatial Gene Expression V1,breast,triple-negative breast carcinoma,ready,ready,1,1,1,1,0,0.017,https://cellxgene.cziscience.com/e/2cc628d1-b1dd-4300-9cf6-1015e2b1fd3d.cxg/,10.1016/j.labinv.2023.100258,collection Spatial Transcriptomics Reveal Pitfalls and Opportunities for the Detection of Rare High-Plasticity Breast Cancer Subtypes (bfd55632-15e2-4dde-a1b9-02ade511fc4d); cells=4992,"[""https://cellxgene.cziscience.com/collections/bfd55632-15e2-4dde-a1b9-02ade511fc4d""]",harvest,2026-10-02 11:21
CELLxGENE,2ce7f866-1f9e-486b-b555-c06410e188cb,thymus visium sample TA11556496,Visium,Visium Spatial Gene Expression V1,thymus,normal,ready,ready,1,1,1,1,0,0.189,https://cellxgene.cziscience.com/e/2ce7f866-1f9e-486b-b555-c06410e188cb.cxg/,10.1038/s41586-024-07944-6,collection A spatial human thymus cell atlas mapped to a continuous tissue axis (fc19ae6c-d7c1-4dce-b703-62c5d52061b4); cells=4992,"[""https://cellxgene.cziscience.com/collections/fc19ae6c-d7c1-4dce-b703-62c5d52061b4""]",harvest,2026-10-02 11:21
CELLxGENE,2d3e3c41-3425-4450-9914-95ed7edf7752,visium spatial - sample v05,Visium,Visium Spatial Gene Expression V1,breast,normal,ready,ready,1,1,1,1,0,1.924,https://cellxgene.cziscience.com/e/2d3e3c41-3425-4450-9914-95ed7edf7752.cxg/,10.1038/s41586-023-06252-9,collection A spatially resolved single cell genomic atlas of the adult human breast (4195ab4c-20bd-4cd3-8b3d-65601277e731); cells=4992,"[""https://cellxgene.cziscience.com/collections/4195ab4c-20bd-4cd3-8b3d-65601277e731""]",harvest,2026-10-02 11:21
CELLxGENE,2d4998cf-bd56-4e59-b57d-a04682a36ab1,Spatial transcriptomics in the healthy human kidney: Puck_200115_03,Slide-seq,Slide-seqV2,renal medulla,normal,ready,ready,1,1,1,1,0,0.035,https://cellxgene.cziscience.com/e/2d4998cf-bd56-4e59-b57d-a04682a36ab1.cxg/,10.1016/j.isci.2022.104097,collection High Resolution Slide-seqV2 Spatial Transcriptomics Enables Discovery of Disease-Specific Cell Neighborhoods and Pathways (8e880741-bf9a-4c8e-9227-934204631d2a); cells=20866,"[""https://cellxgene.cziscience.com/collections/8e880741-bf9a-4c8e-9227-934204631d2a""]",harvest,2026-10-02 11:21
CELLxGENE,2d66790a-6621-4a49-8f0d-4002db5cc98d,Spatiotemporal analysis of human intestinal development at single-cell resolution: Fetal A8,Visium,Visium Spatial Gene Expression V1,colon,normal,ready,ready,1,1,1,1,0,0.097,https://cellxgene.cziscience.com/e/2d66790a-6621-4a49-8f0d-4002db5cc98d.cxg/,10.1016/j.cell.2020.12.016,collection Spatiotemporal analysis of human intestinal development at single-cell resolution (60358420-6055-411d-ba4f-e8ac80682a2e); cells=4992,"[""https://cellxgene.cziscience.com/collections/60358420-6055-411d-ba4f-e8ac80682a2e""]",harvest,2026-10-02 11:21
CELLxGENE,2d821164-4681-47dd-b2ac-eb5fddb5b621,S5_Rec A121573 Rep1,Visium,Visium Spatial Gene Expression V1,rectum,colorectal cancer,ready,ready,1,1,1,1,0,0.046,https://cellxgene.cziscience.com/e/2d821164-4681-47dd-b2ac-eb5fddb5b621.cxg/,10.1038/s41698-023-00488-4,collection Profiling the heterogeneity of colorectal cancer consensus molecular subtypes using spatial transcriptomics (68cba939-4e72-4405-80ef-512a05044fba); cells=4992,"[""https://cellxgene.cziscience.com/collections/68cba939-4e72-4405-80ef-512a05044fba""]",harvest,2026-10-02 11:21
CELLxGENE,2d8cb370-c23f-4ac3-bfb7-73c13838d741,Visium spatial - HCAHeartST11350377 (OCT),Visium,Visium Spatial Gene Expression V1,atrioventricular node,normal,ready,ready,1,1,1,1,0,0.582,https://cellxgene.cziscience.com/e/2d8cb370-c23f-4ac3-bfb7-73c13838d741.cxg/,10.1038/s41586-023-06311-1,collection Spatially resolved multiomics of human cardiac niches (3116d060-0a8e-4767-99bb-e866badea1ed); cells=4992,"[""https://cellxgene.cziscience.com/collections/3116d060-0a8e-4767-99bb-e866badea1ed""]",harvest,2026-10-02 11:21
CELLxGENE,30354fd6-4c1b-4083-b6da-8cfbcce1f7b9,pcw20_6332STDY10289521,Visium,Visium Spatial Gene Expression V1,lung,normal,ready,ready,1,1,1,1,0,0.683,https://cellxgene.cziscience.com/e/30354fd6-4c1b-4083-b6da-8cfbcce1f7b9.cxg/,10.1016/j.cell.2022.11.005,collection A human fetal lung cell atlas uncovers proximal-distal gradients of differentiation and key regulators of epithelial fates (2d2e2acd-dade-489f-a2da-6c11aa654028); cells=4992,"[""https://cellxgene.cziscience.com/collections/2d2e2acd-dade-489f-a2da-6c11aa654028""]",harvest,2026-10-02 11:21
CELLxGENE,30437616-4939-40e0-83da-4cae8186d452,6800STDY12499503,Visium,Visium Spatial Gene Expression V1,kidney,nonpapillary renal cell carcinoma,ready,ready,1,1,1,1,0,0.181,https://cellxgene.cziscience.com/e/30437616-4939-40e0-83da-4cae8186d452.cxg/,10.1016/j.ccell.2022.11.001,collection Mapping single-cell transcriptomes in the intra-tumoral and associated territories of kidney cancer (f7cecffa-00b4-4560-a29a-8ad626b8ee08); cells=4992,"[""https://cellxgene.cziscience.com/collections/f7cecffa-00b4-4560-a29a-8ad626b8ee08""]",harvest,2026-10-02 11:21
CELLxGENE,318cb2a6-743a-4404-9515-413d5f64b9ff,10X Visium spatial transcriptomics on tumor core tissue sections,Visium,Visium Spatial Gene Expression V1,kidney,nonpapillary renal cell carcinoma,ready,ready,1,1,1,1,0,0.053,https://cellxgene.cziscience.com/e/318cb2a6-743a-4404-9515-413d5f64b9ff.cxg/,10.1016/j.ccell.2022.11.001,collection Mapping single-cell transcriptomes in the intra-tumoral and associated territories of kidney cancer (f7cecffa-00b4-4560-a29a-8ad626b8ee08); cells=10924,"[""https://cellxgene.cziscience.com/collections/f7cecffa-00b4-4560-a29a-8ad626b8ee08""]",harvest,2026-10-02 11:21
CELLxGENE,31b49393-4485-4998-9ef4-33e03c4c1789,visium spatial - sample v09,Visium,Visium Spatial Gene Expression V1,breast,normal,ready,ready,1,1,1,1,0,2.223,https://cellxgene.cziscience.com/e/31b49393-4485-4998-9ef4-33e03c4c1789.cxg/,10.1038/s41586-023-06252-9,collection A spatially resolved single cell genomic atlas of the adult human breast (4195ab4c-20bd-4cd3-8b3d-65601277e731); cells=4992,"[""https://cellxgene.cziscience.com/collections/4195ab4c-20bd-4cd3-8b3d-65601277e731""]",harvest,2026-10-02 11:21
CELLxGENE,32513e13-8f4a-4418-b4d5-faac85fa430d,GT_IZ_P9_rep2 (ACH0013)-Spatial multi-omic map of human myocardial infarction,Visium,Visium Spatial Gene Expression V1,heart left ventricle,myocardial infarction,ready,ready,1,1,1,1,0,0.265,https://cellxgene.cziscience.com/e/32513e13-8f4a-4418-b4d5-faac85fa430d.cxg/,10.1038/s41586-022-05060-x,collection Spatial multi-omic map of human myocardial infarction (8191c283-0816-424b-9b61-c3e1d6258a77); cells=4992,"[""https://cellxgene.cziscience.com/collections/8191c283-0816-424b-9b61-c3e1d6258a77""]",harvest,2026-10-02 11:21
CELLxGENE,32eb45ed-d970-4f34-8ad1-7a88e8ee6ce1,Visium spatial - body_back_A_a,Visium,Visium Spatial Gene Expression V1,skin of back,normal,ready,ready,1,1,1,1,0,0.22,https://cellxgene.cziscience.com/e/32eb45ed-d970-4f34-8ad1-7a88e8ee6ce1.cxg/,10.1073/pnas.2313326120,collection Multi-scale spatial mapping of cell populations across anatomical sites in healthy human skin and basal cell carcinoma (34f12de7-c5e5-4813-a136-832677f98ac8); cells=4992,"[""https://cellxgene.cziscience.com/collections/34f12de7-c5e5-4813-a136-832677f98ac8""]",harvest,2026-10-02 11:21
CELLxGENE,32ffc3a7-c88d-49e1-894f-8e09d0184ee9,"Renal cell carcinoma, post aPD1, lung metastasis Puck_220408_13",Slide-seq,Slide-seqV2,lung,renal cell carcinoma,ready,ready,1,1,1,1,0,0.027,https://cellxgene.cziscience.com/e/32ffc3a7-c88d-49e1-894f-8e09d0184ee9.cxg/,10.1016/j.immuni.2022.09.002,collection Spatially mapping T cell receptors and transcriptomes (02b01703-bf1b-48de-b99a-23bef8cccc81); cells=40217,"[""https://cellxgene.cziscience.com/collections/02b01703-bf1b-48de-b99a-23bef8cccc81""]",harvest,2026-10-02 11:21
CELLxGENE,335c6629-0563-4b44-a7fb-d69ba00ddc41,Visium spatial - body_abdomen_A,Visium,Visium Spatial Gene Expression V1,skin of abdomen,normal,ready,ready,1,1,1,1,0,0.44,https://cellxgene.cziscience.com/e/335c6629-0563-4b44-a7fb-d69ba00ddc41.cxg/,10.1073/pnas.2313326120,collection Multi-scale spatial mapping of cell populations across anatomical sites in healthy human skin and basal cell carcinoma (34f12de7-c5e5-4813-a136-832677f98ac8); cells=4992,"[""https://cellxgene.cziscience.com/collections/34f12de7-c5e5-4813-a136-832677f98ac8""]",harvest,2026-10-02 11:21
CELLxGENE,339756db-b41f-4abd-b520-125e62e1389f,Visium spatial - HCAHeartST13233996 (OCT),Visium,Visium Spatial Gene Expression V1,sinoatrial node,normal,ready,ready,1,1,1,1,0,0.347,https://cellxgene.cziscience.com/e/339756db-b41f-4abd-b520-125e62e1389f.cxg/,10.1038/s41586-023-06311-1,collection Spatially resolved multiomics of human cardiac niches (3116d060-0a8e-4767-99bb-e866badea1ed); cells=4992,"[""https://cellxgene.cziscience.com/collections/3116d060-0a8e-4767-99bb-e866badea1ed""]",harvest,2026-10-02 11:21
CELLxGENE,344f27ab-428c-4a0e-a7e1-d4441f2f9b80,spRNA-seq for GZMK+CD8+ T cells Target A Specific Acinar Cell Type in Sjögren’s Disease - Block #30,Visium,Visium Spatial Gene Expression V1,labial gland,immune system disorder; normal,ready,ready,1,1,1,1,0,0.071,https://cellxgene.cziscience.com/e/344f27ab-428c-4a0e-a7e1-d4441f2f9b80.cxg/,10.21203/rs.3.rs-3601404/v2,collection Single cell and spatial transcriptomics in Sjögren’s Disease-affected Human Salivary Glands (21bbfaec-6958-46bc-b1cd-1535752f6304); cells=4992,"[""https://cellxgene.cziscience.com/collections/21bbfaec-6958-46bc-b1cd-1535752f6304""]",harvest,2026-10-02 11:21
CELLxGENE,34cb364a-c405-478e-8cdd-48a69ae5c5b4,Spatial transcriptomics in the healthy human kidney: Puck_200115_05,Slide-seq,Slide-seqV2,cortex of kidney,normal,ready,ready,1,1,1,1,0,0.035,https://cellxgene.cziscience.com/e/34cb364a-c405-478e-8cdd-48a69ae5c5b4.cxg/,10.1016/j.isci.2022.104097,collection High Resolution Slide-seqV2 Spatial Transcriptomics Enables Discovery of Disease-Specific Cell Neighborhoods and Pathways (8e880741-bf9a-4c8e-9227-934204631d2a); cells=29921,"[""https://cellxgene.cziscience.com/collections/8e880741-bf9a-4c8e-9227-934204631d2a""]",harvest,2026-10-02 11:21
CELLxGENE,35d08a93-c6d2-4954-9a14-3710c331d28c,thymus visium sample WSSS_F_IMMsp11604687,Visium,Visium Spatial Gene Expression V1,thymus,normal,ready,ready,1,1,1,1,0,0.106,https://cellxgene.cziscience.com/e/35d08a93-c6d2-4954-9a14-3710c331d28c.cxg/,10.1038/s41586-024-07944-6,collection A spatial human thymus cell atlas mapped to a continuous tissue axis (fc19ae6c-d7c1-4dce-b703-62c5d52061b4); cells=4992,"[""https://cellxgene.cziscience.com/collections/fc19ae6c-d7c1-4dce-b703-62c5d52061b4""]",harvest,2026-10-02 11:21
CELLxGENE,3679ae7d-d70e-4c09-a8bb-78b8ae1006ff,Spatial transcriptomics in the healthy human kidney: Puck_200131_25,Slide-seq,Slide-seqV2,cortex of kidney,normal,ready,ready,1,1,1,1,0,0.012,https://cellxgene.cziscience.com/e/3679ae7d-d70e-4c09-a8bb-78b8ae1006ff.cxg/,10.1016/j.isci.2022.104097,collection High Resolution Slide-seqV2 Spatial Transcriptomics Enables Discovery of Disease-Specific Cell Neighborhoods and Pathways (8e880741-bf9a-4c8e-9227-934204631d2a); cells=10701,"[""https://cellxgene.cziscience.com/collections/8e880741-bf9a-4c8e-9227-934204631d2a""]",harvest,2026-10-02 11:21
CELLxGENE,36a9ccdd-f1a3-4f15-aaad-8eae728cd66c,spRNA-seq for GZMK+CD8+ T cells Target A Specific Acinar Cell Type in Sjögren’s Disease - Block #7,Visium,Visium Spatial Gene Expression V1,labial gland,Sjogren syndrome,ready,ready,1,1,1,1,0,0.03,https://cellxgene.cziscience.com/e/36a9ccdd-f1a3-4f15-aaad-8eae728cd66c.cxg/,10.21203/rs.3.rs-3601404/v2,collection Single cell and spatial transcriptomics in Sjögren’s Disease-affected Human Salivary Glands (21bbfaec-6958-46bc-b1cd-1535752f6304); cells=4992,"[""https://cellxgene.cziscience.com/collections/21bbfaec-6958-46bc-b1cd-1535752f6304""]",harvest,2026-10-02 11:21
CELLxGENE,39202b1d-6447-41e0-b409-84e7e9e551f1,WSA_LngSP10193346,Visium,Visium Spatial Gene Expression V1,lung parenchyma,normal,ready,ready,1,1,1,1,0,0.773,https://cellxgene.cziscience.com/e/39202b1d-6447-41e0-b409-84e7e9e551f1.cxg/,10.1038/s41588-022-01243-4,collection A spatially resolved atlas of the human lung characterizes a gland-associated immune niche (c1241244-b22d-483d-875b-75699efb9f3c); cells=4992,"[""https://cellxgene.cziscience.com/collections/c1241244-b22d-483d-875b-75699efb9f3c""]",harvest,2026-10-02 11:21
CELLxGENE,3a29c3df-b45a-403d-bd76-259640245432,thymus visium sample TA11486164,Visium,Visium Spatial Gene Expression V1,thymus,normal,ready,ready,1,1,1,1,0,0.168,https://cellxgene.cziscience.com/e/3a29c3df-b45a-403d-bd76-259640245432.cxg/,10.1038/s41586-024-07944-6,collection A spatial human thymus cell atlas mapped to a continuous tissue axis (fc19ae6c-d7c1-4dce-b703-62c5d52061b4); cells=4992,"[""https://cellxgene.cziscience.com/collections/fc19ae6c-d7c1-4dce-b703-62c5d52061b4""]",harvest,2026-10-02 11:21
CELLxGENE,3a55b986-2517-4e4b-be24-9c676849fc60,spRNA-seq for GZMK+CD8+ T cells Target A Specific Acinar Cell Type in Sjögren’s Disease - Block #10,Visium,Visium Spatial Gene Expression V1,labial gland,normal,ready,ready,1,1,1,1,0,0.028,https://cellxgene.cziscience.com/e/3a55b986-2517-4e4b-be24-9c676849fc60.cxg/,10.21203/rs.3.rs-3601404/v2,collection Single cell and spatial transcriptomics in Sjögren’s Disease-affected Human Salivary Glands (21bbfaec-6958-46bc-b1cd-1535752f6304); cells=4992,"[""https://cellxgene.cziscience.com/collections/21bbfaec-6958-46bc-b1cd-1535752f6304""]",harvest,2026-10-02 11:21
CELLxGENE,3add6c93-7e8c-4f7a-8056-3354ae777757,Visium spatial - HCAHeartST11702010 (FFPE),Visium,Visium Spatial Gene Expression V1,sinoatrial node,normal,ready,ready,1,1,1,1,0,0.639,https://cellxgene.cziscience.com/e/3add6c93-7e8c-4f7a-8056-3354ae777757.cxg/,10.1038/s41586-023-06311-1,collection Spatially resolved multiomics of human cardiac niches (3116d060-0a8e-4767-99bb-e866badea1ed); cells=4992,"[""https://cellxgene.cziscience.com/collections/3116d060-0a8e-4767-99bb-e866badea1ed""]",harvest,2026-10-02 11:21
CELLxGENE,3bf0da2c-f0d7-4078-a152-d6a4f97ea43f,Spatial transcriptomics in the healthy human kidney: Puck_200205_17,Slide-seq,Slide-seqV2,cortex of kidney,normal,ready,ready,1,1,1,1,0,0.016,https://cellxgene.cziscience.com/e/3bf0da2c-f0d7-4078-a152-d6a4f97ea43f.cxg/,10.1016/j.isci.2022.104097,collection High Resolution Slide-seqV2 Spatial Transcriptomics Enables Discovery of Disease-Specific Cell Neighborhoods and Pathways (8e880741-bf9a-4c8e-9227-934204631d2a); cells=10419,"[""https://cellxgene.cziscience.com/collections/8e880741-bf9a-4c8e-9227-934204631d2a""]",harvest,2026-10-02 11:21
CELLxGENE,3d784d25-8ef7-4f21-b5e4-30f6c80d9902,Liver Visium of Human H37,Visium,Visium Spatial Gene Expression V1,liver,normal,ready,ready,1,1,1,1,0,0.461,https://cellxgene.cziscience.com/e/3d784d25-8ef7-4f21-b5e4-30f6c80d9902.cxg/,10.1016/j.cell.2021.12.018,collection Spatial proteogenomics reveals distinct and evolutionarily conserved hepatic macrophage niches (74e10dc4-cbb2-4605-a189-8a1cd8e44d8c); cells=4992,"[""https://cellxgene.cziscience.com/collections/74e10dc4-cbb2-4605-a189-8a1cd8e44d8c""]",harvest,2026-10-02 11:21
CELLxGENE,40483c8c-be0d-4794-bfb8-e59e9b5a3750,Visium Spatial of Human muscle in Healthy control_4,Visium,Visium Spatial Gene Expression V1,gastrocnemius,normal,ready,ready,1,1,1,1,0,0.447,https://cellxgene.cziscience.com/e/40483c8c-be0d-4794-bfb8-e59e9b5a3750.cxg/,10.1002/path.70067,collection Unraveling the spatial landscape of Dystrophinopathies: a transcriptomic approach to Becker and Duchenne muscular dystrophies (f4774e03-b5a7-473b-99d6-eeb80592c5db); cells=4992,"[""https://cellxgene.cziscience.com/collections/f4774e03-b5a7-473b-99d6-eeb80592c5db""]",harvest,2026-10-02 11:21
CELLxGENE,41bc3efb-b4e1-4676-8cb9-3a128450d9e1,WSSS_F_IMMsp9838710,Visium,Visium Spatial Gene Expression V1,spleen,normal,ready,ready,1,1,1,1,0,0.116,https://cellxgene.cziscience.com/e/41bc3efb-b4e1-4676-8cb9-3a128450d9e1.cxg/,10.1126/science.abo0510,collection Mapping the developing human immune system across organs (b1a879f6-5638-48d3-8f64-f6592c1b1561); cells=4992,"[""https://cellxgene.cziscience.com/collections/b1a879f6-5638-48d3-8f64-f6592c1b1561""]",harvest,2026-10-02 11:21
CELLxGENE,43600c3c-6aa4-490a-bf80-bd74a52edfa4,Spatial transcriptomics in the healthy human kidney: Puck_200104_16,Slide-seq,Slide-seqV2,cortex of kidney,normal,ready,ready,1,1,1,1,0,0.018,https://cellxgene.cziscience.com/e/43600c3c-6aa4-490a-bf80-bd74a52edfa4.cxg/,10.1016/j.isci.2022.104097,collection High Resolution Slide-seqV2 Spatial Transcriptomics Enables Discovery of Disease-Specific Cell Neighborhoods and Pathways (8e880741-bf9a-4c8e-9227-934204631d2a); cells=23857,"[""https://cellxgene.cziscience.com/collections/8e880741-bf9a-4c8e-9227-934204631d2a""]",harvest,2026-10-02 11:21
CELLxGENE,43848156-ba94-47b5-8409-7535cea75678,thymus visium sample TA11556492,Visium,Visium Spatial Gene Expression V1,thymus,normal,ready,ready,1,1,1,1,0,0.186,https://cellxgene.cziscience.com/e/43848156-ba94-47b5-8409-7535cea75678.cxg/,10.1038/s41586-024-07944-6,collection A spatial human thymus cell atlas mapped to a continuous tissue axis (fc19ae6c-d7c1-4dce-b703-62c5d52061b4); cells=4992,"[""https://cellxgene.cziscience.com/collections/fc19ae6c-d7c1-4dce-b703-62c5d52061b4""]",harvest,2026-10-02 11:21
CELLxGENE,43cd0dbc-4e6c-433f-b143-8e6367e17fed,Visium spatial data from liver of primary sclerosing cholangitis patient; sample PSC011_A1,Visium,Visium Spatial Gene Expression V1,caudate lobe of liver,primary sclerosing cholangitis,ready,ready,1,1,1,1,0,0.062,https://cellxgene.cziscience.com/e/43cd0dbc-4e6c-433f-b143-8e6367e17fed.cxg/,10.1016/j.jhep.2023.12.023,collection Single-cell and spatial transcriptomics characterisation of the immunological landscape in the healthy and PSC human liver (0c8a364b-97b5-4cc8-a593-23c38c6f0ac5); cells=4992,"[""https://cellxgene.cziscience.com/collections/0c8a364b-97b5-4cc8-a593-23c38c6f0ac5""]",harvest,2026-10-02 11:21
CELLxGENE,43d268e8-1859-4ce7-ba75-e7e4f5a76e1d,Visium spatial - bcc_face_cheek_A,Visium,Visium Spatial Gene Expression V1,skin of cheek,basal cell carcinoma,ready,ready,1,1,1,1,0,0.126,https://cellxgene.cziscience.com/e/43d268e8-1859-4ce7-ba75-e7e4f5a76e1d.cxg/,10.1073/pnas.2313326120,collection Multi-scale spatial mapping of cell populations across anatomical sites in healthy human skin and basal cell carcinoma (34f12de7-c5e5-4813-a136-832677f98ac8); cells=4992,"[""https://cellxgene.cziscience.com/collections/34f12de7-c5e5-4813-a136-832677f98ac8""]",harvest,2026-10-02 11:21
CELLxGENE,44c9d3fd-bbde-45a5-a17c-db37a75bf697,WSA_LngSP10972074,Visium,Visium Spatial Gene Expression V1,trachea,normal,ready,ready,1,1,1,1,0,0.248,https://cellxgene.cziscience.com/e/44c9d3fd-bbde-45a5-a17c-db37a75bf697.cxg/,10.1038/s41588-022-01243-4,collection A spatially resolved atlas of the human lung characterizes a gland-associated immune niche (c1241244-b22d-483d-875b-75699efb9f3c); cells=4992,"[""https://cellxgene.cziscience.com/collections/c1241244-b22d-483d-875b-75699efb9f3c""]",harvest,2026-10-02 11:21
CELLxGENE,4506d9e3-4543-4464-aeae-b0b04eee1cea,Spatiotemporal analysis of human intestinal development at single-cell resolution: Adult A1,Visium,Visium Spatial Gene Expression V1,colon,normal,ready,ready,1,1,1,1,0,0.092,https://cellxgene.cziscience.com/e/4506d9e3-4543-4464-aeae-b0b04eee1cea.cxg/,10.1016/j.cell.2020.12.016,collection Spatiotemporal analysis of human intestinal development at single-cell resolution (60358420-6055-411d-ba4f-e8ac80682a2e); cells=4992,"[""https://cellxgene.cziscience.com/collections/60358420-6055-411d-ba4f-e8ac80682a2e""]",harvest,2026-10-02 11:21
CELLxGENE,452f8dfe-52f1-4990-a73a-7117422a5934,Visium spatial - HCAHeartST9341984 (OCT),Visium,Visium Spatial Gene Expression V1,apex of heart,normal,ready,ready,1,1,1,1,0,0.339,https://cellxgene.cziscience.com/e/452f8dfe-52f1-4990-a73a-7117422a5934.cxg/,10.1038/s41586-023-06311-1,collection Spatially resolved multiomics of human cardiac niches (3116d060-0a8e-4767-99bb-e866badea1ed); cells=4992,"[""https://cellxgene.cziscience.com/collections/3116d060-0a8e-4767-99bb-e866badea1ed""]",harvest,2026-10-02 11:21
CELLxGENE,4754ff7d-dd0a-4eff-b50c-ee9c7d4bd613,Visium spatial - face_cheek_B,Visium,Visium Spatial Gene Expression V1,skin of cheek,normal,ready,ready,1,1,1,1,0,0.187,https://cellxgene.cziscience.com/e/4754ff7d-dd0a-4eff-b50c-ee9c7d4bd613.cxg/,10.1073/pnas.2313326120,collection Multi-scale spatial mapping of cell populations across anatomical sites in healthy human skin and basal cell carcinoma (34f12de7-c5e5-4813-a136-832677f98ac8); cells=4992,"[""https://cellxgene.cziscience.com/collections/34f12de7-c5e5-4813-a136-832677f98ac8""]",harvest,2026-10-02 11:21
CELLxGENE,47a267c5-06f4-4d8b-afee-a4dc643fd9cd,pcw20_6332STDY10289522,Visium,Visium Spatial Gene Expression V1,lung,normal,ready,ready,1,1,1,1,0,0.733,https://cellxgene.cziscience.com/e/47a267c5-06f4-4d8b-afee-a4dc643fd9cd.cxg/,10.1016/j.cell.2022.11.005,collection A human fetal lung cell atlas uncovers proximal-distal gradients of differentiation and key regulators of epithelial fates (2d2e2acd-dade-489f-a2da-6c11aa654028); cells=4992,"[""https://cellxgene.cziscience.com/collections/2d2e2acd-dade-489f-a2da-6c11aa654028""]",harvest,2026-10-02 11:21
CELLxGENE,480f9371-0e43-4724-a9b6-377b33789a42,GSM6592051_M4,Visium,Visium Spatial Gene Expression V1,breast,triple-negative breast carcinoma,ready,ready,1,1,1,1,0,0.027,https://cellxgene.cziscience.com/e/480f9371-0e43-4724-a9b6-377b33789a42.cxg/,10.1016/j.labinv.2023.100258,collection Spatial Transcriptomics Reveal Pitfalls and Opportunities for the Detection of Rare High-Plasticity Breast Cancer Subtypes (bfd55632-15e2-4dde-a1b9-02ade511fc4d); cells=4992,"[""https://cellxgene.cziscience.com/collections/bfd55632-15e2-4dde-a1b9-02ade511fc4d""]",harvest,2026-10-02 11:21
CELLxGENE,4825ab17-d48f-4758-9fa8-2a291d7c7324,spRNA-seq for GZMK+CD8+ T cells Target A Specific Acinar Cell Type in Sjögren’s Disease - Block #3,Visium,Visium Spatial Gene Expression V1,labial gland,normal,ready,ready,1,1,1,1,0,0.029,https://cellxgene.cziscience.com/e/4825ab17-d48f-4758-9fa8-2a291d7c7324.cxg/,10.21203/rs.3.rs-3601404/v2,collection Single cell and spatial transcriptomics in Sjögren’s Disease-affected Human Salivary Glands (21bbfaec-6958-46bc-b1cd-1535752f6304); cells=4992,"[""https://cellxgene.cziscience.com/collections/21bbfaec-6958-46bc-b1cd-1535752f6304""]",harvest,2026-10-02 11:21
CELLxGENE,4887f277-b45c-49a6-8c8a-de89e75dc032,WS_PLA_S9101770,Visium,Visium Spatial Gene Expression V1,decidua basalis,normal,ready,ready,1,1,1,1,0,0.039,https://cellxgene.cziscience.com/e/4887f277-b45c-49a6-8c8a-de89e75dc032.cxg/,10.1038/s41586-023-05869-0,collection Spatial multiomics map of trophoblast development in early pregnancy (e2c257e7-6f79-487c-b81c-39451cd4ab3c); cells=4992,"[""https://cellxgene.cziscience.com/collections/e2c257e7-6f79-487c-b81c-39451cd4ab3c""]",harvest,2026-10-02 11:21
CELLxGENE,48900359-9ba9-4337-b1c6-a2393b17d670,thymus visium sample WSSS_THYst9142087,Visium,Visium Spatial Gene Expression V1,thymus,normal,ready,ready,1,1,1,1,0,0.166,https://cellxgene.cziscience.com/e/48900359-9ba9-4337-b1c6-a2393b17d670.cxg/,10.1038/s41586-024-07944-6,collection A spatial human thymus cell atlas mapped to a continuous tissue axis (fc19ae6c-d7c1-4dce-b703-62c5d52061b4); cells=4992,"[""https://cellxgene.cziscience.com/collections/fc19ae6c-d7c1-4dce-b703-62c5d52061b4""]",harvest,2026-10-02 11:21
CELLxGENE,48b55b2b-c6a3-4288-a09e-e01e5078c678,HTAPP-213-SMP-6752 Slide-seq,Slide-seq,Slide-seqV2,chest wall,breast cancer,ready,ready,1,1,1,1,0,0.067,https://cellxgene.cziscience.com/e/48b55b2b-c6a3-4288-a09e-e01e5078c678.cxg/,10.1038/s41591-024-03215-z,collection HTAN/HTAPP Broad - Spatio-molecular dissection of the breast cancer metastatic microenvironment (a96133de-e951-4e2d-ace6-59db8b3bfb1d); cells=9362,"[""https://cellxgene.cziscience.com/collections/a96133de-e951-4e2d-ace6-59db8b3bfb1d""]",harvest,2026-10-02 11:21
CELLxGENE,49108ba9-1b7a-4a8a-9859-3d32e6a83926,visium spatial - sample v02,Visium,Visium Spatial Gene Expression V1,breast,normal,ready,ready,1,1,1,1,0,0.059,https://cellxgene.cziscience.com/e/49108ba9-1b7a-4a8a-9859-3d32e6a83926.cxg/,10.1038/s41586-023-06252-9,collection A spatially resolved single cell genomic atlas of the adult human breast (4195ab4c-20bd-4cd3-8b3d-65601277e731); cells=4992,"[""https://cellxgene.cziscience.com/collections/4195ab4c-20bd-4cd3-8b3d-65601277e731""]",harvest,2026-10-02 11:21
CELLxGENE,49a896ee-ac93-480a-8b58-19afa747d6b9,FZ_P20 (ACH007)-Spatial multi-omic map of human myocardial infarction,Visium,Visium Spatial Gene Expression V1,heart left ventricle,myocardial infarction,ready,ready,1,1,1,1,0,0.201,https://cellxgene.cziscience.com/e/49a896ee-ac93-480a-8b58-19afa747d6b9.cxg/,10.1038/s41586-022-05060-x,collection Spatial multi-omic map of human myocardial infarction (8191c283-0816-424b-9b61-c3e1d6258a77); cells=4992,"[""https://cellxgene.cziscience.com/collections/8191c283-0816-424b-9b61-c3e1d6258a77""]",harvest,2026-10-02 11:21
CELLxGENE,4a6e55f0-a01e-46b5-9c49-8ecfdf042c71,GT_IZ_P15 (ACH0011)-Spatial multi-omic map of human myocardial infarction,Visium,Visium Spatial Gene Expression V1,heart left ventricle,myocardial infarction,ready,ready,1,1,1,1,0,0.237,https://cellxgene.cziscience.com/e/4a6e55f0-a01e-46b5-9c49-8ecfdf042c71.cxg/,10.1038/s41586-022-05060-x,collection Spatial multi-omic map of human myocardial infarction (8191c283-0816-424b-9b61-c3e1d6258a77); cells=4992,"[""https://cellxgene.cziscience.com/collections/8191c283-0816-424b-9b61-c3e1d6258a77""]",harvest,2026-10-02 11:21
CELLxGENE,4a9f7ec6-5de7-4e8a-acaa-d6d100a5ea58,Visium spatial - HCAHeartST9383354 (OCT),Visium,Visium Spatial Gene Expression V1,heart left ventricle,normal,ready,ready,1,1,1,1,0,0.333,https://cellxgene.cziscience.com/e/4a9f7ec6-5de7-4e8a-acaa-d6d100a5ea58.cxg/,10.1038/s41586-023-06311-1,collection Spatially resolved multiomics of human cardiac niches (3116d060-0a8e-4767-99bb-e866badea1ed); cells=4992,"[""https://cellxgene.cziscience.com/collections/3116d060-0a8e-4767-99bb-e866badea1ed""]",harvest,2026-10-02 11:21
CELLxGENE,4aefec71-da4e-48ec-a910-c542b5807c7d,"Renal cell carcinoma, post aPD1, lung metastasis Puck_220408_14",Slide-seq,Slide-seqV2,lung,renal cell carcinoma,ready,ready,1,1,1,1,0,0.028,https://cellxgene.cziscience.com/e/4aefec71-da4e-48ec-a910-c542b5807c7d.cxg/,10.1016/j.immuni.2022.09.002,collection Spatially mapping T cell receptors and transcriptomes (02b01703-bf1b-48de-b99a-23bef8cccc81); cells=37568,"[""https://cellxgene.cziscience.com/collections/02b01703-bf1b-48de-b99a-23bef8cccc81""]",harvest,2026-10-02 11:21
CELLxGENE,4b1a2706-7c40-4fe6-a422-be79603e0162,spRNA-seq for GZMK+CD8+ T cells Target A Specific Acinar Cell Type in Sjögren’s Disease - Block #22,Visium,Visium Spatial Gene Expression V1,labial gland,Sjogren syndrome,ready,ready,1,1,1,1,0,0.049,https://cellxgene.cziscience.com/e/4b1a2706-7c40-4fe6-a422-be79603e0162.cxg/,10.21203/rs.3.rs-3601404/v2,collection Single cell and spatial transcriptomics in Sjögren’s Disease-affected Human Salivary Glands (21bbfaec-6958-46bc-b1cd-1535752f6304); cells=4992,"[""https://cellxgene.cziscience.com/collections/21bbfaec-6958-46bc-b1cd-1535752f6304""]",harvest,2026-10-02 11:21
CELLxGENE,4c367cfb-fd4c-4505-bac9-5456f4fb3a44,IZ_P3 (10X0017)-Spatial multi-omic map of human myocardial infarction,Visium,Visium Spatial Gene Expression V1,heart left ventricle,myocardial infarction,ready,ready,1,1,1,1,0,0.168,https://cellxgene.cziscience.com/e/4c367cfb-fd4c-4505-bac9-5456f4fb3a44.cxg/,10.1038/s41586-022-05060-x,collection Spatial multi-omic map of human myocardial infarction (8191c283-0816-424b-9b61-c3e1d6258a77); cells=4992,"[""https://cellxgene.cziscience.com/collections/8191c283-0816-424b-9b61-c3e1d6258a77""]",harvest,2026-10-02 11:21
CELLxGENE,4cceac62-9513-42a4-90e5-2878dbb0192c,thymus visium sample WSSS_THYst9518030,Visium,Visium Spatial Gene Expression V1,thymus,normal,ready,ready,1,1,1,1,0,0.172,https://cellxgene.cziscience.com/e/4cceac62-9513-42a4-90e5-2878dbb0192c.cxg/,10.1038/s41586-024-07944-6,collection A spatial human thymus cell atlas mapped to a continuous tissue axis (fc19ae6c-d7c1-4dce-b703-62c5d52061b4); cells=4992,"[""https://cellxgene.cziscience.com/collections/fc19ae6c-d7c1-4dce-b703-62c5d52061b4""]",harvest,2026-10-02 11:21
CELLxGENE,4d31941b-7abc-4963-bf0c-2021998bc3bc,Spatial transcriptomics in the healthy human kidney: Puck_200115_11,Slide-seq,Slide-seqV2,cortex of kidney,normal,ready,ready,1,1,1,1,0,0.033,https://cellxgene.cziscience.com/e/4d31941b-7abc-4963-bf0c-2021998bc3bc.cxg/,10.1016/j.isci.2022.104097,collection High Resolution Slide-seqV2 Spatial Transcriptomics Enables Discovery of Disease-Specific Cell Neighborhoods and Pathways (8e880741-bf9a-4c8e-9227-934204631d2a); cells=25166,"[""https://cellxgene.cziscience.com/collections/8e880741-bf9a-4c8e-9227-934204631d2a""]",harvest,2026-10-02 11:21
CELLxGENE,4db76400-e867-4fd5-9f49-fdc489b38269,GSM6592056_M9,Visium,Visium Spatial Gene Expression V1,breast,normal,ready,ready,1,1,1,1,0,0.013,https://cellxgene.cziscience.com/e/4db76400-e867-4fd5-9f49-fdc489b38269.cxg/,10.1016/j.labinv.2023.100258,collection Spatial Transcriptomics Reveal Pitfalls and Opportunities for the Detection of Rare High-Plasticity Breast Cancer Subtypes (bfd55632-15e2-4dde-a1b9-02ade511fc4d); cells=4992,"[""https://cellxgene.cziscience.com/collections/bfd55632-15e2-4dde-a1b9-02ade511fc4d""]",harvest,2026-10-02 11:21
CELLxGENE,4e6e0a5d-28f7-4792-a43b-7c3aa50d0265,Visium spatial - bcc_face_nose_A,Visium,Visium Spatial Gene Expression V1,nose skin,basal cell carcinoma,ready,ready,1,1,1,1,0,0.179,https://cellxgene.cziscience.com/e/4e6e0a5d-28f7-4792-a43b-7c3aa50d0265.cxg/,10.1073/pnas.2313326120,collection Multi-scale spatial mapping of cell populations across anatomical sites in healthy human skin and basal cell carcinoma (34f12de7-c5e5-4813-a136-832677f98ac8); cells=4992,"[""https://cellxgene.cziscience.com/collections/34f12de7-c5e5-4813-a136-832677f98ac8""]",harvest,2026-10-02 11:21
CELLxGENE,4ebe33a1-c8ba-4238-9724-bd8b3a977521,Spatial transcriptomics in the healthy human kidney: Puck_200131_26,Slide-seq,Slide-seqV2,renal medulla,normal,ready,ready,1,1,1,1,0,0.03,https://cellxgene.cziscience.com/e/4ebe33a1-c8ba-4238-9724-bd8b3a977521.cxg/,10.1016/j.isci.2022.104097,collection High Resolution Slide-seqV2 Spatial Transcriptomics Enables Discovery of Disease-Specific Cell Neighborhoods and Pathways (8e880741-bf9a-4c8e-9227-934204631d2a); cells=17909,"[""https://cellxgene.cziscience.com/collections/8e880741-bf9a-4c8e-9227-934204631d2a""]",harvest,2026-10-02 11:21
CELLxGENE,4ee03124-5782-4187-968a-c178f8b212e1,WSSS_F_IMMsp10864181,Visium,Visium Spatial Gene Expression V1,spleen,normal,ready,ready,1,1,1,1,0,0.186,https://cellxgene.cziscience.com/e/4ee03124-5782-4187-968a-c178f8b212e1.cxg/,10.1126/science.abo0510,collection Mapping the developing human immune system across organs (b1a879f6-5638-48d3-8f64-f6592c1b1561); cells=4992,"[""https://cellxgene.cziscience.com/collections/b1a879f6-5638-48d3-8f64-f6592c1b1561""]",harvest,2026-10-02 11:21
CELLxGENE,4fd2ee79-ab3a-4827-a773-1b7dcd099307,control_P7 (ACH003)-Spatial multi-omic map of human myocardial infarction,Visium,Visium Spatial Gene Expression V1,heart left ventricle,normal,ready,ready,1,1,1,1,0,0.183,https://cellxgene.cziscience.com/e/4fd2ee79-ab3a-4827-a773-1b7dcd099307.cxg/,10.1038/s41586-022-05060-x,collection Spatial multi-omic map of human myocardial infarction (8191c283-0816-424b-9b61-c3e1d6258a77); cells=4992,"[""https://cellxgene.cziscience.com/collections/8191c283-0816-424b-9b61-c3e1d6258a77""]",harvest,2026-10-02 11:21
CELLxGENE,50c4a6d6-940b-4c6a-a376-aea2ae2d3168,"Cutaneous melanoma, lymph node metastasis Puck_220215_11",Slide-seq,Slide-seqV2,lymph node,metastatic melanoma,ready,ready,1,1,1,1,0,0.021,https://cellxgene.cziscience.com/e/50c4a6d6-940b-4c6a-a376-aea2ae2d3168.cxg/,10.1016/j.immuni.2022.09.002,collection Spatially mapping T cell receptors and transcriptomes (02b01703-bf1b-48de-b99a-23bef8cccc81); cells=21003,"[""https://cellxgene.cziscience.com/collections/02b01703-bf1b-48de-b99a-23bef8cccc81""]",harvest,2026-10-02 11:21
CELLxGENE,51a4096f-9fe3-49df-b201-6877a1f67868,RZ_P3 (10X0020)-Spatial multi-omic map of human myocardial infarction,Visium,Visium Spatial Gene Expression V1,heart left ventricle,myocardial infarction,ready,ready,1,1,1,1,0,0.169,https://cellxgene.cziscience.com/e/51a4096f-9fe3-49df-b201-6877a1f67868.cxg/,10.1038/s41586-022-05060-x,collection Spatial multi-omic map of human myocardial infarction (8191c283-0816-424b-9b61-c3e1d6258a77); cells=4992,"[""https://cellxgene.cziscience.com/collections/8191c283-0816-424b-9b61-c3e1d6258a77""]",harvest,2026-10-02 11:21
CELLxGENE,51e353b3-c8fe-4e8c-b912-e75c9bc28a66,Spatial transcriptomics in the healthy human kidney: Puck_200115_15,Slide-seq,Slide-seqV2,cortex of kidney,normal,ready,ready,1,1,1,1,0,0.033,https://cellxgene.cziscience.com/e/51e353b3-c8fe-4e8c-b912-e75c9bc28a66.cxg/,10.1016/j.isci.2022.104097,collection High Resolution Slide-seqV2 Spatial Transcriptomics Enables Discovery of Disease-Specific Cell Neighborhoods and Pathways (8e880741-bf9a-4c8e-9227-934204631d2a); cells=20245,"[""https://cellxgene.cziscience.com/collections/8e880741-bf9a-4c8e-9227-934204631d2a""]",harvest,2026-10-02 11:21
CELLxGENE,523261a1-c8fd-4e51-820c-98c61c38dc9e,Visium Spatial of Human muscle in Healthy control_1,Visium,Visium Spatial Gene Expression V1,gastrocnemius,normal,ready,ready,1,1,1,1,0,0.027,https://cellxgene.cziscience.com/e/523261a1-c8fd-4e51-820c-98c61c38dc9e.cxg/,10.1002/path.70067,collection Unraveling the spatial landscape of Dystrophinopathies: a transcriptomic approach to Becker and Duchenne muscular dystrophies (f4774e03-b5a7-473b-99d6-eeb80592c5db); cells=4992,"[""https://cellxgene.cziscience.com/collections/f4774e03-b5a7-473b-99d6-eeb80592c5db""]",harvest,2026-10-02 11:21
CELLxGENE,5260e91f-5d80-4e36-820c-394720d144c3,Visium spatial - HCAHeartST8795940 (OCT),Visium,Visium Spatial Gene Expression V1,heart right ventricle,normal,ready,ready,1,1,1,1,0,0.247,https://cellxgene.cziscience.com/e/5260e91f-5d80-4e36-820c-394720d144c3.cxg/,10.1038/s41586-023-06311-1,collection Spatially resolved multiomics of human cardiac niches (3116d060-0a8e-4767-99bb-e866badea1ed); cells=4992,"[""https://cellxgene.cziscience.com/collections/3116d060-0a8e-4767-99bb-e866badea1ed""]",harvest,2026-10-02 11:21
CELLxGENE,53d62b10-bae5-48ac-b16e-71be9ba6de59,6800STDY12499502,Visium,Visium Spatial Gene Expression V1,kidney,nonpapillary renal cell carcinoma,ready,ready,1,1,1,1,0,0.187,https://cellxgene.cziscience.com/e/53d62b10-bae5-48ac-b16e-71be9ba6de59.cxg/,10.1016/j.ccell.2022.11.001,collection Mapping single-cell transcriptomes in the intra-tumoral and associated territories of kidney cancer (f7cecffa-00b4-4560-a29a-8ad626b8ee08); cells=4992,"[""https://cellxgene.cziscience.com/collections/f7cecffa-00b4-4560-a29a-8ad626b8ee08""]",harvest,2026-10-02 11:21
CELLxGENE,53ea4f06-0319-4b13-8e9d-e2581023aab7,Spatial transcriptomics in the healthy human kidney: Puck_200104_17,Slide-seq,Slide-seqV2,renal medulla,normal,ready,ready,1,1,1,1,0,0.027,https://cellxgene.cziscience.com/e/53ea4f06-0319-4b13-8e9d-e2581023aab7.cxg/,10.1016/j.isci.2022.104097,collection High Resolution Slide-seqV2 Spatial Transcriptomics Enables Discovery of Disease-Specific Cell Neighborhoods and Pathways (8e880741-bf9a-4c8e-9227-934204631d2a); cells=17777,"[""https://cellxgene.cziscience.com/collections/8e880741-bf9a-4c8e-9227-934204631d2a""]",harvest,2026-10-02 11:21
CELLxGENE,53ff2250-4434-4f59-9fbb-1a474c21d9c0,spRNA-seq for GZMK+CD8+ T cells Target A Specific Acinar Cell Type in Sjögren’s Disease - Block #5,Visium,Visium Spatial Gene Expression V1,labial gland,normal,ready,ready,1,1,1,1,0,0.03,https://cellxgene.cziscience.com/e/53ff2250-4434-4f59-9fbb-1a474c21d9c0.cxg/,10.21203/rs.3.rs-3601404/v2,collection Single cell and spatial transcriptomics in Sjögren’s Disease-affected Human Salivary Glands (21bbfaec-6958-46bc-b1cd-1535752f6304); cells=4992,"[""https://cellxgene.cziscience.com/collections/21bbfaec-6958-46bc-b1cd-1535752f6304""]",harvest,2026-10-02 11:21
CELLxGENE,540e4c1a-4cba-4617-8d0b-583327b6afd0,GSM6592060_M14,Visium,Visium Spatial Gene Expression V1,breast,triple-negative breast carcinoma,ready,ready,1,1,1,1,0,0.028,https://cellxgene.cziscience.com/e/540e4c1a-4cba-4617-8d0b-583327b6afd0.cxg/,10.1016/j.labinv.2023.100258,collection Spatial Transcriptomics Reveal Pitfalls and Opportunities for the Detection of Rare High-Plasticity Breast Cancer Subtypes (bfd55632-15e2-4dde-a1b9-02ade511fc4d); cells=4992,"[""https://cellxgene.cziscience.com/collections/bfd55632-15e2-4dde-a1b9-02ade511fc4d""]",harvest,2026-10-02 11:21
CELLxGENE,54801477-ac3e-47e3-8170-96c5b40d5c10,PCW8.1 WSSS_THYst9383362,Visium,Visium Spatial Gene Expression V1,hindlimb,normal,ready,ready,1,1,1,1,0,0.275,https://cellxgene.cziscience.com/e/54801477-ac3e-47e3-8170-96c5b40d5c10.cxg/,10.1038/s41586-023-06806-x,collection A human embryonic limb cell atlas resolved in space and time (4fefa187-5d14-4f1e-915b-c892ed320aab); cells=4992,"[""https://cellxgene.cziscience.com/collections/4fefa187-5d14-4f1e-915b-c892ed320aab""]",harvest,2026-10-02 11:21
CELLxGENE,55158af8-7de6-48d5-8aa3-0088ebd7cd4a,Spatial transcriptomics in the healthy human kidney: Puck_200104_23,Slide-seq,Slide-seqV2,renal medulla,normal,ready,ready,1,1,1,1,0,0.018,https://cellxgene.cziscience.com/e/55158af8-7de6-48d5-8aa3-0088ebd7cd4a.cxg/,10.1016/j.isci.2022.104097,collection High Resolution Slide-seqV2 Spatial Transcriptomics Enables Discovery of Disease-Specific Cell Neighborhoods and Pathways (8e880741-bf9a-4c8e-9227-934204631d2a); cells=16234,"[""https://cellxgene.cziscience.com/collections/8e880741-bf9a-4c8e-9227-934204631d2a""]",harvest,2026-10-02 11:21
CELLxGENE,5547218d-4e09-44a2-8b55-763247376ae3,Visium Spatial of Human muscle in Dystrophinopathies_2,Visium,Visium Spatial Gene Expression V1,vastus lateralis,DMD-related muscular dystrophy,ready,ready,1,1,1,1,0,0.529,https://cellxgene.cziscience.com/e/5547218d-4e09-44a2-8b55-763247376ae3.cxg/,10.1002/path.70067,collection Unraveling the spatial landscape of Dystrophinopathies: a transcriptomic approach to Becker and Duchenne muscular dystrophies (f4774e03-b5a7-473b-99d6-eeb80592c5db); cells=4992,"[""https://cellxgene.cziscience.com/collections/f4774e03-b5a7-473b-99d6-eeb80592c5db""]",harvest,2026-10-02 11:21
CELLxGENE,55731b4b-44b1-4a39-aaee-503e3ee351f5,Visium spatial - HCAHeartST11350375 (OCT),Visium,Visium Spatial Gene Expression V1,interventricular septum,normal,ready,ready,1,1,1,1,0,0.567,https://cellxgene.cziscience.com/e/55731b4b-44b1-4a39-aaee-503e3ee351f5.cxg/,10.1038/s41586-023-06311-1,collection Spatially resolved multiomics of human cardiac niches (3116d060-0a8e-4767-99bb-e866badea1ed); cells=4992,"[""https://cellxgene.cziscience.com/collections/3116d060-0a8e-4767-99bb-e866badea1ed""]",harvest,2026-10-02 11:21
CELLxGENE,56139b1e-9fc5-4aab-9058-0102bc7cc74a,pcw14_6332STDY9479171,Visium,Visium Spatial Gene Expression V1,lung,normal,ready,ready,1,1,1,1,0,0.181,https://cellxgene.cziscience.com/e/56139b1e-9fc5-4aab-9058-0102bc7cc74a.cxg/,10.1016/j.cell.2022.11.005,collection A human fetal lung cell atlas uncovers proximal-distal gradients of differentiation and key regulators of epithelial fates (2d2e2acd-dade-489f-a2da-6c11aa654028); cells=4992,"[""https://cellxgene.cziscience.com/collections/2d2e2acd-dade-489f-a2da-6c11aa654028""]",harvest,2026-10-02 11:21
CELLxGENE,56ce05c9-72f0-47ce-ab6d-f18711cf1be8,slide-seqV2 analysis of right coronary artery,Slide-seq,Slide-seqV2,right coronary artery,normal,ready,ready,1,1,1,1,0,0.02,https://cellxgene.cziscience.com/e/56ce05c9-72f0-47ce-ab6d-f18711cf1be8.cxg/,10.1016/j.xgen.2025.101034,collection A Coding and Non-Coding Atlas of the Human Arterial Cell (8f17ac63-aaba-44b5-9b78-60f121da4c2f); cells=12744,"[""https://cellxgene.cziscience.com/collections/8f17ac63-aaba-44b5-9b78-60f121da4c2f""]",harvest,2026-10-02 11:21
CELLxGENE,58af04fb-de1f-4ba3-8d19-d26610526f14,control_P17 (ACH002)-Spatial multi-omic map of human myocardial infarction,Visium,Visium Spatial Gene Expression V1,heart left ventricle,normal,ready,ready,1,1,1,1,0,0.158,https://cellxgene.cziscience.com/e/58af04fb-de1f-4ba3-8d19-d26610526f14.cxg/,10.1038/s41586-022-05060-x,collection Spatial multi-omic map of human myocardial infarction (8191c283-0816-424b-9b61-c3e1d6258a77); cells=4992,"[""https://cellxgene.cziscience.com/collections/8191c283-0816-424b-9b61-c3e1d6258a77""]",harvest,2026-10-02 11:21
CELLxGENE,5944834b-e31e-4955-942a-731d75e39385,WSA_LngSP9258463,Visium,Visium Spatial Gene Expression V1,bronchus,normal,ready,ready,1,1,1,1,0,0.235,https://cellxgene.cziscience.com/e/5944834b-e31e-4955-942a-731d75e39385.cxg/,10.1038/s41588-022-01243-4,collection A spatially resolved atlas of the human lung characterizes a gland-associated immune niche (c1241244-b22d-483d-875b-75699efb9f3c); cells=4992,"[""https://cellxgene.cziscience.com/collections/c1241244-b22d-483d-875b-75699efb9f3c""]",harvest,2026-10-02 11:21
CELLxGENE,59841c13-ab79-46ba-94bd-12b01e61e708,Visium spatial - SP,Visium,Visium Spatial Gene Expression V1,interventricular septum,normal,ready,ready,1,1,1,1,0,0.092,https://cellxgene.cziscience.com/e/59841c13-ab79-46ba-94bd-12b01e61e708.cxg/,10.1038/s41586-023-06311-1,collection Spatially resolved multiomics of human cardiac niches (3116d060-0a8e-4767-99bb-e866badea1ed); cells=8643,"[""https://cellxgene.cziscience.com/collections/3116d060-0a8e-4767-99bb-e866badea1ed""]",harvest,2026-10-02 11:21
CELLxGENE,59a3e980-ac11-42b5-b2a8-b948509a2154,spRNA-seq for GZMK+CD8+ T cells Target A Specific Acinar Cell Type in Sjögren’s Disease - Block #2,Visium,Visium Spatial Gene Expression V1,labial gland,Sjogren syndrome; normal,ready,ready,1,1,1,1,0,0.033,https://cellxgene.cziscience.com/e/59a3e980-ac11-42b5-b2a8-b948509a2154.cxg/,10.21203/rs.3.rs-3601404/v2,collection Single cell and spatial transcriptomics in Sjögren’s Disease-affected Human Salivary Glands (21bbfaec-6958-46bc-b1cd-1535752f6304); cells=4992,"[""https://cellxgene.cziscience.com/collections/21bbfaec-6958-46bc-b1cd-1535752f6304""]",harvest,2026-10-02 11:21
CELLxGENE,59d14a35-0c86-4eee-90b7-fe59595f522c,HTAPP-783-SMP-4081 Slide-seq,Slide-seq,Slide-seqV2,breast,breast cancer,ready,ready,1,1,1,1,0,0.033,https://cellxgene.cziscience.com/e/59d14a35-0c86-4eee-90b7-fe59595f522c.cxg/,10.1038/s41591-024-03215-z,collection HTAN/HTAPP Broad - Spatio-molecular dissection of the breast cancer metastatic microenvironment (a96133de-e951-4e2d-ace6-59db8b3bfb1d); cells=5833,"[""https://cellxgene.cziscience.com/collections/a96133de-e951-4e2d-ace6-59db8b3bfb1d""]",harvest,2026-10-02 11:21
CELLxGENE,59f3a9d6-8bab-481d-8c42-766991595687,visium spatial - sample v01,Visium,Visium Spatial Gene Expression V1,breast,normal,ready,ready,1,1,1,1,0,0.07,https://cellxgene.cziscience.com/e/59f3a9d6-8bab-481d-8c42-766991595687.cxg/,10.1038/s41586-023-06252-9,collection A spatially resolved single cell genomic atlas of the adult human breast (4195ab4c-20bd-4cd3-8b3d-65601277e731); cells=4992,"[""https://cellxgene.cziscience.com/collections/4195ab4c-20bd-4cd3-8b3d-65601277e731""]",harvest,2026-10-02 11:21
CELLxGENE,5a364b09-f4fd-41f4-bba5-580554ed1d1f,Visium spatial - HCAHeartST11290658 (OCT),Visium,Visium Spatial Gene Expression V1,atrioventricular node,normal,ready,ready,1,1,1,1,0,0.604,https://cellxgene.cziscience.com/e/5a364b09-f4fd-41f4-bba5-580554ed1d1f.cxg/,10.1038/s41586-023-06311-1,collection Spatially resolved multiomics of human cardiac niches (3116d060-0a8e-4767-99bb-e866badea1ed); cells=4992,"[""https://cellxgene.cziscience.com/collections/3116d060-0a8e-4767-99bb-e866badea1ed""]",harvest,2026-10-02 11:21
CELLxGENE,5a4ba05e-6bd0-4cc1-927d-94b397587f4c,Visium spatial - OCT,Visium,Visium Spatial Gene Expression V1,apex of heart; atrioventricular node; heart left ventricle; heart right ventricle; interventricular septum; left cardiac atrium; right cardiac atrium; sinoatrial node,normal,ready,ready,1,1,1,1,0,0.448,https://cellxgene.cziscience.com/e/5a4ba05e-6bd0-4cc1-927d-94b397587f4c.cxg/,10.1038/s41586-023-06311-1,collection Spatially resolved multiomics of human cardiac niches (3116d060-0a8e-4767-99bb-e866badea1ed); cells=93788,"[""https://cellxgene.cziscience.com/collections/3116d060-0a8e-4767-99bb-e866badea1ed""]",harvest,2026-10-02 11:21
CELLxGENE,5afc26df-9e84-4fc2-96a0-4ce4404af16b,spRNA-seq for GZMK+CD8+ T cells Target A Specific Acinar Cell Type in Sjögren’s Disease - Block #14,Visium,Visium Spatial Gene Expression V1,labial gland,normal,ready,ready,1,1,1,1,0,0.056,https://cellxgene.cziscience.com/e/5afc26df-9e84-4fc2-96a0-4ce4404af16b.cxg/,10.21203/rs.3.rs-3601404/v2,collection Single cell and spatial transcriptomics in Sjögren’s Disease-affected Human Salivary Glands (21bbfaec-6958-46bc-b1cd-1535752f6304); cells=4992,"[""https://cellxgene.cziscience.com/collections/21bbfaec-6958-46bc-b1cd-1535752f6304""]",harvest,2026-10-02 11:21
CELLxGENE,5c451b91-eb50-47f9-a268-467018a09023,Spatial transcriptomics in the healthy human kidney: Puck_200205_16,Slide-seq,Slide-seqV2,cortex of kidney,normal,ready,ready,1,1,1,1,0,0.019,https://cellxgene.cziscience.com/e/5c451b91-eb50-47f9-a268-467018a09023.cxg/,10.1016/j.isci.2022.104097,collection High Resolution Slide-seqV2 Spatial Transcriptomics Enables Discovery of Disease-Specific Cell Neighborhoods and Pathways (8e880741-bf9a-4c8e-9227-934204631d2a); cells=13147,"[""https://cellxgene.cziscience.com/collections/8e880741-bf9a-4c8e-9227-934204631d2a""]",harvest,2026-10-02 11:21
CELLxGENE,5d2733c4-f91c-448b-a234-fbce0f46d4b9,thymus visium sample WSSS_F_IMMsp11604686,Visium,Visium Spatial Gene Expression V1,thymus,normal,ready,ready,1,1,1,1,0,0.106,https://cellxgene.cziscience.com/e/5d2733c4-f91c-448b-a234-fbce0f46d4b9.cxg/,10.1038/s41586-024-07944-6,collection A spatial human thymus cell atlas mapped to a continuous tissue axis (fc19ae6c-d7c1-4dce-b703-62c5d52061b4); cells=4992,"[""https://cellxgene.cziscience.com/collections/fc19ae6c-d7c1-4dce-b703-62c5d52061b4""]",harvest,2026-10-02 11:21
CELLxGENE,5d2c013d-0221-401b-9a30-ecfd880f07a3,GSM6592052_M5,Visium,Visium Spatial Gene Expression V1,breast,triple-negative breast carcinoma,ready,ready,1,1,1,1,0,0.022,https://cellxgene.cziscience.com/e/5d2c013d-0221-401b-9a30-ecfd880f07a3.cxg/,10.1016/j.labinv.2023.100258,collection Spatial Transcriptomics Reveal Pitfalls and Opportunities for the Detection of Rare High-Plasticity Breast Cancer Subtypes (bfd55632-15e2-4dde-a1b9-02ade511fc4d); cells=4992,"[""https://cellxgene.cziscience.com/collections/bfd55632-15e2-4dde-a1b9-02ade511fc4d""]",harvest,2026-10-02 11:21
CELLxGENE,5e2030eb-c905-4f54-a55f-20d41774ecc7,Visium spatial - HCAHeartST13228105 (OCT),Visium,Visium Spatial Gene Expression V1,sinoatrial node,normal,ready,ready,1,1,1,1,0,0.304,https://cellxgene.cziscience.com/e/5e2030eb-c905-4f54-a55f-20d41774ecc7.cxg/,10.1038/s41586-023-06311-1,collection Spatially resolved multiomics of human cardiac niches (3116d060-0a8e-4767-99bb-e866badea1ed); cells=4992,"[""https://cellxgene.cziscience.com/collections/3116d060-0a8e-4767-99bb-e866badea1ed""]",harvest,2026-10-02 11:21
CELLxGENE,5ed0e8de-27e5-4dd6-b8a9-adb3d86eaf9d,Visium spatial - bcc_face_nose_C,Visium,Visium Spatial Gene Expression V1,nose skin,basal cell carcinoma,ready,ready,1,1,1,1,0,0.142,https://cellxgene.cziscience.com/e/5ed0e8de-27e5-4dd6-b8a9-adb3d86eaf9d.cxg/,10.1073/pnas.2313326120,collection Multi-scale spatial mapping of cell populations across anatomical sites in healthy human skin and basal cell carcinoma (34f12de7-c5e5-4813-a136-832677f98ac8); cells=4992,"[""https://cellxgene.cziscience.com/collections/34f12de7-c5e5-4813-a136-832677f98ac8""]",harvest,2026-10-02 11:21
CELLxGENE,5f76916e-8547-49a3-9022-716ec0557ea2,GSM6592054_M7,Visium,Visium Spatial Gene Expression V1,breast,normal,ready,ready,1,1,1,1,0,0.015,https://cellxgene.cziscience.com/e/5f76916e-8547-49a3-9022-716ec0557ea2.cxg/,10.1016/j.labinv.2023.100258,collection Spatial Transcriptomics Reveal Pitfalls and Opportunities for the Detection of Rare High-Plasticity Breast Cancer Subtypes (bfd55632-15e2-4dde-a1b9-02ade511fc4d); cells=4992,"[""https://cellxgene.cziscience.com/collections/bfd55632-15e2-4dde-a1b9-02ade511fc4d""]",harvest,2026-10-02 11:21
CELLxGENE,5f84ba14-4431-4d49-a88f-514cad5a30c8,Spatial transcriptomics in the healthy human kidney: Puck_200104_21,Slide-seq,Slide-seqV2,renal medulla,normal,ready,ready,1,1,1,1,0,0.018,https://cellxgene.cziscience.com/e/5f84ba14-4431-4d49-a88f-514cad5a30c8.cxg/,10.1016/j.isci.2022.104097,collection High Resolution Slide-seqV2 Spatial Transcriptomics Enables Discovery of Disease-Specific Cell Neighborhoods and Pathways (8e880741-bf9a-4c8e-9227-934204631d2a); cells=22852,"[""https://cellxgene.cziscience.com/collections/8e880741-bf9a-4c8e-9227-934204631d2a""]",harvest,2026-10-02 11:21
CELLxGENE,60608f13-0141-462c-acac-4556dc6b542b,WSSS_F_IMMsp9838712,Visium,Visium Spatial Gene Expression V1,liver,normal,ready,ready,1,1,1,1,0,0.136,https://cellxgene.cziscience.com/e/60608f13-0141-462c-acac-4556dc6b542b.cxg/,10.1126/science.abo0510,collection Mapping the developing human immune system across organs (b1a879f6-5638-48d3-8f64-f6592c1b1561); cells=4992,"[""https://cellxgene.cziscience.com/collections/b1a879f6-5638-48d3-8f64-f6592c1b1561""]",harvest,2026-10-02 11:21
CELLxGENE,60ac2657-f325-46c7-817b-55bdab803105,6800STDY12499409,Visium,Visium Spatial Gene Expression V1,kidney,nonpapillary renal cell carcinoma,ready,ready,1,1,1,1,0,0.172,https://cellxgene.cziscience.com/e/60ac2657-f325-46c7-817b-55bdab803105.cxg/,10.1016/j.ccell.2022.11.001,collection Mapping single-cell transcriptomes in the intra-tumoral and associated territories of kidney cancer (f7cecffa-00b4-4560-a29a-8ad626b8ee08); cells=4992,"[""https://cellxgene.cziscience.com/collections/f7cecffa-00b4-4560-a29a-8ad626b8ee08""]",harvest,2026-10-02 11:21
CELLxGENE,60d5175f-f477-48b2-8396-ad76be2c3310,GSM6592057_M10,Visium,Visium Spatial Gene Expression V1,breast,normal,ready,ready,1,1,1,1,0,0.009,https://cellxgene.cziscience.com/e/60d5175f-f477-48b2-8396-ad76be2c3310.cxg/,10.1016/j.labinv.2023.100258,collection Spatial Transcriptomics Reveal Pitfalls and Opportunities for the Detection of Rare High-Plasticity Breast Cancer Subtypes (bfd55632-15e2-4dde-a1b9-02ade511fc4d); cells=4992,"[""https://cellxgene.cziscience.com/collections/bfd55632-15e2-4dde-a1b9-02ade511fc4d""]",harvest,2026-10-02 11:21
CELLxGENE,613e528c-0c6a-4b5d-a269-5bdbafa8794a,PCW7.0 WSSS_THYst9699523,Visium,Visium Spatial Gene Expression V1,hindlimb,normal,ready,ready,1,1,1,1,0,0.218,https://cellxgene.cziscience.com/e/613e528c-0c6a-4b5d-a269-5bdbafa8794a.cxg/,10.1038/s41586-023-06806-x,collection A human embryonic limb cell atlas resolved in space and time (4fefa187-5d14-4f1e-915b-c892ed320aab); cells=4992,"[""https://cellxgene.cziscience.com/collections/4fefa187-5d14-4f1e-915b-c892ed320aab""]",harvest,2026-10-02 11:21
CELLxGENE,619db5f3-03fa-4153-b293-5a5e2d2bec2e,Visium spatial - HCAHeartST9383358 (OCT),Visium,Visium Spatial Gene Expression V1,heart left ventricle,normal,ready,ready,1,1,1,1,0,0.291,https://cellxgene.cziscience.com/e/619db5f3-03fa-4153-b293-5a5e2d2bec2e.cxg/,10.1038/s41586-023-06311-1,collection Spatially resolved multiomics of human cardiac niches (3116d060-0a8e-4767-99bb-e866badea1ed); cells=4992,"[""https://cellxgene.cziscience.com/collections/3116d060-0a8e-4767-99bb-e866badea1ed""]",harvest,2026-10-02 11:21
CELLxGENE,6384d8b8-8511-4ffb-b543-26dc8dd5967a,HTAPP-880-SMP-7179 Slide-seq,Slide-seq,Slide-seqV2,liver,breast cancer,ready,ready,1,1,1,1,0,0.05,https://cellxgene.cziscience.com/e/6384d8b8-8511-4ffb-b543-26dc8dd5967a.cxg/,10.1038/s41591-024-03215-z,collection HTAN/HTAPP Broad - Spatio-molecular dissection of the breast cancer metastatic microenvironment (a96133de-e951-4e2d-ace6-59db8b3bfb1d); cells=22188,"[""https://cellxgene.cziscience.com/collections/a96133de-e951-4e2d-ace6-59db8b3bfb1d""]",harvest,2026-10-02 11:21
CELLxGENE,6476d8b6-1ad0-47b3-b243-846a08007311,GT_IZ_P9 (ACH0012)-Spatial multi-omic map of human myocardial infarction,Visium,Visium Spatial Gene Expression V1,heart left ventricle,myocardial infarction,ready,ready,1,1,1,1,0,0.237,https://cellxgene.cziscience.com/e/6476d8b6-1ad0-47b3-b243-846a08007311.cxg/,10.1038/s41586-022-05060-x,collection Spatial multi-omic map of human myocardial infarction (8191c283-0816-424b-9b61-c3e1d6258a77); cells=4992,"[""https://cellxgene.cziscience.com/collections/8191c283-0816-424b-9b61-c3e1d6258a77""]",harvest,2026-10-02 11:21
CELLxGENE,66025d4a-04e7-457b-b0a3-15832a669616,visium UMAP - all samples,Visium,Visium Spatial Gene Expression V1,breast,normal,ready,ready,1,1,1,1,0,0.201,https://cellxgene.cziscience.com/e/66025d4a-04e7-457b-b0a3-15832a669616.cxg/,10.1038/s41586-023-06252-9,collection A spatially resolved single cell genomic atlas of the adult human breast (4195ab4c-20bd-4cd3-8b3d-65601277e731); cells=23686,"[""https://cellxgene.cziscience.com/collections/4195ab4c-20bd-4cd3-8b3d-65601277e731""]",harvest,2026-10-02 11:21
CELLxGENE,663747ff-d8e4-4f5f-a5ed-a63c4332cb05,Visium spatial - face_cheek_A,Visium,Visium Spatial Gene Expression V1,skin of cheek,normal,ready,ready,1,1,1,1,0,0.229,https://cellxgene.cziscience.com/e/663747ff-d8e4-4f5f-a5ed-a63c4332cb05.cxg/,10.1073/pnas.2313326120,collection Multi-scale spatial mapping of cell populations across anatomical sites in healthy human skin and basal cell carcinoma (34f12de7-c5e5-4813-a136-832677f98ac8); cells=4992,"[""https://cellxgene.cziscience.com/collections/34f12de7-c5e5-4813-a136-832677f98ac8""]",harvest,2026-10-02 11:21
CELLxGENE,66dc396c-7d51-4ad0-b1a5-abd0d59d3d67,RZ_BZ_P2 (10X0025)-Spatial multi-omic map of human myocardial infarction,Visium,Visium Spatial Gene Expression V1,heart left ventricle,myocardial infarction,ready,ready,1,1,1,1,0,0.15,https://cellxgene.cziscience.com/e/66dc396c-7d51-4ad0-b1a5-abd0d59d3d67.cxg/,10.1038/s41586-022-05060-x,collection Spatial multi-omic map of human myocardial infarction (8191c283-0816-424b-9b61-c3e1d6258a77); cells=4992,"[""https://cellxgene.cziscience.com/collections/8191c283-0816-424b-9b61-c3e1d6258a77""]",harvest,2026-10-02 11:21
CELLxGENE,6955f319-f26c-436a-84ca-16723c759ba7,thymus visium sample TA11556493,Visium,Visium Spatial Gene Expression V1,thymus,normal,ready,ready,1,1,1,1,0,0.189,https://cellxgene.cziscience.com/e/6955f319-f26c-436a-84ca-16723c759ba7.cxg/,10.1038/s41586-024-07944-6,collection A spatial human thymus cell atlas mapped to a continuous tissue axis (fc19ae6c-d7c1-4dce-b703-62c5d52061b4); cells=4992,"[""https://cellxgene.cziscience.com/collections/fc19ae6c-d7c1-4dce-b703-62c5d52061b4""]",harvest,2026-10-02 11:21
CELLxGENE,69d2ee89-95b1-40af-bfba-5741a1e79c52,PCW7.0 WSSS_THYst9699524,Visium,Visium Spatial Gene Expression V1,hindlimb,normal,ready,ready,1,1,1,1,0,0.233,https://cellxgene.cziscience.com/e/69d2ee89-95b1-40af-bfba-5741a1e79c52.cxg/,10.1038/s41586-023-06806-x,collection A human embryonic limb cell atlas resolved in space and time (4fefa187-5d14-4f1e-915b-c892ed320aab); cells=4992,"[""https://cellxgene.cziscience.com/collections/4fefa187-5d14-4f1e-915b-c892ed320aab""]",harvest,2026-10-02 11:21
CELLxGENE,6a51d007-9e89-4149-8392-3cb1c5420f3a,Visium Spatial of Human muscle in Dystrophinopathies_3,Visium,Visium Spatial Gene Expression V1,vastus lateralis,DMD-related muscular dystrophy,ready,ready,1,1,1,1,0,0.545,https://cellxgene.cziscience.com/e/6a51d007-9e89-4149-8392-3cb1c5420f3a.cxg/,10.1002/path.70067,collection Unraveling the spatial landscape of Dystrophinopathies: a transcriptomic approach to Becker and Duchenne muscular dystrophies (f4774e03-b5a7-473b-99d6-eeb80592c5db); cells=4992,"[""https://cellxgene.cziscience.com/collections/f4774e03-b5a7-473b-99d6-eeb80592c5db""]",harvest,2026-10-02 11:21
CELLxGENE,6a7c4462-334e-45a4-8aa4-28d3733bbbac,Spatial transcriptomics in the healthy human kidney: Puck_200121_03,Slide-seq,Slide-seqV2,renal medulla,normal,ready,ready,1,1,1,1,0,0.022,https://cellxgene.cziscience.com/e/6a7c4462-334e-45a4-8aa4-28d3733bbbac.cxg/,10.1016/j.isci.2022.104097,collection High Resolution Slide-seqV2 Spatial Transcriptomics Enables Discovery of Disease-Specific Cell Neighborhoods and Pathways (8e880741-bf9a-4c8e-9227-934204631d2a); cells=18730,"[""https://cellxgene.cziscience.com/collections/8e880741-bf9a-4c8e-9227-934204631d2a""]",harvest,2026-10-02 11:21
CELLxGENE,6bf0b3fa-7f96-400e-ae3e-314614e377e7,thymus visium sample WSSS_F_IMMsp10864183,Visium,Visium Spatial Gene Expression V1,thymus,normal,ready,ready,1,1,1,1,0,0.124,https://cellxgene.cziscience.com/e/6bf0b3fa-7f96-400e-ae3e-314614e377e7.cxg/,10.1038/s41586-024-07944-6,collection A spatial human thymus cell atlas mapped to a continuous tissue axis (fc19ae6c-d7c1-4dce-b703-62c5d52061b4); cells=4992,"[""https://cellxgene.cziscience.com/collections/fc19ae6c-d7c1-4dce-b703-62c5d52061b4""]",harvest,2026-10-02 11:21
CELLxGENE,6d222287-cf5b-4eb5-86e3-c4e71adab844,Visium spatial data from human healthy liver donor; sample C73_C1,Visium,Visium Spatial Gene Expression V1,caudate lobe of liver,normal,ready,ready,1,1,1,1,0,1.172,https://cellxgene.cziscience.com/e/6d222287-cf5b-4eb5-86e3-c4e71adab844.cxg/,10.1016/j.jhep.2023.12.023,collection Single-cell and spatial transcriptomics characterisation of the immunological landscape in the healthy and PSC human liver (0c8a364b-97b5-4cc8-a593-23c38c6f0ac5); cells=4992,"[""https://cellxgene.cziscience.com/collections/0c8a364b-97b5-4cc8-a593-23c38c6f0ac5""]",harvest,2026-10-02 11:21
CELLxGENE,6d243918-f3f6-4a9e-b72e-39d96de73095,"Renal cell carcinoma, post aPD1, lung metastasis Puck_200727_08",Slide-seq,Slide-seqV2,lung,renal cell carcinoma,ready,ready,1,1,1,1,0,0.021,https://cellxgene.cziscience.com/e/6d243918-f3f6-4a9e-b72e-39d96de73095.cxg/,10.1016/j.immuni.2022.09.002,collection Spatially mapping T cell receptors and transcriptomes (02b01703-bf1b-48de-b99a-23bef8cccc81); cells=18851,"[""https://cellxgene.cziscience.com/collections/02b01703-bf1b-48de-b99a-23bef8cccc81""]",harvest,2026-10-02 11:21
CELLxGENE,6d4b3d09-f1f1-411e-972b-087880a0dcbe,Visium spatial - HCAHeartST12992072 (OCT),Visium,Visium Spatial Gene Expression V1,sinoatrial node,normal,ready,ready,1,1,1,1,0,0.571,https://cellxgene.cziscience.com/e/6d4b3d09-f1f1-411e-972b-087880a0dcbe.cxg/,10.1038/s41586-023-06311-1,collection Spatially resolved multiomics of human cardiac niches (3116d060-0a8e-4767-99bb-e866badea1ed); cells=4992,"[""https://cellxgene.cziscience.com/collections/3116d060-0a8e-4767-99bb-e866badea1ed""]",harvest,2026-10-02 11:21
CELLxGENE,6d62fc4d-052e-4bb4-92ed-55785502a02c,Spatial transcriptomics in the healthy human kidney: Puck_200115_18,Slide-seq,Slide-seqV2,renal medulla,normal,ready,ready,1,1,1,1,0,0.03,https://cellxgene.cziscience.com/e/6d62fc4d-052e-4bb4-92ed-55785502a02c.cxg/,10.1016/j.isci.2022.104097,collection High Resolution Slide-seqV2 Spatial Transcriptomics Enables Discovery of Disease-Specific Cell Neighborhoods and Pathways (8e880741-bf9a-4c8e-9227-934204631d2a); cells=24675,"[""https://cellxgene.cziscience.com/collections/8e880741-bf9a-4c8e-9227-934204631d2a""]",harvest,2026-10-02 11:21
CELLxGENE,6e96d93c-de27-4cb2-9ac1-051111ce2aff,visium spatial - sample v08,Visium,Visium Spatial Gene Expression V1,breast,normal,ready,ready,1,1,1,1,0,2.382,https://cellxgene.cziscience.com/e/6e96d93c-de27-4cb2-9ac1-051111ce2aff.cxg/,10.1038/s41586-023-06252-9,collection A spatially resolved single cell genomic atlas of the adult human breast (4195ab4c-20bd-4cd3-8b3d-65601277e731); cells=4992,"[""https://cellxgene.cziscience.com/collections/4195ab4c-20bd-4cd3-8b3d-65601277e731""]",harvest,2026-10-02 11:21
CELLxGENE,6e9e3264-02e1-455a-840b-4fbcee132ae7,Visium spatial - body_breast_A,Visium,Visium Spatial Gene Expression V1,skin of breast,normal,ready,ready,1,1,1,1,0,0.231,https://cellxgene.cziscience.com/e/6e9e3264-02e1-455a-840b-4fbcee132ae7.cxg/,10.1073/pnas.2313326120,collection Multi-scale spatial mapping of cell populations across anatomical sites in healthy human skin and basal cell carcinoma (34f12de7-c5e5-4813-a136-832677f98ac8); cells=4992,"[""https://cellxgene.cziscience.com/collections/34f12de7-c5e5-4813-a136-832677f98ac8""]",harvest,2026-10-02 11:21
CELLxGENE,6ebb6e9b-efd0-4e02-a49a-4bf3c732203b,Spatial transcriptomics in the healthy human kidney: Puck_200104_18,Slide-seq,Slide-seqV2,renal medulla,normal,ready,ready,1,1,1,1,0,0.027,https://cellxgene.cziscience.com/e/6ebb6e9b-efd0-4e02-a49a-4bf3c732203b.cxg/,10.1016/j.isci.2022.104097,collection High Resolution Slide-seqV2 Spatial Transcriptomics Enables Discovery of Disease-Specific Cell Neighborhoods and Pathways (8e880741-bf9a-4c8e-9227-934204631d2a); cells=17704,"[""https://cellxgene.cziscience.com/collections/8e880741-bf9a-4c8e-9227-934204631d2a""]",harvest,2026-10-02 11:21
CELLxGENE,6ee287a4-5339-47c6-87d7-115101fca4e1,Visium spatial - bcc_face_nose_B,Visium,Visium Spatial Gene Expression V1,nose skin,basal cell carcinoma,ready,ready,1,1,1,1,0,0.198,https://cellxgene.cziscience.com/e/6ee287a4-5339-47c6-87d7-115101fca4e1.cxg/,10.1073/pnas.2313326120,collection Multi-scale spatial mapping of cell populations across anatomical sites in healthy human skin and basal cell carcinoma (34f12de7-c5e5-4813-a136-832677f98ac8); cells=4992,"[""https://cellxgene.cziscience.com/collections/34f12de7-c5e5-4813-a136-832677f98ac8""]",harvest,2026-10-02 11:21
CELLxGENE,6f0858c0-c590-4740-b022-c152e7608d66,CID4535,Visium,Visium Spatial Gene Expression V1,breast,invasive lobular breast carcinoma,ready,ready,1,1,1,1,0,0.216,https://cellxgene.cziscience.com/e/6f0858c0-c590-4740-b022-c152e7608d66.cxg/,10.1038/s41588-021-00911-1,collection A single-cell and spatially resolved atlas of human breast cancers (dea97145-f712-431c-a223-6b5f565f362a); cells=4992,"[""https://cellxgene.cziscience.com/collections/dea97145-f712-431c-a223-6b5f565f362a""]",harvest,2026-10-02 11:21
CELLxGENE,708a7f62-260b-43f4-837a-d329c29f830b,WSA_LngSP10193347,Visium,Visium Spatial Gene Expression V1,lung parenchyma,normal,ready,ready,1,1,1,1,0,0.754,https://cellxgene.cziscience.com/e/708a7f62-260b-43f4-837a-d329c29f830b.cxg/,10.1038/s41588-022-01243-4,collection A spatially resolved atlas of the human lung characterizes a gland-associated immune niche (c1241244-b22d-483d-875b-75699efb9f3c); cells=4992,"[""https://cellxgene.cziscience.com/collections/c1241244-b22d-483d-875b-75699efb9f3c""]",harvest,2026-10-02 11:21
CELLxGENE,70eb992d-8759-44cc-a07b-58d8607aedb4,PCW5.6 WSSS_THYst9699526,Visium,Visium Spatial Gene Expression V1,hindlimb,normal,ready,ready,1,1,1,1,0,0.2,https://cellxgene.cziscience.com/e/70eb992d-8759-44cc-a07b-58d8607aedb4.cxg/,10.1038/s41586-023-06806-x,collection A human embryonic limb cell atlas resolved in space and time (4fefa187-5d14-4f1e-915b-c892ed320aab); cells=4992,"[""https://cellxgene.cziscience.com/collections/4fefa187-5d14-4f1e-915b-c892ed320aab""]",harvest,2026-10-02 11:21
CELLxGENE,7139f99f-c610-43b8-bb06-4280acb1c987,Spatial transcriptomics in the healthy human kidney: Puck_200113_08,Slide-seq,Slide-seqV2,cortex of kidney,normal,ready,ready,1,1,1,1,0,0.018,https://cellxgene.cziscience.com/e/7139f99f-c610-43b8-bb06-4280acb1c987.cxg/,10.1016/j.isci.2022.104097,collection High Resolution Slide-seqV2 Spatial Transcriptomics Enables Discovery of Disease-Specific Cell Neighborhoods and Pathways (8e880741-bf9a-4c8e-9227-934204631d2a); cells=23145,"[""https://cellxgene.cziscience.com/collections/8e880741-bf9a-4c8e-9227-934204631d2a""]",harvest,2026-10-02 11:21
CELLxGENE,7158766e-e1a3-4895-a81a-8b043fdd3bb6,thymus visium sample TA11486161,Visium,Visium Spatial Gene Expression V1,thymus,normal,ready,ready,1,1,1,1,0,0.163,https://cellxgene.cziscience.com/e/7158766e-e1a3-4895-a81a-8b043fdd3bb6.cxg/,10.1038/s41586-024-07944-6,collection A spatial human thymus cell atlas mapped to a continuous tissue axis (fc19ae6c-d7c1-4dce-b703-62c5d52061b4); cells=4992,"[""https://cellxgene.cziscience.com/collections/fc19ae6c-d7c1-4dce-b703-62c5d52061b4""]",harvest,2026-10-02 11:21
CELLxGENE,71e44b30-83b6-455c-a161-bc04c9898f00,HTAPP-853-SMP-4381 Slide-seq,Slide-seq,Slide-seqV2,liver,breast cancer,ready,ready,1,1,1,1,0,0.049,https://cellxgene.cziscience.com/e/71e44b30-83b6-455c-a161-bc04c9898f00.cxg/,10.1038/s41591-024-03215-z,collection HTAN/HTAPP Broad - Spatio-molecular dissection of the breast cancer metastatic microenvironment (a96133de-e951-4e2d-ace6-59db8b3bfb1d); cells=11430,"[""https://cellxgene.cziscience.com/collections/a96133de-e951-4e2d-ace6-59db8b3bfb1d""]",harvest,2026-10-02 11:21
CELLxGENE,726afd49-df7b-4b56-967a-0fb79d85ee4b,Visium spatial - body_pubis_A,Visium,Visium Spatial Gene Expression V1,pubis,normal,ready,ready,1,1,1,1,0,0.427,https://cellxgene.cziscience.com/e/726afd49-df7b-4b56-967a-0fb79d85ee4b.cxg/,10.1073/pnas.2313326120,collection Multi-scale spatial mapping of cell populations across anatomical sites in healthy human skin and basal cell carcinoma (34f12de7-c5e5-4813-a136-832677f98ac8); cells=4992,"[""https://cellxgene.cziscience.com/collections/34f12de7-c5e5-4813-a136-832677f98ac8""]",harvest,2026-10-02 11:21
CELLxGENE,728a6902-8916-47a1-b85a-ba1c922d56b7,WSA_LngSP8759313,Visium,Visium Spatial Gene Expression V1,bronchus,normal,ready,ready,1,1,1,1,0,0.418,https://cellxgene.cziscience.com/e/728a6902-8916-47a1-b85a-ba1c922d56b7.cxg/,10.1038/s41588-022-01243-4,collection A spatially resolved atlas of the human lung characterizes a gland-associated immune niche (c1241244-b22d-483d-875b-75699efb9f3c); cells=4992,"[""https://cellxgene.cziscience.com/collections/c1241244-b22d-483d-875b-75699efb9f3c""]",harvest,2026-10-02 11:21
CELLxGENE,729f397a-0812-4b52-a7d1-b377107ffb41,S3_Col_R A416371 Rep1,Visium,Visium Spatial Gene Expression V1,right colon,colorectal cancer,ready,ready,1,1,1,1,0,0.048,https://cellxgene.cziscience.com/e/729f397a-0812-4b52-a7d1-b377107ffb41.cxg/,10.1038/s41698-023-00488-4,collection Profiling the heterogeneity of colorectal cancer consensus molecular subtypes using spatial transcriptomics (68cba939-4e72-4405-80ef-512a05044fba); cells=4992,"[""https://cellxgene.cziscience.com/collections/68cba939-4e72-4405-80ef-512a05044fba""]",harvest,2026-10-02 11:21
CELLxGENE,72ddcd39-bd9b-4f6a-9251-bf2a6763b16f,WSA_LngSP9258464,Visium,Visium Spatial Gene Expression V1,bronchus,normal,ready,ready,1,1,1,1,0,0.54,https://cellxgene.cziscience.com/e/72ddcd39-bd9b-4f6a-9251-bf2a6763b16f.cxg/,10.1038/s41588-022-01243-4,collection A spatially resolved atlas of the human lung characterizes a gland-associated immune niche (c1241244-b22d-483d-875b-75699efb9f3c); cells=4992,"[""https://cellxgene.cziscience.com/collections/c1241244-b22d-483d-875b-75699efb9f3c""]",harvest,2026-10-02 11:21
CELLxGENE,73632d4a-2160-43da-8006-92968cd1a102,thymus visium sample TA11556494,Visium,Visium Spatial Gene Expression V1,thymus,normal,ready,ready,1,1,1,1,0,0.19,https://cellxgene.cziscience.com/e/73632d4a-2160-43da-8006-92968cd1a102.cxg/,10.1038/s41586-024-07944-6,collection A spatial human thymus cell atlas mapped to a continuous tissue axis (fc19ae6c-d7c1-4dce-b703-62c5d52061b4); cells=4992,"[""https://cellxgene.cziscience.com/collections/fc19ae6c-d7c1-4dce-b703-62c5d52061b4""]",harvest,2026-10-02 11:21
CELLxGENE,73de42b2-4871-4dbc-bde4-a9faa089b607,WSA_LngSP10193348,Visium,Visium Spatial Gene Expression V1,bronchus,normal,ready,ready,1,1,1,1,0,0.729,https://cellxgene.cziscience.com/e/73de42b2-4871-4dbc-bde4-a9faa089b607.cxg/,10.1038/s41588-022-01243-4,collection A spatially resolved atlas of the human lung characterizes a gland-associated immune niche (c1241244-b22d-483d-875b-75699efb9f3c); cells=4992,"[""https://cellxgene.cziscience.com/collections/c1241244-b22d-483d-875b-75699efb9f3c""]",harvest,2026-10-02 11:21
CELLxGENE,7432b873-1e96-4a8a-b97b-8921937f4afe,HTAPP-917-SMP-4531 Slide-seq,Slide-seq,Slide-seqV2,liver,breast cancer,ready,ready,1,1,1,1,0,0.034,https://cellxgene.cziscience.com/e/7432b873-1e96-4a8a-b97b-8921937f4afe.cxg/,10.1038/s41591-024-03215-z,collection HTAN/HTAPP Broad - Spatio-molecular dissection of the breast cancer metastatic microenvironment (a96133de-e951-4e2d-ace6-59db8b3bfb1d); cells=8715,"[""https://cellxgene.cziscience.com/collections/a96133de-e951-4e2d-ace6-59db8b3bfb1d""]",harvest,2026-10-02 11:21
CELLxGENE,74e80fd1-d9cd-4132-af0f-9c5d37489392,S4_Col_Sig A120838 Rep2,Visium,Visium Spatial Gene Expression V1,sigmoid colon,colorectal cancer,ready,ready,1,1,1,1,0,0.03,https://cellxgene.cziscience.com/e/74e80fd1-d9cd-4132-af0f-9c5d37489392.cxg/,10.1038/s41698-023-00488-4,collection Profiling the heterogeneity of colorectal cancer consensus molecular subtypes using spatial transcriptomics (68cba939-4e72-4405-80ef-512a05044fba); cells=4992,"[""https://cellxgene.cziscience.com/collections/68cba939-4e72-4405-80ef-512a05044fba""]",harvest,2026-10-02 11:21
CELLxGENE,75548d10-160d-4f3e-b317-99ad9630c62d,6800STDY12499506,Visium,Visium Spatial Gene Expression V1,kidney,nonpapillary renal cell carcinoma,ready,ready,1,1,1,1,0,0.154,https://cellxgene.cziscience.com/e/75548d10-160d-4f3e-b317-99ad9630c62d.cxg/,10.1016/j.ccell.2022.11.001,collection Mapping single-cell transcriptomes in the intra-tumoral and associated territories of kidney cancer (f7cecffa-00b4-4560-a29a-8ad626b8ee08); cells=4992,"[""https://cellxgene.cziscience.com/collections/f7cecffa-00b4-4560-a29a-8ad626b8ee08""]",harvest,2026-10-02 11:21
CELLxGENE,76bb43ff-e2f5-4513-a0f0-1059c860c3b7,"Cutaneous melanoma, lymph node metastasis Puck_220408_08",Slide-seq,Slide-seqV2,lymph node,metastatic melanoma,ready,ready,1,1,1,1,0,0.012,https://cellxgene.cziscience.com/e/76bb43ff-e2f5-4513-a0f0-1059c860c3b7.cxg/,10.1016/j.immuni.2022.09.002,collection Spatially mapping T cell receptors and transcriptomes (02b01703-bf1b-48de-b99a-23bef8cccc81); cells=19034,"[""https://cellxgene.cziscience.com/collections/02b01703-bf1b-48de-b99a-23bef8cccc81""]",harvest,2026-10-02 11:21
CELLxGENE,774de9c6-9752-4e39-89a9-2a88c869d52a,Spatiotemporal analysis of human intestinal development at single-cell resolution: Fetal A3,Visium,Visium Spatial Gene Expression V1,colon,normal,ready,ready,1,1,1,1,0,0.078,https://cellxgene.cziscience.com/e/774de9c6-9752-4e39-89a9-2a88c869d52a.cxg/,10.1016/j.cell.2020.12.016,collection Spatiotemporal analysis of human intestinal development at single-cell resolution (60358420-6055-411d-ba4f-e8ac80682a2e); cells=4992,"[""https://cellxgene.cziscience.com/collections/60358420-6055-411d-ba4f-e8ac80682a2e""]",harvest,2026-10-02 11:21
CELLxGENE,77e04629-a8fa-4d34-bf5f-622d9aed9f35,control_P1 (10X001)-Spatial multi-omic map of human myocardial infarction,Visium,Visium Spatial Gene Expression V1,heart left ventricle,normal,ready,ready,1,1,1,1,0,0.168,https://cellxgene.cziscience.com/e/77e04629-a8fa-4d34-bf5f-622d9aed9f35.cxg/,10.1038/s41586-022-05060-x,collection Spatial multi-omic map of human myocardial infarction (8191c283-0816-424b-9b61-c3e1d6258a77); cells=4992,"[""https://cellxgene.cziscience.com/collections/8191c283-0816-424b-9b61-c3e1d6258a77""]",harvest,2026-10-02 11:21
CELLxGENE,79527108-1f6c-4152-afe0-1fcdf2e02ba3,Visium spatial - HCAHeartST8795939 (OCT),Visium,Visium Spatial Gene Expression V1,interventricular septum,normal,ready,ready,1,1,1,1,0,0.334,https://cellxgene.cziscience.com/e/79527108-1f6c-4152-afe0-1fcdf2e02ba3.cxg/,10.1038/s41586-023-06311-1,collection Spatially resolved multiomics of human cardiac niches (3116d060-0a8e-4767-99bb-e866badea1ed); cells=4992,"[""https://cellxgene.cziscience.com/collections/3116d060-0a8e-4767-99bb-e866badea1ed""]",harvest,2026-10-02 11:21
CELLxGENE,7a90a1ce-4e66-44d0-b273-7c672de53b17,Visium spatial data from liver of primary sclerosing cholangitis patient; sample PSC011_B1,Visium,Visium Spatial Gene Expression V1,caudate lobe of liver,primary sclerosing cholangitis,ready,ready,1,1,1,1,0,0.052,https://cellxgene.cziscience.com/e/7a90a1ce-4e66-44d0-b273-7c672de53b17.cxg/,10.1016/j.jhep.2023.12.023,collection Single-cell and spatial transcriptomics characterisation of the immunological landscape in the healthy and PSC human liver (0c8a364b-97b5-4cc8-a593-23c38c6f0ac5); cells=4992,"[""https://cellxgene.cziscience.com/collections/0c8a364b-97b5-4cc8-a593-23c38c6f0ac5""]",harvest,2026-10-02 11:21
CELLxGENE,7b814d77-810f-49e5-ae73-c3b644ea197f,Visium spatial data from human healthy liver donor; sample C73_B1,Visium,Visium Spatial Gene Expression V1,caudate lobe of liver,normal,ready,ready,1,1,1,1,0,1.081,https://cellxgene.cziscience.com/e/7b814d77-810f-49e5-ae73-c3b644ea197f.cxg/,10.1016/j.jhep.2023.12.023,collection Single-cell and spatial transcriptomics characterisation of the immunological landscape in the healthy and PSC human liver (0c8a364b-97b5-4cc8-a593-23c38c6f0ac5); cells=4992,"[""https://cellxgene.cziscience.com/collections/0c8a364b-97b5-4cc8-a593-23c38c6f0ac5""]",harvest,2026-10-02 11:21
CELLxGENE,7ba1a805-0afe-4264-b21e-0ce2ef1aa3bd,S6_Rec A938797 Rep1,Visium,Visium Spatial Gene Expression V1,rectum,colorectal cancer,ready,ready,1,1,1,1,0,0.034,https://cellxgene.cziscience.com/e/7ba1a805-0afe-4264-b21e-0ce2ef1aa3bd.cxg/,10.1038/s41698-023-00488-4,collection Profiling the heterogeneity of colorectal cancer consensus molecular subtypes using spatial transcriptomics (68cba939-4e72-4405-80ef-512a05044fba); cells=4992,"[""https://cellxgene.cziscience.com/collections/68cba939-4e72-4405-80ef-512a05044fba""]",harvest,2026-10-02 11:21
CELLxGENE,7ca2e329-d91b-4e36-b4cc-663447ae437e,Visium spatial data from human healthy liver donor; sample C73_D1,Visium,Visium Spatial Gene Expression V1,caudate lobe of liver,normal,ready,ready,1,1,1,1,0,1.097,https://cellxgene.cziscience.com/e/7ca2e329-d91b-4e36-b4cc-663447ae437e.cxg/,10.1016/j.jhep.2023.12.023,collection Single-cell and spatial transcriptomics characterisation of the immunological landscape in the healthy and PSC human liver (0c8a364b-97b5-4cc8-a593-23c38c6f0ac5); cells=4992,"[""https://cellxgene.cziscience.com/collections/0c8a364b-97b5-4cc8-a593-23c38c6f0ac5""]",harvest,2026-10-02 11:21
CELLxGENE,7e7b7257-5a43-40bd-8711-32b84dde074d,thymus visium sample WSSS_F_IMMsp11604685,Visium,Visium Spatial Gene Expression V1,thymus,normal,ready,ready,1,1,1,1,0,0.104,https://cellxgene.cziscience.com/e/7e7b7257-5a43-40bd-8711-32b84dde074d.cxg/,10.1038/s41586-024-07944-6,collection A spatial human thymus cell atlas mapped to a continuous tissue axis (fc19ae6c-d7c1-4dce-b703-62c5d52061b4); cells=4992,"[""https://cellxgene.cziscience.com/collections/fc19ae6c-d7c1-4dce-b703-62c5d52061b4""]",harvest,2026-10-02 11:21
CELLxGENE,7f479f74-5a7e-4666-9f0d-3af0b341eb0d,Spatial transcriptomics in the healthy human kidney: Puck_200104_20,Slide-seq,Slide-seqV2,cortex of kidney,normal,ready,ready,1,1,1,1,0,0.029,https://cellxgene.cziscience.com/e/7f479f74-5a7e-4666-9f0d-3af0b341eb0d.cxg/,10.1016/j.isci.2022.104097,collection High Resolution Slide-seqV2 Spatial Transcriptomics Enables Discovery of Disease-Specific Cell Neighborhoods and Pathways (8e880741-bf9a-4c8e-9227-934204631d2a); cells=28422,"[""https://cellxgene.cziscience.com/collections/8e880741-bf9a-4c8e-9227-934204631d2a""]",harvest,2026-10-02 11:21
CELLxGENE,7f7d11a9-aa45-4b02-a263-35d88e4dcdd4,RZ_GT_P2 (ACH0028)-Spatial multi-omic map of human myocardial infarction,Visium,Visium Spatial Gene Expression V1,heart left ventricle,myocardial infarction,ready,ready,1,1,1,1,0,0.2,https://cellxgene.cziscience.com/e/7f7d11a9-aa45-4b02-a263-35d88e4dcdd4.cxg/,10.1038/s41586-022-05060-x,collection Spatial multi-omic map of human myocardial infarction (8191c283-0816-424b-9b61-c3e1d6258a77); cells=4992,"[""https://cellxgene.cziscience.com/collections/8191c283-0816-424b-9b61-c3e1d6258a77""]",harvest,2026-10-02 11:21
CELLxGENE,7f7e36ee-7432-4b70-b894-25d9989d43e8,Visium spatial data from human healthy liver donor; sample C73_A1,Visium,Visium Spatial Gene Expression V1,caudate lobe of liver,normal,ready,ready,1,1,1,1,0,1.109,https://cellxgene.cziscience.com/e/7f7e36ee-7432-4b70-b894-25d9989d43e8.cxg/,10.1016/j.jhep.2023.12.023,collection Single-cell and spatial transcriptomics characterisation of the immunological landscape in the healthy and PSC human liver (0c8a364b-97b5-4cc8-a593-23c38c6f0ac5); cells=4992,"[""https://cellxgene.cziscience.com/collections/0c8a364b-97b5-4cc8-a593-23c38c6f0ac5""]",harvest,2026-10-02 11:21
CELLxGENE,7fe57023-bbcf-4254-9aa4-bd2abf7d83ad,S2_Col_R A595688 Rep2,Visium,Visium Spatial Gene Expression V1,right colon,colorectal cancer,ready,ready,1,1,1,1,0,0.022,https://cellxgene.cziscience.com/e/7fe57023-bbcf-4254-9aa4-bd2abf7d83ad.cxg/,10.1038/s41698-023-00488-4,collection Profiling the heterogeneity of colorectal cancer consensus molecular subtypes using spatial transcriptomics (68cba939-4e72-4405-80ef-512a05044fba); cells=4992,"[""https://cellxgene.cziscience.com/collections/68cba939-4e72-4405-80ef-512a05044fba""]",harvest,2026-10-02 11:21
CELLxGENE,80466231-7133-4097-88ae-40cb6cce1a33,CID4465,Visium,Visium Spatial Gene Expression V1,breast,invasive ductal breast carcinoma,ready,ready,1,1,1,1,0,0.214,https://cellxgene.cziscience.com/e/80466231-7133-4097-88ae-40cb6cce1a33.cxg/,10.1038/s41588-021-00911-1,collection A single-cell and spatially resolved atlas of human breast cancers (dea97145-f712-431c-a223-6b5f565f362a); cells=4992,"[""https://cellxgene.cziscience.com/collections/dea97145-f712-431c-a223-6b5f565f362a""]",harvest,2026-10-02 11:21
CELLxGENE,80737241-54f7-45b9-b9ca-0ea55083fd67,Pooled human liver Visium data,Visium,Visium Spatial Gene Expression V1,liver,normal,ready,ready,1,1,1,1,0,0.071,https://cellxgene.cziscience.com/e/80737241-54f7-45b9-b9ca-0ea55083fd67.cxg/,10.1016/j.cell.2021.12.018,collection Spatial proteogenomics reveals distinct and evolutionarily conserved hepatic macrophage niches (74e10dc4-cbb2-4605-a189-8a1cd8e44d8c); cells=4333,"[""https://cellxgene.cziscience.com/collections/74e10dc4-cbb2-4605-a189-8a1cd8e44d8c""]",harvest,2026-10-02 11:21
CELLxGENE,81328f3f-31d4-47e3-9eae-e07512026ce1,6800STDY12499509,Visium,Visium Spatial Gene Expression V1,kidney,nonpapillary renal cell carcinoma,ready,ready,1,1,1,1,0,0.168,https://cellxgene.cziscience.com/e/81328f3f-31d4-47e3-9eae-e07512026ce1.cxg/,10.1016/j.ccell.2022.11.001,collection Mapping single-cell transcriptomes in the intra-tumoral and associated territories of kidney cancer (f7cecffa-00b4-4560-a29a-8ad626b8ee08); cells=4992,"[""https://cellxgene.cziscience.com/collections/f7cecffa-00b4-4560-a29a-8ad626b8ee08""]",harvest,2026-10-02 11:21
CELLxGENE,82040363-8a09-4521-81b5-8f6e62c4ace7,Visium spatial - HCAHeartST11702009 (FFPE),Visium,Visium Spatial Gene Expression V1,sinoatrial node,normal,ready,ready,1,1,1,1,0,0.65,https://cellxgene.cziscience.com/e/82040363-8a09-4521-81b5-8f6e62c4ace7.cxg/,10.1038/s41586-023-06311-1,collection Spatially resolved multiomics of human cardiac niches (3116d060-0a8e-4767-99bb-e866badea1ed); cells=4992,"[""https://cellxgene.cziscience.com/collections/3116d060-0a8e-4767-99bb-e866badea1ed""]",harvest,2026-10-02 11:21
CELLxGENE,838d7116-78d2-4336-985d-e8fd1f3fa9d4,Visium spatial - face_forehead_B,Visium,Visium Spatial Gene Expression V1,skin of forehead,normal,ready,ready,1,1,1,1,0,0.135,https://cellxgene.cziscience.com/e/838d7116-78d2-4336-985d-e8fd1f3fa9d4.cxg/,10.1073/pnas.2313326120,collection Multi-scale spatial mapping of cell populations across anatomical sites in healthy human skin and basal cell carcinoma (34f12de7-c5e5-4813-a136-832677f98ac8); cells=4992,"[""https://cellxgene.cziscience.com/collections/34f12de7-c5e5-4813-a136-832677f98ac8""]",harvest,2026-10-02 11:21
CELLxGENE,83de2c2c-c102-4b18-9e7d-da36e8ad76ca,WSSS_F_IMMsp10864184,Visium,Visium Spatial Gene Expression V1,liver,normal,ready,ready,1,1,1,1,0,0.171,https://cellxgene.cziscience.com/e/83de2c2c-c102-4b18-9e7d-da36e8ad76ca.cxg/,10.1126/science.abo0510,collection Mapping the developing human immune system across organs (b1a879f6-5638-48d3-8f64-f6592c1b1561); cells=4992,"[""https://cellxgene.cziscience.com/collections/b1a879f6-5638-48d3-8f64-f6592c1b1561""]",harvest,2026-10-02 11:21
CELLxGENE,83ec9e14-87a4-4d41-aa3b-f7c51af70a64,Visium spatial - RV,Visium,Visium Spatial Gene Expression V1,heart right ventricle,normal,ready,ready,1,1,1,1,0,0.051,https://cellxgene.cziscience.com/e/83ec9e14-87a4-4d41-aa3b-f7c51af70a64.cxg/,10.1038/s41586-023-06311-1,collection Spatially resolved multiomics of human cardiac niches (3116d060-0a8e-4767-99bb-e866badea1ed); cells=5039,"[""https://cellxgene.cziscience.com/collections/3116d060-0a8e-4767-99bb-e866badea1ed""]",harvest,2026-10-02 11:21
CELLxGENE,853c4415-9820-4377-ae29-cfe61d72fbd1,WSA_LngSP10972075,Visium,Visium Spatial Gene Expression V1,trachea,normal,ready,ready,1,1,1,1,0,0.273,https://cellxgene.cziscience.com/e/853c4415-9820-4377-ae29-cfe61d72fbd1.cxg/,10.1038/s41588-022-01243-4,collection A spatially resolved atlas of the human lung characterizes a gland-associated immune niche (c1241244-b22d-483d-875b-75699efb9f3c); cells=4992,"[""https://cellxgene.cziscience.com/collections/c1241244-b22d-483d-875b-75699efb9f3c""]",harvest,2026-10-02 11:21
CELLxGENE,85585f3f-d16a-412d-b93a-406d52721221,Visium Spatial of Human muscle in Healthy control_2,Visium,Visium Spatial Gene Expression V1,muscle of posterior compartment of hindlimb stylopod,normal,ready,ready,1,1,1,1,0,0.574,https://cellxgene.cziscience.com/e/85585f3f-d16a-412d-b93a-406d52721221.cxg/,10.1002/path.70067,collection Unraveling the spatial landscape of Dystrophinopathies: a transcriptomic approach to Becker and Duchenne muscular dystrophies (f4774e03-b5a7-473b-99d6-eeb80592c5db); cells=4992,"[""https://cellxgene.cziscience.com/collections/f4774e03-b5a7-473b-99d6-eeb80592c5db""]",harvest,2026-10-02 11:21
CELLxGENE,87183784-5b2e-4de0-a960-cffdeb005a7d,visium spatial - sample v10,Visium,Visium Spatial Gene Expression V1,breast,normal,ready,ready,1,1,1,1,0,2.256,https://cellxgene.cziscience.com/e/87183784-5b2e-4de0-a960-cffdeb005a7d.cxg/,10.1038/s41586-023-06252-9,collection A spatially resolved single cell genomic atlas of the adult human breast (4195ab4c-20bd-4cd3-8b3d-65601277e731); cells=4992,"[""https://cellxgene.cziscience.com/collections/4195ab4c-20bd-4cd3-8b3d-65601277e731""]",harvest,2026-10-02 11:21
CELLxGENE,87789c9c-c10d-47c8-ab63-5125a8e70216,RZ_P11 (ACH0019)-Spatial multi-omic map of human myocardial infarction,Visium,Visium Spatial Gene Expression V1,heart left ventricle,myocardial infarction,ready,ready,1,1,1,1,0,0.126,https://cellxgene.cziscience.com/e/87789c9c-c10d-47c8-ab63-5125a8e70216.cxg/,10.1038/s41586-022-05060-x,collection Spatial multi-omic map of human myocardial infarction (8191c283-0816-424b-9b61-c3e1d6258a77); cells=4992,"[""https://cellxgene.cziscience.com/collections/8191c283-0816-424b-9b61-c3e1d6258a77""]",harvest,2026-10-02 11:21
CELLxGENE,879bb6df-cc2a-40f1-854b-5be9629d03b2,S2_Col_R A595688 Rep1,Visium,Visium Spatial Gene Expression V1,right colon,colorectal cancer,ready,ready,1,1,1,1,0,0.033,https://cellxgene.cziscience.com/e/879bb6df-cc2a-40f1-854b-5be9629d03b2.cxg/,10.1038/s41698-023-00488-4,collection Profiling the heterogeneity of colorectal cancer consensus molecular subtypes using spatial transcriptomics (68cba939-4e72-4405-80ef-512a05044fba); cells=4992,"[""https://cellxgene.cziscience.com/collections/68cba939-4e72-4405-80ef-512a05044fba""]",harvest,2026-10-02 11:21
CELLxGENE,88b7da92-178d-4f27-bc18-b0165b256c67,Spatial transcriptomics in the healthy human kidney: Puck_200903_13,Slide-seq,Slide-seqV2,renal medulla,normal,ready,ready,1,1,1,1,0,0.09,https://cellxgene.cziscience.com/e/88b7da92-178d-4f27-bc18-b0165b256c67.cxg/,10.1016/j.isci.2022.104097,collection High Resolution Slide-seqV2 Spatial Transcriptomics Enables Discovery of Disease-Specific Cell Neighborhoods and Pathways (8e880741-bf9a-4c8e-9227-934204631d2a); cells=44588,"[""https://cellxgene.cziscience.com/collections/8e880741-bf9a-4c8e-9227-934204631d2a""]",harvest,2026-10-02 11:21
CELLxGENE,8941ecc9-05f8-431d-9a32-0baaf3f145ea,thymus visium sample WSSS_F_IMMsp11604688,Visium,Visium Spatial Gene Expression V1,thymus,normal,ready,ready,1,1,1,1,0,0.103,https://cellxgene.cziscience.com/e/8941ecc9-05f8-431d-9a32-0baaf3f145ea.cxg/,10.1038/s41586-024-07944-6,collection A spatial human thymus cell atlas mapped to a continuous tissue axis (fc19ae6c-d7c1-4dce-b703-62c5d52061b4); cells=4992,"[""https://cellxgene.cziscience.com/collections/fc19ae6c-d7c1-4dce-b703-62c5d52061b4""]",harvest,2026-10-02 11:21
CELLxGENE,89972213-8510-49c3-a55a-01cd248ef88a,"Cutaneous melanoma, lymph node metastasis Puck_220215_13",Slide-seq,Slide-seqV2,lymph node,metastatic melanoma,ready,ready,1,1,1,1,0,0.029,https://cellxgene.cziscience.com/e/89972213-8510-49c3-a55a-01cd248ef88a.cxg/,10.1016/j.immuni.2022.09.002,collection Spatially mapping T cell receptors and transcriptomes (02b01703-bf1b-48de-b99a-23bef8cccc81); cells=27757,"[""https://cellxgene.cziscience.com/collections/02b01703-bf1b-48de-b99a-23bef8cccc81""]",harvest,2026-10-02 11:21
CELLxGENE,8a7c6bd5-1aa0-457e-8be0-b91e9283dd9c,thymus visium sample WSSS_F_IMMsp11604690,Visium,Visium Spatial Gene Expression V1,thymus,normal,ready,ready,1,1,1,1,0,0.108,https://cellxgene.cziscience.com/e/8a7c6bd5-1aa0-457e-8be0-b91e9283dd9c.cxg/,10.1038/s41586-024-07944-6,collection A spatial human thymus cell atlas mapped to a continuous tissue axis (fc19ae6c-d7c1-4dce-b703-62c5d52061b4); cells=4992,"[""https://cellxgene.cziscience.com/collections/fc19ae6c-d7c1-4dce-b703-62c5d52061b4""]",harvest,2026-10-02 11:21
CELLxGENE,8c275f25-d8d9-40b2-a81d-498bf89c4677,Spatial transcriptomics in the healthy human kidney: Puck_200115_14,Slide-seq,Slide-seqV2,renal medulla,normal,ready,ready,1,1,1,1,0,0.035,https://cellxgene.cziscience.com/e/8c275f25-d8d9-40b2-a81d-498bf89c4677.cxg/,10.1016/j.isci.2022.104097,collection High Resolution Slide-seqV2 Spatial Transcriptomics Enables Discovery of Disease-Specific Cell Neighborhoods and Pathways (8e880741-bf9a-4c8e-9227-934204631d2a); cells=18471,"[""https://cellxgene.cziscience.com/collections/8e880741-bf9a-4c8e-9227-934204631d2a""]",harvest,2026-10-02 11:21
CELLxGENE,8c6f14c0-6162-4c2e-971f-510d7b766d7c,Spatial transcriptomics in the healthy human kidney: Puck_200115_02,Slide-seq,Slide-seqV2,cortex of kidney,normal,ready,ready,1,1,1,1,0,0.027,https://cellxgene.cziscience.com/e/8c6f14c0-6162-4c2e-971f-510d7b766d7c.cxg/,10.1016/j.isci.2022.104097,collection High Resolution Slide-seqV2 Spatial Transcriptomics Enables Discovery of Disease-Specific Cell Neighborhoods and Pathways (8e880741-bf9a-4c8e-9227-934204631d2a); cells=12444,"[""https://cellxgene.cziscience.com/collections/8e880741-bf9a-4c8e-9227-934204631d2a""]",harvest,2026-10-02 11:21
CELLxGENE,8cd27ec2-250d-482d-8cab-8dc17e017e09,WSA_LngSP10972073,Visium,Visium Spatial Gene Expression V1,bronchus,normal,ready,ready,1,1,1,1,0,0.383,https://cellxgene.cziscience.com/e/8cd27ec2-250d-482d-8cab-8dc17e017e09.cxg/,10.1038/s41588-022-01243-4,collection A spatially resolved atlas of the human lung characterizes a gland-associated immune niche (c1241244-b22d-483d-875b-75699efb9f3c); cells=4992,"[""https://cellxgene.cziscience.com/collections/c1241244-b22d-483d-875b-75699efb9f3c""]",harvest,2026-10-02 11:21
CELLxGENE,8f8821bf-6033-49fd-b638-44e0a18f4bf8,Visium spatial - face_forehead_A_b,Visium,Visium Spatial Gene Expression V1,skin of forehead,normal,ready,ready,1,1,1,1,0,0.243,https://cellxgene.cziscience.com/e/8f8821bf-6033-49fd-b638-44e0a18f4bf8.cxg/,10.1073/pnas.2313326120,collection Multi-scale spatial mapping of cell populations across anatomical sites in healthy human skin and basal cell carcinoma (34f12de7-c5e5-4813-a136-832677f98ac8); cells=4992,"[""https://cellxgene.cziscience.com/collections/34f12de7-c5e5-4813-a136-832677f98ac8""]",harvest,2026-10-02 11:21
CELLxGENE,8fb329fb-2801-494b-b1c9-8c01ca0e91bc,GT_IZ_P13 (ACH0010)-Spatial multi-omic map of human myocardial infarction,Visium,Visium Spatial Gene Expression V1,heart left ventricle,myocardial infarction,ready,ready,1,1,1,1,0,0.172,https://cellxgene.cziscience.com/e/8fb329fb-2801-494b-b1c9-8c01ca0e91bc.cxg/,10.1038/s41586-022-05060-x,collection Spatial multi-omic map of human myocardial infarction (8191c283-0816-424b-9b61-c3e1d6258a77); cells=4992,"[""https://cellxgene.cziscience.com/collections/8191c283-0816-424b-9b61-c3e1d6258a77""]",harvest,2026-10-02 11:21
CELLxGENE,90ef2377-e4d0-41c7-924f-6f9ee7a9237d,Spatial transcriptomics in the healthy human kidney: Puck_200113_07,Slide-seq,Slide-seqV2,cortex of kidney,normal,ready,ready,1,1,1,1,0,0.01,https://cellxgene.cziscience.com/e/90ef2377-e4d0-41c7-924f-6f9ee7a9237d.cxg/,10.1016/j.isci.2022.104097,collection High Resolution Slide-seqV2 Spatial Transcriptomics Enables Discovery of Disease-Specific Cell Neighborhoods and Pathways (8e880741-bf9a-4c8e-9227-934204631d2a); cells=11456,"[""https://cellxgene.cziscience.com/collections/8e880741-bf9a-4c8e-9227-934204631d2a""]",harvest,2026-10-02 11:21
CELLxGENE,91d3b939-744f-45d3-b782-79196ed93612,IZ_BZ_P2 (10X0018)-Spatial multi-omic map of human myocardial infarction,Visium,Visium Spatial Gene Expression V1,heart left ventricle,myocardial infarction,ready,ready,1,1,1,1,0,0.169,https://cellxgene.cziscience.com/e/91d3b939-744f-45d3-b782-79196ed93612.cxg/,10.1038/s41586-022-05060-x,collection Spatial multi-omic map of human myocardial infarction (8191c283-0816-424b-9b61-c3e1d6258a77); cells=4992,"[""https://cellxgene.cziscience.com/collections/8191c283-0816-424b-9b61-c3e1d6258a77""]",harvest,2026-10-02 11:21
CELLxGENE,9237e573-980a-4be6-b028-0f01cc064956,HTAPP-997-SMP-7789 Slide-seq,Slide-seq,Slide-seqV2,liver,breast cancer,ready,ready,1,1,1,1,0,0.047,https://cellxgene.cziscience.com/e/9237e573-980a-4be6-b028-0f01cc064956.cxg/,10.1038/s41591-024-03215-z,collection HTAN/HTAPP Broad - Spatio-molecular dissection of the breast cancer metastatic microenvironment (a96133de-e951-4e2d-ace6-59db8b3bfb1d); cells=10892,"[""https://cellxgene.cziscience.com/collections/a96133de-e951-4e2d-ace6-59db8b3bfb1d""]",harvest,2026-10-02 11:21
CELLxGENE,92cf7163-4b7b-460b-9751-afd96193a163,Visium spatial - AX,Visium,Visium Spatial Gene Expression V1,apex of heart,normal,ready,ready,1,1,1,1,0,0.065,https://cellxgene.cziscience.com/e/92cf7163-4b7b-460b-9751-afd96193a163.cxg/,10.1038/s41586-023-06311-1,collection Spatially resolved multiomics of human cardiac niches (3116d060-0a8e-4767-99bb-e866badea1ed); cells=6497,"[""https://cellxgene.cziscience.com/collections/3116d060-0a8e-4767-99bb-e866badea1ed""]",harvest,2026-10-02 11:21
CELLxGENE,93b68c0a-f70f-4361-94da-03efd5f1ad9b,thymus visium sample WSSS_F_IMMsp11765868,Visium,Visium Spatial Gene Expression V1,thymus,normal,ready,ready,1,1,1,1,0,0.131,https://cellxgene.cziscience.com/e/93b68c0a-f70f-4361-94da-03efd5f1ad9b.cxg/,10.1038/s41586-024-07944-6,collection A spatial human thymus cell atlas mapped to a continuous tissue axis (fc19ae6c-d7c1-4dce-b703-62c5d52061b4); cells=4992,"[""https://cellxgene.cziscience.com/collections/fc19ae6c-d7c1-4dce-b703-62c5d52061b4""]",harvest,2026-10-02 11:21
CELLxGENE,94071616-999b-4517-a3e6-c0de3574248d,Visium spatial - HCAHeartST8795936 (OCT),Visium,Visium Spatial Gene Expression V1,apex of heart,normal,ready,ready,1,1,1,1,0,0.422,https://cellxgene.cziscience.com/e/94071616-999b-4517-a3e6-c0de3574248d.cxg/,10.1038/s41586-023-06311-1,collection Spatially resolved multiomics of human cardiac niches (3116d060-0a8e-4767-99bb-e866badea1ed); cells=4992,"[""https://cellxgene.cziscience.com/collections/3116d060-0a8e-4767-99bb-e866badea1ed""]",harvest,2026-10-02 11:21
CELLxGENE,953bfc7b-2004-4041-8b50-92c31a505bf7,spRNA-seq for GZMK+CD8+ T cells Target A Specific Acinar Cell Type in Sjögren’s Disease - Block #4,Visium,Visium Spatial Gene Expression V1,labial gland,Sjogren syndrome,ready,ready,1,1,1,1,0,0.033,https://cellxgene.cziscience.com/e/953bfc7b-2004-4041-8b50-92c31a505bf7.cxg/,10.21203/rs.3.rs-3601404/v2,collection Single cell and spatial transcriptomics in Sjögren’s Disease-affected Human Salivary Glands (21bbfaec-6958-46bc-b1cd-1535752f6304); cells=4992,"[""https://cellxgene.cziscience.com/collections/21bbfaec-6958-46bc-b1cd-1535752f6304""]",harvest,2026-10-02 11:21
CELLxGENE,95e1779d-25d6-4274-bf2b-7db1f4380c0c,RZ_P6 (ACH0021)-Spatial multi-omic map of human myocardial infarction,Visium,Visium Spatial Gene Expression V1,heart left ventricle,myocardial infarction,ready,ready,1,1,1,1,0,0.169,https://cellxgene.cziscience.com/e/95e1779d-25d6-4274-bf2b-7db1f4380c0c.cxg/,10.1038/s41586-022-05060-x,collection Spatial multi-omic map of human myocardial infarction (8191c283-0816-424b-9b61-c3e1d6258a77); cells=4992,"[""https://cellxgene.cziscience.com/collections/8191c283-0816-424b-9b61-c3e1d6258a77""]",harvest,2026-10-02 11:21
CELLxGENE,968c9b50-c7e2-40d6-8335-69a6802e06a8,spRNA-seq for GZMK+CD8+ T cells Target A Specific Acinar Cell Type in Sjögren’s Disease - Block #24,Visium,Visium Spatial Gene Expression V1,labial gland,Sjogren syndrome,ready,ready,1,1,1,1,0,0.075,https://cellxgene.cziscience.com/e/968c9b50-c7e2-40d6-8335-69a6802e06a8.cxg/,10.21203/rs.3.rs-3601404/v2,collection Single cell and spatial transcriptomics in Sjögren’s Disease-affected Human Salivary Glands (21bbfaec-6958-46bc-b1cd-1535752f6304); cells=4992,"[""https://cellxgene.cziscience.com/collections/21bbfaec-6958-46bc-b1cd-1535752f6304""]",harvest,2026-10-02 11:21
CELLxGENE,980d342b-126d-4724-9e55-96cbcbb7d7fe,spRNA-seq for GZMK+CD8+ T cells Target A Specific Acinar Cell Type in Sjögren’s Disease - Block #27,Visium,Visium Spatial Gene Expression V1,labial gland,normal,ready,ready,1,1,1,1,0,0.065,https://cellxgene.cziscience.com/e/980d342b-126d-4724-9e55-96cbcbb7d7fe.cxg/,10.21203/rs.3.rs-3601404/v2,collection Single cell and spatial transcriptomics in Sjögren’s Disease-affected Human Salivary Glands (21bbfaec-6958-46bc-b1cd-1535752f6304); cells=4992,"[""https://cellxgene.cziscience.com/collections/21bbfaec-6958-46bc-b1cd-1535752f6304""]",harvest,2026-10-02 11:21
CELLxGENE,9849b046-445b-4460-a6d5-ce247c911a42,FZ_GT_P4 (10X009)-Spatial multi-omic map of human myocardial infarction,Visium,Visium Spatial Gene Expression V1,heart left ventricle,myocardial infarction,ready,ready,1,1,1,1,0,0.149,https://cellxgene.cziscience.com/e/9849b046-445b-4460-a6d5-ce247c911a42.cxg/,10.1038/s41586-022-05060-x,collection Spatial multi-omic map of human myocardial infarction (8191c283-0816-424b-9b61-c3e1d6258a77); cells=4992,"[""https://cellxgene.cziscience.com/collections/8191c283-0816-424b-9b61-c3e1d6258a77""]",harvest,2026-10-02 11:21
CELLxGENE,985d11a7-9687-4d15-9681-90113501c2bc,Visium spatial - HCAHeartST13233997 (OCT),Visium,Visium Spatial Gene Expression V1,sinoatrial node,normal,ready,ready,1,1,1,1,0,0.284,https://cellxgene.cziscience.com/e/985d11a7-9687-4d15-9681-90113501c2bc.cxg/,10.1038/s41586-023-06311-1,collection Spatially resolved multiomics of human cardiac niches (3116d060-0a8e-4767-99bb-e866badea1ed); cells=4992,"[""https://cellxgene.cziscience.com/collections/3116d060-0a8e-4767-99bb-e866badea1ed""]",harvest,2026-10-02 11:21
CELLxGENE,987185c0-e092-49fb-935a-cc3fa0d084ca,WSA_LngSP9258467,Visium,Visium Spatial Gene Expression V1,bronchus,normal,ready,ready,1,1,1,1,0,0.258,https://cellxgene.cziscience.com/e/987185c0-e092-49fb-935a-cc3fa0d084ca.cxg/,10.1038/s41588-022-01243-4,collection A spatially resolved atlas of the human lung characterizes a gland-associated immune niche (c1241244-b22d-483d-875b-75699efb9f3c); cells=4992,"[""https://cellxgene.cziscience.com/collections/c1241244-b22d-483d-875b-75699efb9f3c""]",harvest,2026-10-02 11:21
CELLxGENE,993cf43f-3b5b-424e-a67a-6ccf0a328450,Pla_Camb9518737,Visium,Visium Spatial Gene Expression V1,decidua basalis,normal,ready,ready,1,1,1,1,0,0.041,https://cellxgene.cziscience.com/e/993cf43f-3b5b-424e-a67a-6ccf0a328450.cxg/,10.1038/s41586-023-05869-0,collection Spatial multiomics map of trophoblast development in early pregnancy (e2c257e7-6f79-487c-b81c-39451cd4ab3c); cells=4992,"[""https://cellxgene.cziscience.com/collections/e2c257e7-6f79-487c-b81c-39451cd4ab3c""]",harvest,2026-10-02 11:21
CELLxGENE,99c400af-2a21-4937-9b84-cc1e52f7ba09,Spatial transcriptomics in the healthy human kidney: Puck_200121_01,Slide-seq,Slide-seqV2,renal medulla,normal,ready,ready,1,1,1,1,0,0.022,https://cellxgene.cziscience.com/e/99c400af-2a21-4937-9b84-cc1e52f7ba09.cxg/,10.1016/j.isci.2022.104097,collection High Resolution Slide-seqV2 Spatial Transcriptomics Enables Discovery of Disease-Specific Cell Neighborhoods and Pathways (8e880741-bf9a-4c8e-9227-934204631d2a); cells=21054,"[""https://cellxgene.cziscience.com/collections/8e880741-bf9a-4c8e-9227-934204631d2a""]",harvest,2026-10-02 11:21
CELLxGENE,9a38ffc5-576c-4283-a79c-fb1c5e03cb96,Visium spatial - HCAHeartST8795934 (OCT),Visium,Visium Spatial Gene Expression V1,left cardiac atrium,normal,ready,ready,1,1,1,1,0,0.344,https://cellxgene.cziscience.com/e/9a38ffc5-576c-4283-a79c-fb1c5e03cb96.cxg/,10.1038/s41586-023-06311-1,collection Spatially resolved multiomics of human cardiac niches (3116d060-0a8e-4767-99bb-e866badea1ed); cells=4992,"[""https://cellxgene.cziscience.com/collections/3116d060-0a8e-4767-99bb-e866badea1ed""]",harvest,2026-10-02 11:21
CELLxGENE,9a9d4a69-6119-45ae-8303-478fe78f5d42,Visium Spatial of Human muscle in Dystrophinopathies_5,Visium,Visium Spatial Gene Expression V1,tibialis anterior,DMD-related muscular dystrophy,ready,ready,1,1,1,1,0,0.021,https://cellxgene.cziscience.com/e/9a9d4a69-6119-45ae-8303-478fe78f5d42.cxg/,10.1002/path.70067,collection Unraveling the spatial landscape of Dystrophinopathies: a transcriptomic approach to Becker and Duchenne muscular dystrophies (f4774e03-b5a7-473b-99d6-eeb80592c5db); cells=4992,"[""https://cellxgene.cziscience.com/collections/f4774e03-b5a7-473b-99d6-eeb80592c5db""]",harvest,2026-10-02 11:21
CELLxGENE,9acc2ac1-6acf-4ad3-a8c1-8bffff235e16,Visium spatial - face_scalp_A,Visium,Visium Spatial Gene Expression V1,skin of scalp,normal,ready,ready,1,1,1,1,0,0.17,https://cellxgene.cziscience.com/e/9acc2ac1-6acf-4ad3-a8c1-8bffff235e16.cxg/,10.1073/pnas.2313326120,collection Multi-scale spatial mapping of cell populations across anatomical sites in healthy human skin and basal cell carcinoma (34f12de7-c5e5-4813-a136-832677f98ac8); cells=4992,"[""https://cellxgene.cziscience.com/collections/34f12de7-c5e5-4813-a136-832677f98ac8""]",harvest,2026-10-02 11:21
CELLxGENE,9adb1b29-65a2-4dd0-86bf-c02690d65fbd,GSM6592062_M16,Visium,Visium Spatial Gene Expression V1,breast,triple-negative breast carcinoma,ready,ready,1,1,1,1,0,0.044,https://cellxgene.cziscience.com/e/9adb1b29-65a2-4dd0-86bf-c02690d65fbd.cxg/,10.1016/j.labinv.2023.100258,collection Spatial Transcriptomics Reveal Pitfalls and Opportunities for the Detection of Rare High-Plasticity Breast Cancer Subtypes (bfd55632-15e2-4dde-a1b9-02ade511fc4d); cells=4992,"[""https://cellxgene.cziscience.com/collections/bfd55632-15e2-4dde-a1b9-02ade511fc4d""]",harvest,2026-10-02 11:21
CELLxGENE,9b1437bb-42fe-47d8-8962-835d95581763,"Renal cell carcinoma, post aPD1, lung metastasis Puck_200727_09",Slide-seq,Slide-seqV2,lung,renal cell carcinoma,ready,ready,1,1,1,1,0,0.015,https://cellxgene.cziscience.com/e/9b1437bb-42fe-47d8-8962-835d95581763.cxg/,10.1016/j.immuni.2022.09.002,collection Spatially mapping T cell receptors and transcriptomes (02b01703-bf1b-48de-b99a-23bef8cccc81); cells=14990,"[""https://cellxgene.cziscience.com/collections/02b01703-bf1b-48de-b99a-23bef8cccc81""]",harvest,2026-10-02 11:21
CELLxGENE,9c5f68fc-860f-414b-99c2-cc6be691aff3,HTAPP-330-SMP-1082 Slide-seq,Slide-seq,Slide-seqV2,liver,breast cancer,ready,ready,1,1,1,1,0,0.038,https://cellxgene.cziscience.com/e/9c5f68fc-860f-414b-99c2-cc6be691aff3.cxg/,10.1038/s41591-024-03215-z,collection HTAN/HTAPP Broad - Spatio-molecular dissection of the breast cancer metastatic microenvironment (a96133de-e951-4e2d-ace6-59db8b3bfb1d); cells=11851,"[""https://cellxgene.cziscience.com/collections/a96133de-e951-4e2d-ace6-59db8b3bfb1d""]",harvest,2026-10-02 11:21
CELLxGENE,9ca6375d-bcb2-43d7-a44d-6fbc6bdee008,Visium Spatial of Human muscle in Dystrophinopathies_4,Visium,Visium Spatial Gene Expression V1,vastus lateralis,DMD-related muscular dystrophy,ready,ready,1,1,1,1,0,0.688,https://cellxgene.cziscience.com/e/9ca6375d-bcb2-43d7-a44d-6fbc6bdee008.cxg/,10.1002/path.70067,collection Unraveling the spatial landscape of Dystrophinopathies: a transcriptomic approach to Becker and Duchenne muscular dystrophies (f4774e03-b5a7-473b-99d6-eeb80592c5db); cells=4992,"[""https://cellxgene.cziscience.com/collections/f4774e03-b5a7-473b-99d6-eeb80592c5db""]",harvest,2026-10-02 11:21
CELLxGENE,9dca8e98-e2f1-4e64-b7b0-22953cd8235d,Visium spatial - HCAHeartST13233998 (OCT),Visium,Visium Spatial Gene Expression V1,sinoatrial node,normal,ready,ready,1,1,1,1,0,0.36,https://cellxgene.cziscience.com/e/9dca8e98-e2f1-4e64-b7b0-22953cd8235d.cxg/,10.1038/s41586-023-06311-1,collection Spatially resolved multiomics of human cardiac niches (3116d060-0a8e-4767-99bb-e866badea1ed); cells=4992,"[""https://cellxgene.cziscience.com/collections/3116d060-0a8e-4767-99bb-e866badea1ed""]",harvest,2026-10-02 11:21
CELLxGENE,9df7a9ce-4298-4d65-9e89-33d83ac8bb69,Spatial transcriptomics in the healthy human kidney: Puck_200903_12,Slide-seq,Slide-seqV2,renal medulla,normal,ready,ready,1,1,1,1,0,0.069,https://cellxgene.cziscience.com/e/9df7a9ce-4298-4d65-9e89-33d83ac8bb69.cxg/,10.1016/j.isci.2022.104097,collection High Resolution Slide-seqV2 Spatial Transcriptomics Enables Discovery of Disease-Specific Cell Neighborhoods and Pathways (8e880741-bf9a-4c8e-9227-934204631d2a); cells=35987,"[""https://cellxgene.cziscience.com/collections/8e880741-bf9a-4c8e-9227-934204631d2a""]",harvest,2026-10-02 11:21
CELLxGENE,9dfd2243-74d6-4924-86bd-c206ca9287b1,Spatiotemporal analysis of human intestinal development at single-cell resolution: Adult A2,Visium,Visium Spatial Gene Expression V1,colon,normal,ready,ready,1,1,1,1,0,0.098,https://cellxgene.cziscience.com/e/9dfd2243-74d6-4924-86bd-c206ca9287b1.cxg/,10.1016/j.cell.2020.12.016,collection Spatiotemporal analysis of human intestinal development at single-cell resolution (60358420-6055-411d-ba4f-e8ac80682a2e); cells=4992,"[""https://cellxgene.cziscience.com/collections/60358420-6055-411d-ba4f-e8ac80682a2e""]",harvest,2026-10-02 11:21
CELLxGENE,9eb5e239-740e-408b-a494-bfcf2fe8d05b,RZ_P9 (ACH0023)-Spatial multi-omic map of human myocardial infarction,Visium,Visium Spatial Gene Expression V1,heart left ventricle,myocardial infarction,ready,ready,1,1,1,1,0,0.187,https://cellxgene.cziscience.com/e/9eb5e239-740e-408b-a494-bfcf2fe8d05b.cxg/,10.1038/s41586-022-05060-x,collection Spatial multi-omic map of human myocardial infarction (8191c283-0816-424b-9b61-c3e1d6258a77); cells=4992,"[""https://cellxgene.cziscience.com/collections/8191c283-0816-424b-9b61-c3e1d6258a77""]",harvest,2026-10-02 11:21
CELLxGENE,9fc34171-1273-44b3-8e16-6bea49dfd969,spRNA-seq for GZMK+CD8+ T cells Target A Specific Acinar Cell Type in Sjögren’s Disease - Block #15,Visium,Visium Spatial Gene Expression V1,labial gland,normal,ready,ready,1,1,1,1,0,0.034,https://cellxgene.cziscience.com/e/9fc34171-1273-44b3-8e16-6bea49dfd969.cxg/,10.21203/rs.3.rs-3601404/v2,collection Single cell and spatial transcriptomics in Sjögren’s Disease-affected Human Salivary Glands (21bbfaec-6958-46bc-b1cd-1535752f6304); cells=4992,"[""https://cellxgene.cziscience.com/collections/21bbfaec-6958-46bc-b1cd-1535752f6304""]",harvest,2026-10-02 11:21
CELLxGENE,a0805e92-3d1f-4866-af5c-5b903c6d910b,Visium spatial data from liver of primary sclerosing cholangitis patient; sample PSC011_D1,Visium,Visium Spatial Gene Expression V1,caudate lobe of liver,primary sclerosing cholangitis,ready,ready,1,1,1,1,0,0.045,https://cellxgene.cziscience.com/e/a0805e92-3d1f-4866-af5c-5b903c6d910b.cxg/,10.1016/j.jhep.2023.12.023,collection Single-cell and spatial transcriptomics characterisation of the immunological landscape in the healthy and PSC human liver (0c8a364b-97b5-4cc8-a593-23c38c6f0ac5); cells=4992,"[""https://cellxgene.cziscience.com/collections/0c8a364b-97b5-4cc8-a593-23c38c6f0ac5""]",harvest,2026-10-02 11:21
CELLxGENE,a15f5757-9480-4721-9911-72c95e76ea0e,Liver Visium of Human H35 (sample2),Visium,Visium Spatial Gene Expression V1,liver,normal,ready,ready,1,1,1,1,0,0.358,https://cellxgene.cziscience.com/e/a15f5757-9480-4721-9911-72c95e76ea0e.cxg/,10.1016/j.cell.2021.12.018,collection Spatial proteogenomics reveals distinct and evolutionarily conserved hepatic macrophage niches (74e10dc4-cbb2-4605-a189-8a1cd8e44d8c); cells=4992,"[""https://cellxgene.cziscience.com/collections/74e10dc4-cbb2-4605-a189-8a1cd8e44d8c""]",harvest,2026-10-02 11:21
CELLxGENE,a1e16320-801b-4d0a-b60d-ebf9b4130bb4,Spatial transcriptomics in the healthy human kidney: Puck_200903_11,Slide-seq,Slide-seqV2,cortex of kidney,normal,ready,ready,1,1,1,1,0,0.063,https://cellxgene.cziscience.com/e/a1e16320-801b-4d0a-b60d-ebf9b4130bb4.cxg/,10.1016/j.isci.2022.104097,collection High Resolution Slide-seqV2 Spatial Transcriptomics Enables Discovery of Disease-Specific Cell Neighborhoods and Pathways (8e880741-bf9a-4c8e-9227-934204631d2a); cells=40436,"[""https://cellxgene.cziscience.com/collections/8e880741-bf9a-4c8e-9227-934204631d2a""]",harvest,2026-10-02 11:21
CELLxGENE,a1ea7856-890f-4ec4-8fd9-2b6354daa6a7,WS_PLA_S9101766,Visium,Visium Spatial Gene Expression V1,decidua basalis,normal,ready,ready,1,1,1,1,0,0.035,https://cellxgene.cziscience.com/e/a1ea7856-890f-4ec4-8fd9-2b6354daa6a7.cxg/,10.1038/s41586-023-05869-0,collection Spatial multiomics map of trophoblast development in early pregnancy (e2c257e7-6f79-487c-b81c-39451cd4ab3c); cells=4992,"[""https://cellxgene.cziscience.com/collections/e2c257e7-6f79-487c-b81c-39451cd4ab3c""]",harvest,2026-10-02 11:21
CELLxGENE,a23220e5-484e-4f6c-8a81-ba1aac3d4577,Liver Visium of Human H35 (sample1),Visium,Visium Spatial Gene Expression V1,liver,normal,ready,ready,1,1,1,1,0,0.444,https://cellxgene.cziscience.com/e/a23220e5-484e-4f6c-8a81-ba1aac3d4577.cxg/,10.1016/j.cell.2021.12.018,collection Spatial proteogenomics reveals distinct and evolutionarily conserved hepatic macrophage niches (74e10dc4-cbb2-4605-a189-8a1cd8e44d8c); cells=4992,"[""https://cellxgene.cziscience.com/collections/74e10dc4-cbb2-4605-a189-8a1cd8e44d8c""]",harvest,2026-10-02 11:21
CELLxGENE,a31525c0-a7ee-409e-a0ee-9bf4f507c7f1,visium spatial - sample v03,Visium,Visium Spatial Gene Expression V1,breast,normal,ready,ready,1,1,1,1,0,0.792,https://cellxgene.cziscience.com/e/a31525c0-a7ee-409e-a0ee-9bf4f507c7f1.cxg/,10.1038/s41586-023-06252-9,collection A spatially resolved single cell genomic atlas of the adult human breast (4195ab4c-20bd-4cd3-8b3d-65601277e731); cells=4992,"[""https://cellxgene.cziscience.com/collections/4195ab4c-20bd-4cd3-8b3d-65601277e731""]",harvest,2026-10-02 11:21
CELLxGENE,a45125aa-7641-4bca-bca5-6d652e027d6f,6800STDY12499413,Visium,Visium Spatial Gene Expression V1,kidney,nonpapillary renal cell carcinoma,ready,ready,1,1,1,1,0,0.169,https://cellxgene.cziscience.com/e/a45125aa-7641-4bca-bca5-6d652e027d6f.cxg/,10.1016/j.ccell.2022.11.001,collection Mapping single-cell transcriptomes in the intra-tumoral and associated territories of kidney cancer (f7cecffa-00b4-4560-a29a-8ad626b8ee08); cells=4992,"[""https://cellxgene.cziscience.com/collections/f7cecffa-00b4-4560-a29a-8ad626b8ee08""]",harvest,2026-10-02 11:21
CELLxGENE,a5a6c83a-3afe-4a87-8c32-691118c46e51,Spatial transcriptomics in the healthy human kidney: Puck_200113_09,Slide-seq,Slide-seqV2,renal medulla,normal,ready,ready,1,1,1,1,0,0.012,https://cellxgene.cziscience.com/e/a5a6c83a-3afe-4a87-8c32-691118c46e51.cxg/,10.1016/j.isci.2022.104097,collection High Resolution Slide-seqV2 Spatial Transcriptomics Enables Discovery of Disease-Specific Cell Neighborhoods and Pathways (8e880741-bf9a-4c8e-9227-934204631d2a); cells=13780,"[""https://cellxgene.cziscience.com/collections/8e880741-bf9a-4c8e-9227-934204631d2a""]",harvest,2026-10-02 11:21
CELLxGENE,a5ecb41a-d1e8-4d6a-954c-30472a2f1007,Spatial transcriptomics in the healthy human kidney: Puck_200113_11,Slide-seq,Slide-seqV2,cortex of kidney,normal,ready,ready,1,1,1,1,0,0.017,https://cellxgene.cziscience.com/e/a5ecb41a-d1e8-4d6a-954c-30472a2f1007.cxg/,10.1016/j.isci.2022.104097,collection High Resolution Slide-seqV2 Spatial Transcriptomics Enables Discovery of Disease-Specific Cell Neighborhoods and Pathways (8e880741-bf9a-4c8e-9227-934204631d2a); cells=19029,"[""https://cellxgene.cziscience.com/collections/8e880741-bf9a-4c8e-9227-934204631d2a""]",harvest,2026-10-02 11:21
CELLxGENE,a6046b15-a095-43b0-9fb5-b36899d87fdb,6800STDY12499410,Visium,Visium Spatial Gene Expression V1,kidney,nonpapillary renal cell carcinoma,ready,ready,1,1,1,1,0,0.2,https://cellxgene.cziscience.com/e/a6046b15-a095-43b0-9fb5-b36899d87fdb.cxg/,10.1016/j.ccell.2022.11.001,collection Mapping single-cell transcriptomes in the intra-tumoral and associated territories of kidney cancer (f7cecffa-00b4-4560-a29a-8ad626b8ee08); cells=4992,"[""https://cellxgene.cziscience.com/collections/f7cecffa-00b4-4560-a29a-8ad626b8ee08""]",harvest,2026-10-02 11:21
CELLxGENE,a614ec2c-5c14-425e-afb9-6c897aba159f,thymus visium sample WSSS_THYst9142089,Visium,Visium Spatial Gene Expression V1,thymus,normal,ready,ready,1,1,1,1,0,0.172,https://cellxgene.cziscience.com/e/a614ec2c-5c14-425e-afb9-6c897aba159f.cxg/,10.1038/s41586-024-07944-6,collection A spatial human thymus cell atlas mapped to a continuous tissue axis (fc19ae6c-d7c1-4dce-b703-62c5d52061b4); cells=4992,"[""https://cellxgene.cziscience.com/collections/fc19ae6c-d7c1-4dce-b703-62c5d52061b4""]",harvest,2026-10-02 11:21
CELLxGENE,a6347c54-9e69-45e4-b1db-f5d84aa8321a,HTAPP-313-SMP-932 Slide-seq,Slide-seq,Slide-seqV2,liver,breast cancer,ready,ready,1,1,1,1,0,0.062,https://cellxgene.cziscience.com/e/a6347c54-9e69-45e4-b1db-f5d84aa8321a.cxg/,10.1038/s41591-024-03215-z,collection HTAN/HTAPP Broad - Spatio-molecular dissection of the breast cancer metastatic microenvironment (a96133de-e951-4e2d-ace6-59db8b3bfb1d); cells=11484,"[""https://cellxgene.cziscience.com/collections/a96133de-e951-4e2d-ace6-59db8b3bfb1d""]",harvest,2026-10-02 11:21
CELLxGENE,a6529751-6e49-4e86-93d3-ec03fcd551dc,pcw17_6332STDY9479173,Visium,Visium Spatial Gene Expression V1,lung,normal,ready,ready,1,1,1,1,0,0.414,https://cellxgene.cziscience.com/e/a6529751-6e49-4e86-93d3-ec03fcd551dc.cxg/,10.1016/j.cell.2022.11.005,collection A human fetal lung cell atlas uncovers proximal-distal gradients of differentiation and key regulators of epithelial fates (2d2e2acd-dade-489f-a2da-6c11aa654028); cells=4992,"[""https://cellxgene.cziscience.com/collections/2d2e2acd-dade-489f-a2da-6c11aa654028""]",harvest,2026-10-02 11:21
CELLxGENE,a6b0f655-820c-4082-98e2-42f33c2a71a7,CID44971,Visium,Visium Spatial Gene Expression V1,breast,invasive ductal breast carcinoma,ready,ready,1,1,1,1,0,0.214,https://cellxgene.cziscience.com/e/a6b0f655-820c-4082-98e2-42f33c2a71a7.cxg/,10.1038/s41588-021-00911-1,collection A single-cell and spatially resolved atlas of human breast cancers (dea97145-f712-431c-a223-6b5f565f362a); cells=4992,"[""https://cellxgene.cziscience.com/collections/dea97145-f712-431c-a223-6b5f565f362a""]",harvest,2026-10-02 11:21
CELLxGENE,a7059a06-16ff-462f-a3ec-938054a81479,Visium spatial - body_back_A_b,Visium,Visium Spatial Gene Expression V1,skin of back,normal,ready,ready,1,1,1,1,0,0.282,https://cellxgene.cziscience.com/e/a7059a06-16ff-462f-a3ec-938054a81479.cxg/,10.1073/pnas.2313326120,collection Multi-scale spatial mapping of cell populations across anatomical sites in healthy human skin and basal cell carcinoma (34f12de7-c5e5-4813-a136-832677f98ac8); cells=4992,"[""https://cellxgene.cziscience.com/collections/34f12de7-c5e5-4813-a136-832677f98ac8""]",harvest,2026-10-02 11:21
CELLxGENE,a73f7983-c94b-4005-aaed-30d35b61688a,S1_Cec A551763 Rep2,Visium,Visium Spatial Gene Expression V1,caecum,colorectal cancer,ready,ready,1,1,1,1,0,0.024,https://cellxgene.cziscience.com/e/a73f7983-c94b-4005-aaed-30d35b61688a.cxg/,10.1038/s41698-023-00488-4,collection Profiling the heterogeneity of colorectal cancer consensus molecular subtypes using spatial transcriptomics (68cba939-4e72-4405-80ef-512a05044fba); cells=4992,"[""https://cellxgene.cziscience.com/collections/68cba939-4e72-4405-80ef-512a05044fba""]",harvest,2026-10-02 11:21
CELLxGENE,a83dd1a9-d689-486b-aa8a-5036bf9d5816,WSA_LngSP10972072,Visium,Visium Spatial Gene Expression V1,bronchus,normal,ready,ready,1,1,1,1,0,0.437,https://cellxgene.cziscience.com/e/a83dd1a9-d689-486b-aa8a-5036bf9d5816.cxg/,10.1038/s41588-022-01243-4,collection A spatially resolved atlas of the human lung characterizes a gland-associated immune niche (c1241244-b22d-483d-875b-75699efb9f3c); cells=4992,"[""https://cellxgene.cziscience.com/collections/c1241244-b22d-483d-875b-75699efb9f3c""]",harvest,2026-10-02 11:21
CELLxGENE,a8b3736c-e43f-48aa-95e8-cf5d2caecf78,Human 12W heart A1,Visium,Visium Spatial Gene Expression V1,outflow tract myocardium,normal,ready,ready,1,1,1,1,0,0.045,https://cellxgene.cziscience.com/e/a8b3736c-e43f-48aa-95e8-cf5d2caecf78.cxg/,10.7554/eLife.107748.1,collection A cell atlas of the developing human outflow tract of the heart and its adult aortic valve derivatives (5d2077ea-7b49-45c8-b4cb-64790b698591); cells=4992,"[""https://cellxgene.cziscience.com/collections/5d2077ea-7b49-45c8-b4cb-64790b698591""]",harvest,2026-10-02 11:21
CELLxGENE,a9c5aecf-3b7d-4329-93b4-bf9dd16c3a3c,Visium spatial - HCAHeartST12992075 (OCT),Visium,Visium Spatial Gene Expression V1,atrioventricular node,normal,ready,ready,1,1,1,1,0,0.495,https://cellxgene.cziscience.com/e/a9c5aecf-3b7d-4329-93b4-bf9dd16c3a3c.cxg/,10.1038/s41586-023-06311-1,collection Spatially resolved multiomics of human cardiac niches (3116d060-0a8e-4767-99bb-e866badea1ed); cells=4992,"[""https://cellxgene.cziscience.com/collections/3116d060-0a8e-4767-99bb-e866badea1ed""]",harvest,2026-10-02 11:21
CELLxGENE,aa0b5adb-957d-4f15-ab83-2c5cc2843f77,Spatiotemporal analysis of human intestinal development at single-cell resolution: Fetal A6,Visium,Visium Spatial Gene Expression V1,ileum,normal,ready,ready,1,1,1,1,0,0.074,https://cellxgene.cziscience.com/e/aa0b5adb-957d-4f15-ab83-2c5cc2843f77.cxg/,10.1016/j.cell.2020.12.016,collection Spatiotemporal analysis of human intestinal development at single-cell resolution (60358420-6055-411d-ba4f-e8ac80682a2e); cells=4992,"[""https://cellxgene.cziscience.com/collections/60358420-6055-411d-ba4f-e8ac80682a2e""]",harvest,2026-10-02 11:21
CELLxGENE,aa6f371d-dacd-47e7-a774-e2f4495604a2,HTAPP-895-SMP-7359 Slide-seq,Slide-seq,Slide-seqV2,liver,breast cancer,ready,ready,1,1,1,1,0,0.021,https://cellxgene.cziscience.com/e/aa6f371d-dacd-47e7-a774-e2f4495604a2.cxg/,10.1038/s41591-024-03215-z,collection HTAN/HTAPP Broad - Spatio-molecular dissection of the breast cancer metastatic microenvironment (a96133de-e951-4e2d-ace6-59db8b3bfb1d); cells=6210,"[""https://cellxgene.cziscience.com/collections/a96133de-e951-4e2d-ace6-59db8b3bfb1d""]",harvest,2026-10-02 11:21
CELLxGENE,aafb780d-f52d-4285-a1f4-57376cabe1ee,CID4290,Visium,Visium Spatial Gene Expression V1,breast,invasive ductal breast carcinoma,ready,ready,1,1,1,1,0,0.239,https://cellxgene.cziscience.com/e/aafb780d-f52d-4285-a1f4-57376cabe1ee.cxg/,10.1038/s41588-021-00911-1,collection A single-cell and spatially resolved atlas of human breast cancers (dea97145-f712-431c-a223-6b5f565f362a); cells=4992,"[""https://cellxgene.cziscience.com/collections/dea97145-f712-431c-a223-6b5f565f362a""]",harvest,2026-10-02 11:21
CELLxGENE,abd889c6-f60a-4fbd-924e-ee1e9dcf909b,Spatiotemporal analysis of human intestinal development at single-cell resolution: Fetal A4,Visium,Visium Spatial Gene Expression V1,colon,normal,ready,ready,1,1,1,1,0,0.079,https://cellxgene.cziscience.com/e/abd889c6-f60a-4fbd-924e-ee1e9dcf909b.cxg/,10.1016/j.cell.2020.12.016,collection Spatiotemporal analysis of human intestinal development at single-cell resolution (60358420-6055-411d-ba4f-e8ac80682a2e); cells=4992,"[""https://cellxgene.cziscience.com/collections/60358420-6055-411d-ba4f-e8ac80682a2e""]",harvest,2026-10-02 11:21
CELLxGENE,ad2f25f0-acc4-4c4e-b796-6c85f8821964,spRNA-seq for GZMK+CD8+ T cells Target A Specific Acinar Cell Type in Sjögren’s Disease - Block #1,Visium,Visium Spatial Gene Expression V1,labial gland,Sjogren syndrome; immune system disorder,ready,ready,1,1,1,1,0,0.029,https://cellxgene.cziscience.com/e/ad2f25f0-acc4-4c4e-b796-6c85f8821964.cxg/,10.21203/rs.3.rs-3601404/v2,collection Single cell and spatial transcriptomics in Sjögren’s Disease-affected Human Salivary Glands (21bbfaec-6958-46bc-b1cd-1535752f6304); cells=4992,"[""https://cellxgene.cziscience.com/collections/21bbfaec-6958-46bc-b1cd-1535752f6304""]",harvest,2026-10-02 11:21
CELLxGENE,adf0db98-05e8-4834-8ae5-a93e91f56fce,Visium spatial - LA,Visium,Visium Spatial Gene Expression V1,left cardiac atrium,normal,ready,ready,1,1,1,1,0,0.062,https://cellxgene.cziscience.com/e/adf0db98-05e8-4834-8ae5-a93e91f56fce.cxg/,10.1038/s41586-023-06311-1,collection Spatially resolved multiomics of human cardiac niches (3116d060-0a8e-4767-99bb-e866badea1ed); cells=5822,"[""https://cellxgene.cziscience.com/collections/3116d060-0a8e-4767-99bb-e866badea1ed""]",harvest,2026-10-02 11:21
CELLxGENE,ae4552dc-e2ea-4d67-b375-03ec7480f780,"Cutaneous melanoma, lymph node metastasis Puck_220408_09",Slide-seq,Slide-seqV2,lymph node,metastatic melanoma,ready,ready,1,1,1,1,0,0.033,https://cellxgene.cziscience.com/e/ae4552dc-e2ea-4d67-b375-03ec7480f780.cxg/,10.1016/j.immuni.2022.09.002,collection Spatially mapping T cell receptors and transcriptomes (02b01703-bf1b-48de-b99a-23bef8cccc81); cells=37275,"[""https://cellxgene.cziscience.com/collections/02b01703-bf1b-48de-b99a-23bef8cccc81""]",harvest,2026-10-02 11:21
CELLxGENE,ae4817c0-7951-443d-b3b9-45b6b88986bd,pcw14_6332STDY9479167,Visium,Visium Spatial Gene Expression V1,lung,normal,ready,ready,1,1,1,1,0,0.197,https://cellxgene.cziscience.com/e/ae4817c0-7951-443d-b3b9-45b6b88986bd.cxg/,10.1016/j.cell.2022.11.005,collection A human fetal lung cell atlas uncovers proximal-distal gradients of differentiation and key regulators of epithelial fates (2d2e2acd-dade-489f-a2da-6c11aa654028); cells=4992,"[""https://cellxgene.cziscience.com/collections/2d2e2acd-dade-489f-a2da-6c11aa654028""]",harvest,2026-10-02 11:21
CELLxGENE,aeb253a3-b194-4500-9f1c-6f503ecc76f0,Visium spatial - HCAHeartST9341983 (OCT),Visium,Visium Spatial Gene Expression V1,left cardiac atrium,normal,ready,ready,1,1,1,1,0,0.248,https://cellxgene.cziscience.com/e/aeb253a3-b194-4500-9f1c-6f503ecc76f0.cxg/,10.1038/s41586-023-06311-1,collection Spatially resolved multiomics of human cardiac niches (3116d060-0a8e-4767-99bb-e866badea1ed); cells=4992,"[""https://cellxgene.cziscience.com/collections/3116d060-0a8e-4767-99bb-e866badea1ed""]",harvest,2026-10-02 11:21
CELLxGENE,aede7ec2-a32a-418f-b8f9-3a5c9b26245a,WSSS_F_IMMsp9838716,Visium,Visium Spatial Gene Expression V1,thymus,normal,ready,ready,1,1,1,1,0,0.163,https://cellxgene.cziscience.com/e/aede7ec2-a32a-418f-b8f9-3a5c9b26245a.cxg/,10.1126/science.abo0510,collection Mapping the developing human immune system across organs (b1a879f6-5638-48d3-8f64-f6592c1b1561); cells=4992,"[""https://cellxgene.cziscience.com/collections/b1a879f6-5638-48d3-8f64-f6592c1b1561""]",harvest,2026-10-02 11:21
CELLxGENE,af113aeb-ee5f-4484-8104-dc3190b6e54e,Visium spatial - HCAHeartST13228103 (OCT),Visium,Visium Spatial Gene Expression V1,atrioventricular node,normal,ready,ready,1,1,1,1,0,0.338,https://cellxgene.cziscience.com/e/af113aeb-ee5f-4484-8104-dc3190b6e54e.cxg/,10.1038/s41586-023-06311-1,collection Spatially resolved multiomics of human cardiac niches (3116d060-0a8e-4767-99bb-e866badea1ed); cells=4992,"[""https://cellxgene.cziscience.com/collections/3116d060-0a8e-4767-99bb-e866badea1ed""]",harvest,2026-10-02 11:21
CELLxGENE,affa05cf-6f7a-4868-87d9-a33664680139,Visium spatial - RA,Visium,Visium Spatial Gene Expression V1,right cardiac atrium,normal,ready,ready,1,1,1,1,0,0.068,https://cellxgene.cziscience.com/e/affa05cf-6f7a-4868-87d9-a33664680139.cxg/,10.1038/s41586-023-06311-1,collection Spatially resolved multiomics of human cardiac niches (3116d060-0a8e-4767-99bb-e866badea1ed); cells=7027,"[""https://cellxgene.cziscience.com/collections/3116d060-0a8e-4767-99bb-e866badea1ed""]",harvest,2026-10-02 11:21
CELLxGENE,b0d9408e-f02f-4ee4-9ab4-98d92cf290f1,GSM6592049_M2,Visium,Visium Spatial Gene Expression V1,breast,triple-negative breast carcinoma,ready,ready,1,1,1,1,0,0.025,https://cellxgene.cziscience.com/e/b0d9408e-f02f-4ee4-9ab4-98d92cf290f1.cxg/,10.1016/j.labinv.2023.100258,collection Spatial Transcriptomics Reveal Pitfalls and Opportunities for the Detection of Rare High-Plasticity Breast Cancer Subtypes (bfd55632-15e2-4dde-a1b9-02ade511fc4d); cells=4992,"[""https://cellxgene.cziscience.com/collections/bfd55632-15e2-4dde-a1b9-02ade511fc4d""]",harvest,2026-10-02 11:21
CELLxGENE,b2005457-dede-4434-a9c3-dbe41fcd542e,slide-seqV2 analysis of aorta,Slide-seq,Slide-seqV2,aorta,normal,ready,ready,1,1,1,1,0,0.01,https://cellxgene.cziscience.com/e/b2005457-dede-4434-a9c3-dbe41fcd542e.cxg/,10.1016/j.xgen.2025.101034,collection A Coding and Non-Coding Atlas of the Human Arterial Cell (8f17ac63-aaba-44b5-9b78-60f121da4c2f); cells=6142,"[""https://cellxgene.cziscience.com/collections/8f17ac63-aaba-44b5-9b78-60f121da4c2f""]",harvest,2026-10-02 11:21
CELLxGENE,b2130fdc-5a8b-456d-8d71-492d1a656d26,spRNA-seq for GZMK+CD8+ T cells Target A Specific Acinar Cell Type in Sjögren’s Disease - Block #13,Visium,Visium Spatial Gene Expression V1,labial gland,normal,ready,ready,1,1,1,1,0,0.064,https://cellxgene.cziscience.com/e/b2130fdc-5a8b-456d-8d71-492d1a656d26.cxg/,10.21203/rs.3.rs-3601404/v2,collection Single cell and spatial transcriptomics in Sjögren’s Disease-affected Human Salivary Glands (21bbfaec-6958-46bc-b1cd-1535752f6304); cells=4992,"[""https://cellxgene.cziscience.com/collections/21bbfaec-6958-46bc-b1cd-1535752f6304""]",harvest,2026-10-02 11:21
CELLxGENE,b2c9f2c0-3c3c-4f2c-816d-3e5a10f573bd,WSA_LngSP10193345,Visium,Visium Spatial Gene Expression V1,lung parenchyma,normal,ready,ready,1,1,1,1,0,0.871,https://cellxgene.cziscience.com/e/b2c9f2c0-3c3c-4f2c-816d-3e5a10f573bd.cxg/,10.1038/s41588-022-01243-4,collection A spatially resolved atlas of the human lung characterizes a gland-associated immune niche (c1241244-b22d-483d-875b-75699efb9f3c); cells=4992,"[""https://cellxgene.cziscience.com/collections/c1241244-b22d-483d-875b-75699efb9f3c""]",harvest,2026-10-02 11:21
CELLxGENE,b3052902-613c-4b04-a0f5-bafd397bb125,"Cutaneous melanoma, lymph node metastasis Puck_220408_12",Slide-seq,Slide-seqV2,lymph node,metastatic melanoma,ready,ready,1,1,1,1,0,0.032,https://cellxgene.cziscience.com/e/b3052902-613c-4b04-a0f5-bafd397bb125.cxg/,10.1016/j.immuni.2022.09.002,collection Spatially mapping T cell receptors and transcriptomes (02b01703-bf1b-48de-b99a-23bef8cccc81); cells=37193,"[""https://cellxgene.cziscience.com/collections/02b01703-bf1b-48de-b99a-23bef8cccc81""]",harvest,2026-10-02 11:21
CELLxGENE,b336b422-91ca-42b2-81a2-5c5a20ceefd7,Visium spatial - body_thigh_A,Visium,Visium Spatial Gene Expression V1,upper leg skin,normal,ready,ready,1,1,1,1,0,0.446,https://cellxgene.cziscience.com/e/b336b422-91ca-42b2-81a2-5c5a20ceefd7.cxg/,10.1073/pnas.2313326120,collection Multi-scale spatial mapping of cell populations across anatomical sites in healthy human skin and basal cell carcinoma (34f12de7-c5e5-4813-a136-832677f98ac8); cells=4992,"[""https://cellxgene.cziscience.com/collections/34f12de7-c5e5-4813-a136-832677f98ac8""]",harvest,2026-10-02 11:21
CELLxGENE,b34177ad-d7af-42ce-9c10-33cf238002cf,Liver Visium of Human H38,Visium,Visium Spatial Gene Expression V1,liver,normal,ready,ready,1,1,1,1,0,0.423,https://cellxgene.cziscience.com/e/b34177ad-d7af-42ce-9c10-33cf238002cf.cxg/,10.1016/j.cell.2021.12.018,collection Spatial proteogenomics reveals distinct and evolutionarily conserved hepatic macrophage niches (74e10dc4-cbb2-4605-a189-8a1cd8e44d8c); cells=4992,"[""https://cellxgene.cziscience.com/collections/74e10dc4-cbb2-4605-a189-8a1cd8e44d8c""]",harvest,2026-10-02 11:21
CELLxGENE,b3c55d0d-4529-4b61-b485-2902e6be0e4e,Visium spatial - HCAHeartST11290657 (OCT),Visium,Visium Spatial Gene Expression V1,atrioventricular node,normal,ready,ready,1,1,1,1,0,0.62,https://cellxgene.cziscience.com/e/b3c55d0d-4529-4b61-b485-2902e6be0e4e.cxg/,10.1038/s41586-023-06311-1,collection Spatially resolved multiomics of human cardiac niches (3116d060-0a8e-4767-99bb-e866badea1ed); cells=4992,"[""https://cellxgene.cziscience.com/collections/3116d060-0a8e-4767-99bb-e866badea1ed""]",harvest,2026-10-02 11:21
CELLxGENE,b5753bee-dae1-4fa6-80c0-e78faa77b0aa,S1_Cec A551763 Rep1,Visium,Visium Spatial Gene Expression V1,caecum,colorectal cancer,ready,ready,1,1,1,1,0,0.028,https://cellxgene.cziscience.com/e/b5753bee-dae1-4fa6-80c0-e78faa77b0aa.cxg/,10.1038/s41698-023-00488-4,collection Profiling the heterogeneity of colorectal cancer consensus molecular subtypes using spatial transcriptomics (68cba939-4e72-4405-80ef-512a05044fba); cells=4992,"[""https://cellxgene.cziscience.com/collections/68cba939-4e72-4405-80ef-512a05044fba""]",harvest,2026-10-02 11:21
CELLxGENE,b627552d-c205-4ab3-b440-e08b3271d372,Spatial transcriptomics in the healthy human kidney: Puck_200115_04,Slide-seq,Slide-seqV2,renal medulla,normal,ready,ready,1,1,1,1,0,0.049,https://cellxgene.cziscience.com/e/b627552d-c205-4ab3-b440-e08b3271d372.cxg/,10.1016/j.isci.2022.104097,collection High Resolution Slide-seqV2 Spatial Transcriptomics Enables Discovery of Disease-Specific Cell Neighborhoods and Pathways (8e880741-bf9a-4c8e-9227-934204631d2a); cells=22502,"[""https://cellxgene.cziscience.com/collections/8e880741-bf9a-4c8e-9227-934204631d2a""]",harvest,2026-10-02 11:21
CELLxGENE,b80d2efd-3602-4419-b8e7-8fdeaf431f05,thymus visium sample WSSS_THYst9518033,Visium,Visium Spatial Gene Expression V1,thymus,normal,ready,ready,1,1,1,1,0,0.169,https://cellxgene.cziscience.com/e/b80d2efd-3602-4419-b8e7-8fdeaf431f05.cxg/,10.1038/s41586-024-07944-6,collection A spatial human thymus cell atlas mapped to a continuous tissue axis (fc19ae6c-d7c1-4dce-b703-62c5d52061b4); cells=4992,"[""https://cellxgene.cziscience.com/collections/fc19ae6c-d7c1-4dce-b703-62c5d52061b4""]",harvest,2026-10-02 11:21
CELLxGENE,b9b4cf27-9c22-410d-8bd8-5d43e379485b,Spatiotemporal analysis of human intestinal development at single-cell resolution: Fetal A9,Visium,Visium Spatial Gene Expression V1,colon,normal,ready,ready,1,1,1,1,0,0.058,https://cellxgene.cziscience.com/e/b9b4cf27-9c22-410d-8bd8-5d43e379485b.cxg/,10.1016/j.cell.2020.12.016,collection Spatiotemporal analysis of human intestinal development at single-cell resolution (60358420-6055-411d-ba4f-e8ac80682a2e); cells=4992,"[""https://cellxgene.cziscience.com/collections/60358420-6055-411d-ba4f-e8ac80682a2e""]",harvest,2026-10-02 11:21
CELLxGENE,b9b592d4-a0cc-4694-8704-a6625829ef1f,GSM6592048_M1,Visium,Visium Spatial Gene Expression V1,breast,normal,ready,ready,1,1,1,1,0,0.014,https://cellxgene.cziscience.com/e/b9b592d4-a0cc-4694-8704-a6625829ef1f.cxg/,10.1016/j.labinv.2023.100258,collection Spatial Transcriptomics Reveal Pitfalls and Opportunities for the Detection of Rare High-Plasticity Breast Cancer Subtypes (bfd55632-15e2-4dde-a1b9-02ade511fc4d); cells=4992,"[""https://cellxgene.cziscience.com/collections/bfd55632-15e2-4dde-a1b9-02ade511fc4d""]",harvest,2026-10-02 11:21
CELLxGENE,bc86f972-c8d0-4ef1-b296-9f6dead700aa,RZ_BZ_P3 (10X0026)-Spatial multi-omic map of human myocardial infarction,Visium,Visium Spatial Gene Expression V1,heart left ventricle,myocardial infarction,ready,ready,1,1,1,1,0,0.195,https://cellxgene.cziscience.com/e/bc86f972-c8d0-4ef1-b296-9f6dead700aa.cxg/,10.1038/s41586-022-05060-x,collection Spatial multi-omic map of human myocardial infarction (8191c283-0816-424b-9b61-c3e1d6258a77); cells=4992,"[""https://cellxgene.cziscience.com/collections/8191c283-0816-424b-9b61-c3e1d6258a77""]",harvest,2026-10-02 11:21
CELLxGENE,bea79f1c-b9ae-4f94-9bf3-df58170b9481,Human 12W heart B1,Visium,Visium Spatial Gene Expression V1,outflow tract myocardium,normal,ready,ready,1,1,1,1,0,0.038,https://cellxgene.cziscience.com/e/bea79f1c-b9ae-4f94-9bf3-df58170b9481.cxg/,10.7554/eLife.107748.1,collection A cell atlas of the developing human outflow tract of the heart and its adult aortic valve derivatives (5d2077ea-7b49-45c8-b4cb-64790b698591); cells=4992,"[""https://cellxgene.cziscience.com/collections/5d2077ea-7b49-45c8-b4cb-64790b698591""]",harvest,2026-10-02 11:21
CELLxGENE,bec030e1-7dc8-4eef-89a4-ab36e7043768,Visium spatial - HCAHeartST11290659 (OCT),Visium,Visium Spatial Gene Expression V1,atrioventricular node,normal,ready,ready,1,1,1,1,0,0.583,https://cellxgene.cziscience.com/e/bec030e1-7dc8-4eef-89a4-ab36e7043768.cxg/,10.1038/s41586-023-06311-1,collection Spatially resolved multiomics of human cardiac niches (3116d060-0a8e-4767-99bb-e866badea1ed); cells=4992,"[""https://cellxgene.cziscience.com/collections/3116d060-0a8e-4767-99bb-e866badea1ed""]",harvest,2026-10-02 11:21
CELLxGENE,c0d43178-d368-4381-aecb-4e63c553d1fa,S5_Rec A121573 Rep2,Visium,Visium Spatial Gene Expression V1,rectum,colorectal cancer,ready,ready,1,1,1,1,0,0.047,https://cellxgene.cziscience.com/e/c0d43178-d368-4381-aecb-4e63c553d1fa.cxg/,10.1038/s41698-023-00488-4,collection Profiling the heterogeneity of colorectal cancer consensus molecular subtypes using spatial transcriptomics (68cba939-4e72-4405-80ef-512a05044fba); cells=4992,"[""https://cellxgene.cziscience.com/collections/68cba939-4e72-4405-80ef-512a05044fba""]",harvest,2026-10-02 11:21
CELLxGENE,c1568274-2af2-4cd5-b457-4e159cc18753,WS_PLA_S9101769,Visium,Visium Spatial Gene Expression V1,decidua basalis,normal,ready,ready,1,1,1,1,0,0.038,https://cellxgene.cziscience.com/e/c1568274-2af2-4cd5-b457-4e159cc18753.cxg/,10.1038/s41586-023-05869-0,collection Spatial multiomics map of trophoblast development in early pregnancy (e2c257e7-6f79-487c-b81c-39451cd4ab3c); cells=4992,"[""https://cellxgene.cziscience.com/collections/e2c257e7-6f79-487c-b81c-39451cd4ab3c""]",harvest,2026-10-02 11:21
CELLxGENE,c2dec445-4116-4b6d-9253-a73f9516460f,Spatial transcriptomics in the healthy human kidney: Puck_200115_09,Slide-seq,Slide-seqV2,renal medulla,normal,ready,ready,1,1,1,1,0,0.044,https://cellxgene.cziscience.com/e/c2dec445-4116-4b6d-9253-a73f9516460f.cxg/,10.1016/j.isci.2022.104097,collection High Resolution Slide-seqV2 Spatial Transcriptomics Enables Discovery of Disease-Specific Cell Neighborhoods and Pathways (8e880741-bf9a-4c8e-9227-934204631d2a); cells=20868,"[""https://cellxgene.cziscience.com/collections/8e880741-bf9a-4c8e-9227-934204631d2a""]",harvest,2026-10-02 11:21
CELLxGENE,c3f74413-9faa-43b5-93af-601c5af4acc8,6800STDY12499407,Visium,Visium Spatial Gene Expression V1,kidney,nonpapillary renal cell carcinoma,ready,ready,1,1,1,1,0,0.145,https://cellxgene.cziscience.com/e/c3f74413-9faa-43b5-93af-601c5af4acc8.cxg/,10.1016/j.ccell.2022.11.001,collection Mapping single-cell transcriptomes in the intra-tumoral and associated territories of kidney cancer (f7cecffa-00b4-4560-a29a-8ad626b8ee08); cells=4992,"[""https://cellxgene.cziscience.com/collections/f7cecffa-00b4-4560-a29a-8ad626b8ee08""]",harvest,2026-10-02 11:21
CELLxGENE,c447ff21-49b9-404c-8f70-e2fb7c73cf25,thymus visium sample WSSS_F_IMMsp11604689,Visium,Visium Spatial Gene Expression V1,thymus,normal,ready,ready,1,1,1,1,0,0.11,https://cellxgene.cziscience.com/e/c447ff21-49b9-404c-8f70-e2fb7c73cf25.cxg/,10.1038/s41586-024-07944-6,collection A spatial human thymus cell atlas mapped to a continuous tissue axis (fc19ae6c-d7c1-4dce-b703-62c5d52061b4); cells=4992,"[""https://cellxgene.cziscience.com/collections/fc19ae6c-d7c1-4dce-b703-62c5d52061b4""]",harvest,2026-10-02 11:21
CELLxGENE,c45f05b3-aafc-4fce-a800-133a2364df64,visium spatial - sample v04,Visium,Visium Spatial Gene Expression V1,breast,normal,ready,ready,1,1,1,1,0,0.781,https://cellxgene.cziscience.com/e/c45f05b3-aafc-4fce-a800-133a2364df64.cxg/,10.1038/s41586-023-06252-9,collection A spatially resolved single cell genomic atlas of the adult human breast (4195ab4c-20bd-4cd3-8b3d-65601277e731); cells=4992,"[""https://cellxgene.cziscience.com/collections/4195ab4c-20bd-4cd3-8b3d-65601277e731""]",harvest,2026-10-02 11:21
CELLxGENE,c4e2bde2-3c51-4d10-9fd6-053e212b4824,WSSS_F_IMMsp9838715,Visium,Visium Spatial Gene Expression V1,spleen,normal,ready,ready,1,1,1,1,0,0.153,https://cellxgene.cziscience.com/e/c4e2bde2-3c51-4d10-9fd6-053e212b4824.cxg/,10.1126/science.abo0510,collection Mapping the developing human immune system across organs (b1a879f6-5638-48d3-8f64-f6592c1b1561); cells=4992,"[""https://cellxgene.cziscience.com/collections/b1a879f6-5638-48d3-8f64-f6592c1b1561""]",harvest,2026-10-02 11:21
CELLxGENE,c5ac3ec2-24b0-43cc-9aab-bb0ebbe205ce,6800STDY12499507,Visium,Visium Spatial Gene Expression V1,kidney,nonpapillary renal cell carcinoma,ready,ready,1,1,1,1,0,0.159,https://cellxgene.cziscience.com/e/c5ac3ec2-24b0-43cc-9aab-bb0ebbe205ce.cxg/,10.1016/j.ccell.2022.11.001,collection Mapping single-cell transcriptomes in the intra-tumoral and associated territories of kidney cancer (f7cecffa-00b4-4560-a29a-8ad626b8ee08); cells=4992,"[""https://cellxgene.cziscience.com/collections/f7cecffa-00b4-4560-a29a-8ad626b8ee08""]",harvest,2026-10-02 11:21
CELLxGENE,c5cddbbb-8ba4-4338-8b34-15edb5231e22,Visium spatial - HCAHeartST10659160 (OCT),Visium,Visium Spatial Gene Expression V1,sinoatrial node,normal,ready,ready,1,1,1,1,0,0.049,https://cellxgene.cziscience.com/e/c5cddbbb-8ba4-4338-8b34-15edb5231e22.cxg/,10.1038/s41586-023-06311-1,collection Spatially resolved multiomics of human cardiac niches (3116d060-0a8e-4767-99bb-e866badea1ed); cells=4992,"[""https://cellxgene.cziscience.com/collections/3116d060-0a8e-4767-99bb-e866badea1ed""]",harvest,2026-10-02 11:21
CELLxGENE,c68e6ac8-c4d8-4869-ba08-9d157e4c06f8,Visium spatial - face_temple1b,Visium,Visium Spatial Gene Expression V1,skin of temple,normal,ready,ready,1,1,1,1,0,0.107,https://cellxgene.cziscience.com/e/c68e6ac8-c4d8-4869-ba08-9d157e4c06f8.cxg/,10.1073/pnas.2313326120,collection Multi-scale spatial mapping of cell populations across anatomical sites in healthy human skin and basal cell carcinoma (34f12de7-c5e5-4813-a136-832677f98ac8); cells=4992,"[""https://cellxgene.cziscience.com/collections/34f12de7-c5e5-4813-a136-832677f98ac8""]",harvest,2026-10-02 11:21
CELLxGENE,c6c3206c-5228-4389-bc95-1d6120beb738,Visium spatial - HCAHeartST9383353 (OCT),Visium,Visium Spatial Gene Expression V1,right cardiac atrium,normal,ready,ready,1,1,1,1,0,0.191,https://cellxgene.cziscience.com/e/c6c3206c-5228-4389-bc95-1d6120beb738.cxg/,10.1038/s41586-023-06311-1,collection Spatially resolved multiomics of human cardiac niches (3116d060-0a8e-4767-99bb-e866badea1ed); cells=4992,"[""https://cellxgene.cziscience.com/collections/3116d060-0a8e-4767-99bb-e866badea1ed""]",harvest,2026-10-02 11:21
CELLxGENE,c70e9ea9-61d0-41b1-90f6-6fd3f25e91ab,Visium spatial - HCAHeartST8795938 (OCT),Visium,Visium Spatial Gene Expression V1,interventricular septum,normal,ready,ready,1,1,1,1,0,0.298,https://cellxgene.cziscience.com/e/c70e9ea9-61d0-41b1-90f6-6fd3f25e91ab.cxg/,10.1038/s41586-023-06311-1,collection Spatially resolved multiomics of human cardiac niches (3116d060-0a8e-4767-99bb-e866badea1ed); cells=4992,"[""https://cellxgene.cziscience.com/collections/3116d060-0a8e-4767-99bb-e866badea1ed""]",harvest,2026-10-02 11:21
CELLxGENE,c829c294-0995-4f0b-8c00-3d6ddab29b37,GSM6592061_M15,Visium,Visium Spatial Gene Expression V1,breast,triple-negative breast carcinoma,ready,ready,1,1,1,1,0,0.055,https://cellxgene.cziscience.com/e/c829c294-0995-4f0b-8c00-3d6ddab29b37.cxg/,10.1016/j.labinv.2023.100258,collection Spatial Transcriptomics Reveal Pitfalls and Opportunities for the Detection of Rare High-Plasticity Breast Cancer Subtypes (bfd55632-15e2-4dde-a1b9-02ade511fc4d); cells=4992,"[""https://cellxgene.cziscience.com/collections/bfd55632-15e2-4dde-a1b9-02ade511fc4d""]",harvest,2026-10-02 11:21
CELLxGENE,c8f188e9-f5f3-445c-9065-cccb09884d95,Liver Visium of Human H36,Visium,Visium Spatial Gene Expression V1,liver,normal,ready,ready,1,1,1,1,0,0.52,https://cellxgene.cziscience.com/e/c8f188e9-f5f3-445c-9065-cccb09884d95.cxg/,10.1016/j.cell.2021.12.018,collection Spatial proteogenomics reveals distinct and evolutionarily conserved hepatic macrophage niches (74e10dc4-cbb2-4605-a189-8a1cd8e44d8c); cells=4992,"[""https://cellxgene.cziscience.com/collections/74e10dc4-cbb2-4605-a189-8a1cd8e44d8c""]",harvest,2026-10-02 11:21
CELLxGENE,c932254f-f3b2-4b70-9b79-9557b6a3bbd7,pcw19_6332STDY10289523,Visium,Visium Spatial Gene Expression V1,lung,normal,ready,ready,1,1,1,1,0,0.518,https://cellxgene.cziscience.com/e/c932254f-f3b2-4b70-9b79-9557b6a3bbd7.cxg/,10.1016/j.cell.2022.11.005,collection A human fetal lung cell atlas uncovers proximal-distal gradients of differentiation and key regulators of epithelial fates (2d2e2acd-dade-489f-a2da-6c11aa654028); cells=4992,"[""https://cellxgene.cziscience.com/collections/2d2e2acd-dade-489f-a2da-6c11aa654028""]",harvest,2026-10-02 11:21
CELLxGENE,c97f9167-f7f7-40d4-babf-a47663290c09,Spatial transcriptomics in the healthy human kidney: Puck_200205_19,Slide-seq,Slide-seqV2,renal medulla,normal,ready,ready,1,1,1,1,0,0.024,https://cellxgene.cziscience.com/e/c97f9167-f7f7-40d4-babf-a47663290c09.cxg/,10.1016/j.isci.2022.104097,collection High Resolution Slide-seqV2 Spatial Transcriptomics Enables Discovery of Disease-Specific Cell Neighborhoods and Pathways (8e880741-bf9a-4c8e-9227-934204631d2a); cells=14186,"[""https://cellxgene.cziscience.com/collections/8e880741-bf9a-4c8e-9227-934204631d2a""]",harvest,2026-10-02 11:21
CELLxGENE,cb97280b-1c7c-4c55-a921-481062abd9f7,Spatial transcriptomics in the healthy human kidney: Puck_200205_18,Slide-seq,Slide-seqV2,renal medulla,normal,ready,ready,1,1,1,1,0,0.021,https://cellxgene.cziscience.com/e/cb97280b-1c7c-4c55-a921-481062abd9f7.cxg/,10.1016/j.isci.2022.104097,collection High Resolution Slide-seqV2 Spatial Transcriptomics Enables Discovery of Disease-Specific Cell Neighborhoods and Pathways (8e880741-bf9a-4c8e-9227-934204631d2a); cells=13782,"[""https://cellxgene.cziscience.com/collections/8e880741-bf9a-4c8e-9227-934204631d2a""]",harvest,2026-10-02 11:21
CELLxGENE,cc43509e-8729-4cbc-ace9-f0f7d654ee53,"Renal cell carcinoma, post aPD1, lung metastasis Puck_200727_10",Slide-seq,Slide-seqV2,lung,renal cell carcinoma,ready,ready,1,1,1,1,0,0.019,https://cellxgene.cziscience.com/e/cc43509e-8729-4cbc-ace9-f0f7d654ee53.cxg/,10.1016/j.immuni.2022.09.002,collection Spatially mapping T cell receptors and transcriptomes (02b01703-bf1b-48de-b99a-23bef8cccc81); cells=15366,"[""https://cellxgene.cziscience.com/collections/02b01703-bf1b-48de-b99a-23bef8cccc81""]",harvest,2026-10-02 11:21
CELLxGENE,cf738e19-eee1-4c53-83bd-28148a82d044,Human 12W heart D1,Visium,Visium Spatial Gene Expression V1,outflow tract myocardium,normal,ready,ready,1,1,1,1,0,0.025,https://cellxgene.cziscience.com/e/cf738e19-eee1-4c53-83bd-28148a82d044.cxg/,10.7554/eLife.107748.1,collection A cell atlas of the developing human outflow tract of the heart and its adult aortic valve derivatives (5d2077ea-7b49-45c8-b4cb-64790b698591); cells=4992,"[""https://cellxgene.cziscience.com/collections/5d2077ea-7b49-45c8-b4cb-64790b698591""]",harvest,2026-10-02 11:21
CELLxGENE,d04a80b0-196d-4a0f-a069-63d314f07252,merged thymus visium pediatric samples,Visium,Visium Spatial Gene Expression V1,thymus,normal,ready,ready,1,1,1,1,0,0.19,https://cellxgene.cziscience.com/e/d04a80b0-196d-4a0f-a069-63d314f07252.cxg/,10.1038/s41586-024-07944-6,collection A spatial human thymus cell atlas mapped to a continuous tissue axis (fc19ae6c-d7c1-4dce-b703-62c5d52061b4); cells=25593,"[""https://cellxgene.cziscience.com/collections/fc19ae6c-d7c1-4dce-b703-62c5d52061b4""]",harvest,2026-10-02 11:21
CELLxGENE,d06cb48a-3b0b-4218-b876-5abfe5affe0a,PCW8.1 WSSS_THYst9383361,Visium,Visium Spatial Gene Expression V1,hindlimb,normal,ready,ready,1,1,1,1,0,0.173,https://cellxgene.cziscience.com/e/d06cb48a-3b0b-4218-b876-5abfe5affe0a.cxg/,10.1038/s41586-023-06806-x,collection A human embryonic limb cell atlas resolved in space and time (4fefa187-5d14-4f1e-915b-c892ed320aab); cells=4992,"[""https://cellxgene.cziscience.com/collections/4fefa187-5d14-4f1e-915b-c892ed320aab""]",harvest,2026-10-02 11:21
CELLxGENE,d06dd93c-d4fc-49bd-8817-057f70680dca,spRNA-seq for GZMK+CD8+ T cells Target A Specific Acinar Cell Type in Sjögren’s Disease - Block #31,Visium,Visium Spatial Gene Expression V1,labial gland,Sjogren syndrome,ready,ready,1,1,1,1,0,0.058,https://cellxgene.cziscience.com/e/d06dd93c-d4fc-49bd-8817-057f70680dca.cxg/,10.21203/rs.3.rs-3601404/v2,collection Single cell and spatial transcriptomics in Sjögren’s Disease-affected Human Salivary Glands (21bbfaec-6958-46bc-b1cd-1535752f6304); cells=4992,"[""https://cellxgene.cziscience.com/collections/21bbfaec-6958-46bc-b1cd-1535752f6304""]",harvest,2026-10-02 11:21
CELLxGENE,d465e08b-b391-425f-9f15-bd3eff4681f7,Visium spatial - bcc_face_forehead_B,Visium,Visium Spatial Gene Expression V1,skin of forehead,basal cell carcinoma,ready,ready,1,1,1,1,0,0.148,https://cellxgene.cziscience.com/e/d465e08b-b391-425f-9f15-bd3eff4681f7.cxg/,10.1073/pnas.2313326120,collection Multi-scale spatial mapping of cell populations across anatomical sites in healthy human skin and basal cell carcinoma (34f12de7-c5e5-4813-a136-832677f98ac8); cells=4992,"[""https://cellxgene.cziscience.com/collections/34f12de7-c5e5-4813-a136-832677f98ac8""]",harvest,2026-10-02 11:21
CELLxGENE,d4dc4cfe-7da5-4e56-bf96-83f01082f5df,"Cutaneous melanoma, lymph node metastasis Puck_220215_14",Slide-seq,Slide-seqV2,lymph node,metastatic melanoma,ready,ready,1,1,1,1,0,0.041,https://cellxgene.cziscience.com/e/d4dc4cfe-7da5-4e56-bf96-83f01082f5df.cxg/,10.1016/j.immuni.2022.09.002,collection Spatially mapping T cell receptors and transcriptomes (02b01703-bf1b-48de-b99a-23bef8cccc81); cells=36785,"[""https://cellxgene.cziscience.com/collections/02b01703-bf1b-48de-b99a-23bef8cccc81""]",harvest,2026-10-02 11:21
CELLxGENE,d50a5a5c-17e7-486b-81a8-5af7d53de414,thymus visium sample TA11486163,Visium,Visium Spatial Gene Expression V1,thymus,normal,ready,ready,1,1,1,1,0,0.17,https://cellxgene.cziscience.com/e/d50a5a5c-17e7-486b-81a8-5af7d53de414.cxg/,10.1038/s41586-024-07944-6,collection A spatial human thymus cell atlas mapped to a continuous tissue axis (fc19ae6c-d7c1-4dce-b703-62c5d52061b4); cells=4992,"[""https://cellxgene.cziscience.com/collections/fc19ae6c-d7c1-4dce-b703-62c5d52061b4""]",harvest,2026-10-02 11:21
CELLxGENE,d551b400-b2e5-454d-b5a9-ece03e6b4739,thymus visium sample WSSS_THYst9142086,Visium,Visium Spatial Gene Expression V1,thymus,normal,ready,ready,1,1,1,1,0,0.168,https://cellxgene.cziscience.com/e/d551b400-b2e5-454d-b5a9-ece03e6b4739.cxg/,10.1038/s41586-024-07944-6,collection A spatial human thymus cell atlas mapped to a continuous tissue axis (fc19ae6c-d7c1-4dce-b703-62c5d52061b4); cells=4992,"[""https://cellxgene.cziscience.com/collections/fc19ae6c-d7c1-4dce-b703-62c5d52061b4""]",harvest,2026-10-02 11:21
CELLxGENE,d7d70622-5dd8-4eae-8a6c-5036e78c48d1,Visium spatial - bcc_face_cheek_B,Visium,Visium Spatial Gene Expression V1,skin of cheek,basal cell carcinoma,ready,ready,1,1,1,1,0,0.256,https://cellxgene.cziscience.com/e/d7d70622-5dd8-4eae-8a6c-5036e78c48d1.cxg/,10.1073/pnas.2313326120,collection Multi-scale spatial mapping of cell populations across anatomical sites in healthy human skin and basal cell carcinoma (34f12de7-c5e5-4813-a136-832677f98ac8); cells=4992,"[""https://cellxgene.cziscience.com/collections/34f12de7-c5e5-4813-a136-832677f98ac8""]",harvest,2026-10-02 11:21
CELLxGENE,d8440c8f-a5e7-4576-81ed-01b7f3a60598,WS_PLA_S9101765,Visium,Visium Spatial Gene Expression V1,decidua basalis,normal,ready,ready,1,1,1,1,0,0.043,https://cellxgene.cziscience.com/e/d8440c8f-a5e7-4576-81ed-01b7f3a60598.cxg/,10.1038/s41586-023-05869-0,collection Spatial multiomics map of trophoblast development in early pregnancy (e2c257e7-6f79-487c-b81c-39451cd4ab3c); cells=4992,"[""https://cellxgene.cziscience.com/collections/e2c257e7-6f79-487c-b81c-39451cd4ab3c""]",harvest,2026-10-02 11:21
CELLxGENE,d98ea49e-b70d-4434-b850-bbe217c9b66e,Spatial transcriptomics in the healthy human kidney: Puck_200115_17,Slide-seq,Slide-seqV2,renal medulla,normal,ready,ready,1,1,1,1,0,0.028,https://cellxgene.cziscience.com/e/d98ea49e-b70d-4434-b850-bbe217c9b66e.cxg/,10.1016/j.isci.2022.104097,collection High Resolution Slide-seqV2 Spatial Transcriptomics Enables Discovery of Disease-Specific Cell Neighborhoods and Pathways (8e880741-bf9a-4c8e-9227-934204631d2a); cells=15216,"[""https://cellxgene.cziscience.com/collections/8e880741-bf9a-4c8e-9227-934204631d2a""]",harvest,2026-10-02 11:21
CELLxGENE,d9ecdf7b-e5f9-459e-a7da-e918748cfdfe,Visium spatial - FFPE-SAN,Visium,Visium Spatial Gene Expression V1,sinoatrial node,normal,ready,ready,1,1,1,1,0,0.179,https://cellxgene.cziscience.com/e/d9ecdf7b-e5f9-459e-a7da-e918748cfdfe.cxg/,10.1038/s41586-023-06311-1,collection Spatially resolved multiomics of human cardiac niches (3116d060-0a8e-4767-99bb-e866badea1ed); cells=11312,"[""https://cellxgene.cziscience.com/collections/3116d060-0a8e-4767-99bb-e866badea1ed""]",harvest,2026-10-02 11:21
CELLxGENE,da22c90e-3db0-449a-b926-94410031b1d1,Visium spatial - face_glabella_A,Visium,Visium Spatial Gene Expression V1,glabella skin,normal,ready,ready,1,1,1,1,0,0.187,https://cellxgene.cziscience.com/e/da22c90e-3db0-449a-b926-94410031b1d1.cxg/,10.1073/pnas.2313326120,collection Multi-scale spatial mapping of cell populations across anatomical sites in healthy human skin and basal cell carcinoma (34f12de7-c5e5-4813-a136-832677f98ac8); cells=4992,"[""https://cellxgene.cziscience.com/collections/34f12de7-c5e5-4813-a136-832677f98ac8""]",harvest,2026-10-02 11:21
CELLxGENE,db5ddd64-6a42-4138-89e0-7448fc4fc923,spRNA-seq for GZMK+CD8+ T cells Target A Specific Acinar Cell Type in Sjögren’s Disease - Block #18,Visium,Visium Spatial Gene Expression V1,labial gland,Sjogren syndrome,ready,ready,1,1,1,1,0,0.03,https://cellxgene.cziscience.com/e/db5ddd64-6a42-4138-89e0-7448fc4fc923.cxg/,10.21203/rs.3.rs-3601404/v2,collection Single cell and spatial transcriptomics in Sjögren’s Disease-affected Human Salivary Glands (21bbfaec-6958-46bc-b1cd-1535752f6304); cells=4992,"[""https://cellxgene.cziscience.com/collections/21bbfaec-6958-46bc-b1cd-1535752f6304""]",harvest,2026-10-02 11:21
CELLxGENE,dbc2f08c-17f6-42c5-9a35-095e606c3958,thymus visium sample WSSS_THYst9142088,Visium,Visium Spatial Gene Expression V1,thymus,normal,ready,ready,1,1,1,1,0,0.176,https://cellxgene.cziscience.com/e/dbc2f08c-17f6-42c5-9a35-095e606c3958.cxg/,10.1038/s41586-024-07944-6,collection A spatial human thymus cell atlas mapped to a continuous tissue axis (fc19ae6c-d7c1-4dce-b703-62c5d52061b4); cells=4992,"[""https://cellxgene.cziscience.com/collections/fc19ae6c-d7c1-4dce-b703-62c5d52061b4""]",harvest,2026-10-02 11:21
CELLxGENE,dbdae57c-8f19-4065-9c48-3e223dea26db,Visium Spatial of Human muscle in Dystrophinopathies_1,Visium,Visium Spatial Gene Expression V1,quadriceps femoris,DMD-related muscular dystrophy,ready,ready,1,1,1,1,0,0.592,https://cellxgene.cziscience.com/e/dbdae57c-8f19-4065-9c48-3e223dea26db.cxg/,10.1002/path.70067,collection Unraveling the spatial landscape of Dystrophinopathies: a transcriptomic approach to Becker and Duchenne muscular dystrophies (f4774e03-b5a7-473b-99d6-eeb80592c5db); cells=4992,"[""https://cellxgene.cziscience.com/collections/f4774e03-b5a7-473b-99d6-eeb80592c5db""]",harvest,2026-10-02 11:21
CELLxGENE,dc522d04-8e07-4e07-91a4-dd6da72ad25c,pcw16_6332STDY9479172,Visium,Visium Spatial Gene Expression V1,lung,normal,ready,ready,1,1,1,1,0,0.418,https://cellxgene.cziscience.com/e/dc522d04-8e07-4e07-91a4-dd6da72ad25c.cxg/,10.1016/j.cell.2022.11.005,collection A human fetal lung cell atlas uncovers proximal-distal gradients of differentiation and key regulators of epithelial fates (2d2e2acd-dade-489f-a2da-6c11aa654028); cells=4992,"[""https://cellxgene.cziscience.com/collections/2d2e2acd-dade-489f-a2da-6c11aa654028""]",harvest,2026-10-02 11:21
CELLxGENE,dc5f82de-5919-4056-a2c8-c26d538d4418,WS_PLA_S9101767,Visium,Visium Spatial Gene Expression V1,decidua basalis,normal,ready,ready,1,1,1,1,0,0.045,https://cellxgene.cziscience.com/e/dc5f82de-5919-4056-a2c8-c26d538d4418.cxg/,10.1038/s41586-023-05869-0,collection Spatial multiomics map of trophoblast development in early pregnancy (e2c257e7-6f79-487c-b81c-39451cd4ab3c); cells=4992,"[""https://cellxgene.cziscience.com/collections/e2c257e7-6f79-487c-b81c-39451cd4ab3c""]",harvest,2026-10-02 11:21
CELLxGENE,dcb7c544-bf18-4f9a-97a4-aa816910d862,"Cutaneous melanoma, lymph node metastasis Puck_220408_07",Slide-seq,Slide-seqV2,lymph node,metastatic melanoma,ready,ready,1,1,1,1,0,0.039,https://cellxgene.cziscience.com/e/dcb7c544-bf18-4f9a-97a4-aa816910d862.cxg/,10.1016/j.immuni.2022.09.002,collection Spatially mapping T cell receptors and transcriptomes (02b01703-bf1b-48de-b99a-23bef8cccc81); cells=40982,"[""https://cellxgene.cziscience.com/collections/02b01703-bf1b-48de-b99a-23bef8cccc81""]",harvest,2026-10-02 11:21
CELLxGENE,dcc10fd8-23c1-4d3f-b07a-ab7cb120ad00,WSSS_F_IMMsp9838711,Visium,Visium Spatial Gene Expression V1,thymus,normal,ready,ready,1,1,1,1,0,0.131,https://cellxgene.cziscience.com/e/dcc10fd8-23c1-4d3f-b07a-ab7cb120ad00.cxg/,10.1126/science.abo0510,collection Mapping the developing human immune system across organs (b1a879f6-5638-48d3-8f64-f6592c1b1561); cells=4992,"[""https://cellxgene.cziscience.com/collections/b1a879f6-5638-48d3-8f64-f6592c1b1561""]",harvest,2026-10-02 11:21
CELLxGENE,dcc7c14c-1617-4d94-9253-6e73a344fcb0,spRNA-seq for GZMK+CD8+ T cells Target A Specific Acinar Cell Type in Sjögren’s Disease - Block #8,Visium,Visium Spatial Gene Expression V1,labial gland,normal,ready,ready,1,1,1,1,0,0.032,https://cellxgene.cziscience.com/e/dcc7c14c-1617-4d94-9253-6e73a344fcb0.cxg/,10.21203/rs.3.rs-3601404/v2,collection Single cell and spatial transcriptomics in Sjögren’s Disease-affected Human Salivary Glands (21bbfaec-6958-46bc-b1cd-1535752f6304); cells=4992,"[""https://cellxgene.cziscience.com/collections/21bbfaec-6958-46bc-b1cd-1535752f6304""]",harvest,2026-10-02 11:21
CELLxGENE,dce10ba0-1548-4f2f-9959-77d1090bf196,Visium spatial - face_temple_B_b,Visium,Visium Spatial Gene Expression V1,skin of temple,normal,ready,ready,1,1,1,1,0,0.166,https://cellxgene.cziscience.com/e/dce10ba0-1548-4f2f-9959-77d1090bf196.cxg/,10.1073/pnas.2313326120,collection Multi-scale spatial mapping of cell populations across anatomical sites in healthy human skin and basal cell carcinoma (34f12de7-c5e5-4813-a136-832677f98ac8); cells=4992,"[""https://cellxgene.cziscience.com/collections/34f12de7-c5e5-4813-a136-832677f98ac8""]",harvest,2026-10-02 11:21
CELLxGENE,dce86f11-28ae-48bc-aa5e-58dc976037b3,thymus visium sample WSSS_F_IMMsp11765867,Visium,Visium Spatial Gene Expression V1,thymus,normal,ready,ready,1,1,1,1,0,0.128,https://cellxgene.cziscience.com/e/dce86f11-28ae-48bc-aa5e-58dc976037b3.cxg/,10.1038/s41586-024-07944-6,collection A spatial human thymus cell atlas mapped to a continuous tissue axis (fc19ae6c-d7c1-4dce-b703-62c5d52061b4); cells=4992,"[""https://cellxgene.cziscience.com/collections/fc19ae6c-d7c1-4dce-b703-62c5d52061b4""]",harvest,2026-10-02 11:21
CELLxGENE,dd1913a6-019d-4009-a118-6a3d158b22e6,GSM6592058_M11,Visium,Visium Spatial Gene Expression V1,breast,triple-negative breast carcinoma,ready,ready,1,1,1,1,0,0.023,https://cellxgene.cziscience.com/e/dd1913a6-019d-4009-a118-6a3d158b22e6.cxg/,10.1016/j.labinv.2023.100258,collection Spatial Transcriptomics Reveal Pitfalls and Opportunities for the Detection of Rare High-Plasticity Breast Cancer Subtypes (bfd55632-15e2-4dde-a1b9-02ade511fc4d); cells=4992,"[""https://cellxgene.cziscience.com/collections/bfd55632-15e2-4dde-a1b9-02ade511fc4d""]",harvest,2026-10-02 11:21
CELLxGENE,dd49aae6-274c-4d8b-9bf6-025627fdf39e,Spatial transcriptomics in the healthy human kidney: Puck_200115_16,Slide-seq,Slide-seqV2,cortex of kidney,normal,ready,ready,1,1,1,1,0,0.027,https://cellxgene.cziscience.com/e/dd49aae6-274c-4d8b-9bf6-025627fdf39e.cxg/,10.1016/j.isci.2022.104097,collection High Resolution Slide-seqV2 Spatial Transcriptomics Enables Discovery of Disease-Specific Cell Neighborhoods and Pathways (8e880741-bf9a-4c8e-9227-934204631d2a); cells=14495,"[""https://cellxgene.cziscience.com/collections/8e880741-bf9a-4c8e-9227-934204631d2a""]",harvest,2026-10-02 11:21
CELLxGENE,deb385b8-8030-42a4-af1f-aa28932c7344,Spatial transcriptomics in the healthy human kidney: Puck_200115_06,Slide-seq,Slide-seqV2,cortex of kidney,normal,ready,ready,1,1,1,1,0,0.03,https://cellxgene.cziscience.com/e/deb385b8-8030-42a4-af1f-aa28932c7344.cxg/,10.1016/j.isci.2022.104097,collection High Resolution Slide-seqV2 Spatial Transcriptomics Enables Discovery of Disease-Specific Cell Neighborhoods and Pathways (8e880741-bf9a-4c8e-9227-934204631d2a); cells=23510,"[""https://cellxgene.cziscience.com/collections/8e880741-bf9a-4c8e-9227-934204631d2a""]",harvest,2026-10-02 11:21
CELLxGENE,dee75ca4-8348-471e-bbeb-e2143209e3d0,Visium spatial - face_forehead_A_a,Visium,Visium Spatial Gene Expression V1,skin of forehead,normal,ready,ready,1,1,1,1,0,0.124,https://cellxgene.cziscience.com/e/dee75ca4-8348-471e-bbeb-e2143209e3d0.cxg/,10.1073/pnas.2313326120,collection Multi-scale spatial mapping of cell populations across anatomical sites in healthy human skin and basal cell carcinoma (34f12de7-c5e5-4813-a136-832677f98ac8); cells=4992,"[""https://cellxgene.cziscience.com/collections/34f12de7-c5e5-4813-a136-832677f98ac8""]",harvest,2026-10-02 11:21
CELLxGENE,df4f1358-4a19-44f5-b136-bc7274c29789,Spatial transcriptomics in the healthy human kidney: Puck_200115_12,Slide-seq,Slide-seqV2,renal medulla,normal,ready,ready,1,1,1,1,0,0.037,https://cellxgene.cziscience.com/e/df4f1358-4a19-44f5-b136-bc7274c29789.cxg/,10.1016/j.isci.2022.104097,collection High Resolution Slide-seqV2 Spatial Transcriptomics Enables Discovery of Disease-Specific Cell Neighborhoods and Pathways (8e880741-bf9a-4c8e-9227-934204631d2a); cells=15196,"[""https://cellxgene.cziscience.com/collections/8e880741-bf9a-4c8e-9227-934204631d2a""]",harvest,2026-10-02 11:21
CELLxGENE,dfe8e072-94a7-4152-a16a-acab4621863b,WS_PLA_S9101764,Visium,Visium Spatial Gene Expression V1,decidua basalis,normal,ready,ready,1,1,1,1,0,0.043,https://cellxgene.cziscience.com/e/dfe8e072-94a7-4152-a16a-acab4621863b.cxg/,10.1038/s41586-023-05869-0,collection Spatial multiomics map of trophoblast development in early pregnancy (e2c257e7-6f79-487c-b81c-39451cd4ab3c); cells=4992,"[""https://cellxgene.cziscience.com/collections/e2c257e7-6f79-487c-b81c-39451cd4ab3c""]",harvest,2026-10-02 11:21
CELLxGENE,e0245fc6-ccf3-4329-ab10-136b7f366b49,Visium spatial - HCAHeartST10550732 (OCT),Visium,Visium Spatial Gene Expression V1,interventricular septum,normal,ready,ready,1,1,1,1,0,0.501,https://cellxgene.cziscience.com/e/e0245fc6-ccf3-4329-ab10-136b7f366b49.cxg/,10.1038/s41586-023-06311-1,collection Spatially resolved multiomics of human cardiac niches (3116d060-0a8e-4767-99bb-e866badea1ed); cells=4992,"[""https://cellxgene.cziscience.com/collections/3116d060-0a8e-4767-99bb-e866badea1ed""]",harvest,2026-10-02 11:21
CELLxGENE,e06e9bf3-81ef-434d-bc86-08ec1266b155,HTAPP-944-SMP-7479 Slide-seq,Slide-seq,Slide-seqV2,liver,breast cancer,ready,ready,1,1,1,1,0,0.038,https://cellxgene.cziscience.com/e/e06e9bf3-81ef-434d-bc86-08ec1266b155.cxg/,10.1038/s41591-024-03215-z,collection HTAN/HTAPP Broad - Spatio-molecular dissection of the breast cancer metastatic microenvironment (a96133de-e951-4e2d-ace6-59db8b3bfb1d); cells=9422,"[""https://cellxgene.cziscience.com/collections/a96133de-e951-4e2d-ace6-59db8b3bfb1d""]",harvest,2026-10-02 11:21
CELLxGENE,e0f37114-5e98-406e-bbeb-594603360606,Visium spatial - HCAHeartST11702008 (FFPE),Visium,Visium Spatial Gene Expression V1,sinoatrial node,normal,ready,ready,1,1,1,1,0,0.621,https://cellxgene.cziscience.com/e/e0f37114-5e98-406e-bbeb-594603360606.cxg/,10.1038/s41586-023-06311-1,collection Spatially resolved multiomics of human cardiac niches (3116d060-0a8e-4767-99bb-e866badea1ed); cells=4992,"[""https://cellxgene.cziscience.com/collections/3116d060-0a8e-4767-99bb-e866badea1ed""]",harvest,2026-10-02 11:21
CELLxGENE,e21487a3-936c-4114-8cf2-cfcc60c7eb6d,WSSS_F_IMMsp9838717,Visium,Visium Spatial Gene Expression V1,liver,normal,ready,ready,1,1,1,1,0,0.143,https://cellxgene.cziscience.com/e/e21487a3-936c-4114-8cf2-cfcc60c7eb6d.cxg/,10.1126/science.abo0510,collection Mapping the developing human immune system across organs (b1a879f6-5638-48d3-8f64-f6592c1b1561); cells=4992,"[""https://cellxgene.cziscience.com/collections/b1a879f6-5638-48d3-8f64-f6592c1b1561""]",harvest,2026-10-02 11:21
CELLxGENE,e2824739-ea79-4efd-9434-3bec079b55d3,HTAPP-364-SMP-1321 Slide-seq,Slide-seq,Slide-seqV2,liver,breast cancer,ready,ready,1,1,1,1,0,0.022,https://cellxgene.cziscience.com/e/e2824739-ea79-4efd-9434-3bec079b55d3.cxg/,10.1038/s41591-024-03215-z,collection HTAN/HTAPP Broad - Spatio-molecular dissection of the breast cancer metastatic microenvironment (a96133de-e951-4e2d-ace6-59db8b3bfb1d); cells=2958,"[""https://cellxgene.cziscience.com/collections/a96133de-e951-4e2d-ace6-59db8b3bfb1d""]",harvest,2026-10-02 11:21
CELLxGENE,e28f0c23-7922-4a18-85c5-b2201c06b681,spRNA-seq for GZMK+CD8+ T cells Target A Specific Acinar Cell Type in Sjögren’s Disease - Block #25,Visium,Visium Spatial Gene Expression V1,labial gland,immune system disorder; normal,ready,ready,1,1,1,1,0,0.036,https://cellxgene.cziscience.com/e/e28f0c23-7922-4a18-85c5-b2201c06b681.cxg/,10.21203/rs.3.rs-3601404/v2,collection Single cell and spatial transcriptomics in Sjögren’s Disease-affected Human Salivary Glands (21bbfaec-6958-46bc-b1cd-1535752f6304); cells=4992,"[""https://cellxgene.cziscience.com/collections/21bbfaec-6958-46bc-b1cd-1535752f6304""]",harvest,2026-10-02 11:21
CELLxGENE,e387b643-a223-4cbe-a9ec-d903f688d586,thymus visium sample TA11556495,Visium,Visium Spatial Gene Expression V1,thymus,normal,ready,ready,1,1,1,1,0,0.191,https://cellxgene.cziscience.com/e/e387b643-a223-4cbe-a9ec-d903f688d586.cxg/,10.1038/s41586-024-07944-6,collection A spatial human thymus cell atlas mapped to a continuous tissue axis (fc19ae6c-d7c1-4dce-b703-62c5d52061b4); cells=4992,"[""https://cellxgene.cziscience.com/collections/fc19ae6c-d7c1-4dce-b703-62c5d52061b4""]",harvest,2026-10-02 11:21
CELLxGENE,e4577814-43c9-4db0-a274-cd308a89039f,Visium Spatial of Human muscle in Dystrophinopathies_6,Visium,Visium Spatial Gene Expression V1,vastus lateralis,DMD-related muscular dystrophy,ready,ready,1,1,1,1,0,0.587,https://cellxgene.cziscience.com/e/e4577814-43c9-4db0-a274-cd308a89039f.cxg/,10.1002/path.70067,collection Unraveling the spatial landscape of Dystrophinopathies: a transcriptomic approach to Becker and Duchenne muscular dystrophies (f4774e03-b5a7-473b-99d6-eeb80592c5db); cells=4992,"[""https://cellxgene.cziscience.com/collections/f4774e03-b5a7-473b-99d6-eeb80592c5db""]",harvest,2026-10-02 11:21
CELLxGENE,e5c614b8-b918-43b8-a542-670433e4da18,GSM6592050_M3,Visium,Visium Spatial Gene Expression V1,breast,triple-negative breast carcinoma,ready,ready,1,1,1,1,0,0.031,https://cellxgene.cziscience.com/e/e5c614b8-b918-43b8-a542-670433e4da18.cxg/,10.1016/j.labinv.2023.100258,collection Spatial Transcriptomics Reveal Pitfalls and Opportunities for the Detection of Rare High-Plasticity Breast Cancer Subtypes (bfd55632-15e2-4dde-a1b9-02ade511fc4d); cells=4992,"[""https://cellxgene.cziscience.com/collections/bfd55632-15e2-4dde-a1b9-02ade511fc4d""]",harvest,2026-10-02 11:21
CELLxGENE,e65417a4-e2e0-46ee-b57b-0f76806e1f8e,PCW6.2 WSSS_THYst9699525,Visium,Visium Spatial Gene Expression V1,hindlimb,normal,ready,ready,1,1,1,1,0,0.202,https://cellxgene.cziscience.com/e/e65417a4-e2e0-46ee-b57b-0f76806e1f8e.cxg/,10.1038/s41586-023-06806-x,collection A human embryonic limb cell atlas resolved in space and time (4fefa187-5d14-4f1e-915b-c892ed320aab); cells=4992,"[""https://cellxgene.cziscience.com/collections/4fefa187-5d14-4f1e-915b-c892ed320aab""]",harvest,2026-10-02 11:21
CELLxGENE,e6722845-9377-4b34-80a2-7921921e1396,Spatial transcriptomics in the healthy human kidney: Merged,Slide-seq,Slide-seqV2,cortex of kidney; renal medulla,normal,ready,ready,1,1,1,1,0,0.859,https://cellxgene.cziscience.com/e/e6722845-9377-4b34-80a2-7921921e1396.cxg/,10.1016/j.isci.2022.104097,collection High Resolution Slide-seqV2 Spatial Transcriptomics Enables Discovery of Disease-Specific Cell Neighborhoods and Pathways (8e880741-bf9a-4c8e-9227-934204631d2a); cells=677256,"[""https://cellxgene.cziscience.com/collections/8e880741-bf9a-4c8e-9227-934204631d2a""]",harvest,2026-10-02 11:21
CELLxGENE,e69d2744-9033-4afd-80c0-d395be398ec2,pcw16_6332STDY9479168,Visium,Visium Spatial Gene Expression V1,lung,normal,ready,ready,1,1,1,1,0,0.494,https://cellxgene.cziscience.com/e/e69d2744-9033-4afd-80c0-d395be398ec2.cxg/,10.1016/j.cell.2022.11.005,collection A human fetal lung cell atlas uncovers proximal-distal gradients of differentiation and key regulators of epithelial fates (2d2e2acd-dade-489f-a2da-6c11aa654028); cells=4992,"[""https://cellxgene.cziscience.com/collections/2d2e2acd-dade-489f-a2da-6c11aa654028""]",harvest,2026-10-02 11:21
CELLxGENE,e887bd14-bb23-48ed-9616-aa3f9b11c446,pcw12_6332STDY9479166,Visium,Visium Spatial Gene Expression V1,lung,normal,ready,ready,1,1,1,1,0,0.176,https://cellxgene.cziscience.com/e/e887bd14-bb23-48ed-9616-aa3f9b11c446.cxg/,10.1016/j.cell.2022.11.005,collection A human fetal lung cell atlas uncovers proximal-distal gradients of differentiation and key regulators of epithelial fates (2d2e2acd-dade-489f-a2da-6c11aa654028); cells=4992,"[""https://cellxgene.cziscience.com/collections/2d2e2acd-dade-489f-a2da-6c11aa654028""]",harvest,2026-10-02 11:21
CELLxGENE,eaf0c852-1dff-47ab-8de2-a33a59969a40,10X Visium spatial transcriptomics on tumor-normal interface tissue sections,Visium,Visium Spatial Gene Expression V1,kidney,nonpapillary renal cell carcinoma,ready,ready,1,1,1,1,0,0.096,https://cellxgene.cziscience.com/e/eaf0c852-1dff-47ab-8de2-a33a59969a40.cxg/,10.1016/j.ccell.2022.11.001,collection Mapping single-cell transcriptomes in the intra-tumoral and associated territories of kidney cancer (f7cecffa-00b4-4560-a29a-8ad626b8ee08); cells=27912,"[""https://cellxgene.cziscience.com/collections/f7cecffa-00b4-4560-a29a-8ad626b8ee08""]",harvest,2026-10-02 11:21
CELLxGENE,eaf8f9a3-52fd-46c9-a05d-92a52451a42c,IZ_P10 (ACH0014)-Spatial multi-omic map of human myocardial infarction,Visium,Visium Spatial Gene Expression V1,heart left ventricle,myocardial infarction,ready,ready,1,1,1,1,0,0.199,https://cellxgene.cziscience.com/e/eaf8f9a3-52fd-46c9-a05d-92a52451a42c.cxg/,10.1038/s41586-022-05060-x,collection Spatial multi-omic map of human myocardial infarction (8191c283-0816-424b-9b61-c3e1d6258a77); cells=4992,"[""https://cellxgene.cziscience.com/collections/8191c283-0816-424b-9b61-c3e1d6258a77""]",harvest,2026-10-02 11:21
CELLxGENE,ec2ea7ec-92cf-4b48-ac5e-1bb6e6e26ef4,spRNA-seq for GZMK+CD8+ T cells Target A Specific Acinar Cell Type in Sjögren’s Disease - Block #16,Visium,Visium Spatial Gene Expression V1,labial gland,normal,ready,ready,1,1,1,1,0,0.032,https://cellxgene.cziscience.com/e/ec2ea7ec-92cf-4b48-ac5e-1bb6e6e26ef4.cxg/,10.21203/rs.3.rs-3601404/v2,collection Single cell and spatial transcriptomics in Sjögren’s Disease-affected Human Salivary Glands (21bbfaec-6958-46bc-b1cd-1535752f6304); cells=4992,"[""https://cellxgene.cziscience.com/collections/21bbfaec-6958-46bc-b1cd-1535752f6304""]",harvest,2026-10-02 11:21
CELLxGENE,ee141ea4-6678-4908-9c2f-db71d92e74ce,GSM6592053_M6,Visium,Visium Spatial Gene Expression V1,breast,triple-negative breast carcinoma,ready,ready,1,1,1,1,0,0.028,https://cellxgene.cziscience.com/e/ee141ea4-6678-4908-9c2f-db71d92e74ce.cxg/,10.1016/j.labinv.2023.100258,collection Spatial Transcriptomics Reveal Pitfalls and Opportunities for the Detection of Rare High-Plasticity Breast Cancer Subtypes (bfd55632-15e2-4dde-a1b9-02ade511fc4d); cells=4992,"[""https://cellxgene.cziscience.com/collections/bfd55632-15e2-4dde-a1b9-02ade511fc4d""]",harvest,2026-10-02 11:21
CELLxGENE,ef9a2058-513b-44f7-9057-06c0df86f2a3,Visium spatial - bcc_face_forehead_A,Visium,Visium Spatial Gene Expression V1,skin of forehead,basal cell carcinoma,ready,ready,1,1,1,1,0,0.156,https://cellxgene.cziscience.com/e/ef9a2058-513b-44f7-9057-06c0df86f2a3.cxg/,10.1073/pnas.2313326120,collection Multi-scale spatial mapping of cell populations across anatomical sites in healthy human skin and basal cell carcinoma (34f12de7-c5e5-4813-a136-832677f98ac8); cells=4992,"[""https://cellxgene.cziscience.com/collections/34f12de7-c5e5-4813-a136-832677f98ac8""]",harvest,2026-10-02 11:21
CELLxGENE,f0973891-a40d-4a57-841a-8c5facd3a546,Visium spatial - body_inguinal_B,Visium,Visium Spatial Gene Expression V1,inguinal part of abdomen,normal,ready,ready,1,1,1,1,0,0.466,https://cellxgene.cziscience.com/e/f0973891-a40d-4a57-841a-8c5facd3a546.cxg/,10.1073/pnas.2313326120,collection Multi-scale spatial mapping of cell populations across anatomical sites in healthy human skin and basal cell carcinoma (34f12de7-c5e5-4813-a136-832677f98ac8); cells=4992,"[""https://cellxgene.cziscience.com/collections/34f12de7-c5e5-4813-a136-832677f98ac8""]",harvest,2026-10-02 11:21
CELLxGENE,f12ab0e6-383c-4362-b1c6-922de09ccbc9,HTAPP-812-SMP-8239 Slide-seq,Slide-seq,Slide-seqV2,axilla,breast cancer,ready,ready,1,1,1,1,0,0.063,https://cellxgene.cziscience.com/e/f12ab0e6-383c-4362-b1c6-922de09ccbc9.cxg/,10.1038/s41591-024-03215-z,collection HTAN/HTAPP Broad - Spatio-molecular dissection of the breast cancer metastatic microenvironment (a96133de-e951-4e2d-ace6-59db8b3bfb1d); cells=10957,"[""https://cellxgene.cziscience.com/collections/a96133de-e951-4e2d-ace6-59db8b3bfb1d""]",harvest,2026-10-02 11:21
CELLxGENE,f1e4a73c-33ab-4564-bf92-742f8b286da6,WSSS_F_IMMsp10864182,Visium,Visium Spatial Gene Expression V1,spleen,normal,ready,ready,1,1,1,1,0,0.152,https://cellxgene.cziscience.com/e/f1e4a73c-33ab-4564-bf92-742f8b286da6.cxg/,10.1126/science.abo0510,collection Mapping the developing human immune system across organs (b1a879f6-5638-48d3-8f64-f6592c1b1561); cells=4992,"[""https://cellxgene.cziscience.com/collections/b1a879f6-5638-48d3-8f64-f6592c1b1561""]",harvest,2026-10-02 11:21
CELLxGENE,f25a532c-faf6-4d65-9dac-47d6369508f6,6800STDY12499504,Visium,Visium Spatial Gene Expression V1,kidney,nonpapillary renal cell carcinoma,ready,ready,1,1,1,1,0,0.174,https://cellxgene.cziscience.com/e/f25a532c-faf6-4d65-9dac-47d6369508f6.cxg/,10.1016/j.ccell.2022.11.001,collection Mapping single-cell transcriptomes in the intra-tumoral and associated territories of kidney cancer (f7cecffa-00b4-4560-a29a-8ad626b8ee08); cells=4992,"[""https://cellxgene.cziscience.com/collections/f7cecffa-00b4-4560-a29a-8ad626b8ee08""]",harvest,2026-10-02 11:21
CELLxGENE,f29ca8ac-f8c9-469c-a039-3494545d711a,Visium spatial - AVN,Visium,Visium Spatial Gene Expression V1,atrioventricular node,normal,ready,ready,1,1,1,1,0,0.194,https://cellxgene.cziscience.com/e/f29ca8ac-f8c9-469c-a039-3494545d711a.cxg/,10.1038/s41586-023-06311-1,collection Spatially resolved multiomics of human cardiac niches (3116d060-0a8e-4767-99bb-e866badea1ed); cells=24026,"[""https://cellxgene.cziscience.com/collections/3116d060-0a8e-4767-99bb-e866badea1ed""]",harvest,2026-10-02 11:21
CELLxGENE,f339fe89-c99c-4f50-b76d-2ffe9d376500,"Renal cell carcinoma, pre aPD1, kidney Puck_200727_13",Slide-seq,Slide-seqV2,kidney,renal cell carcinoma,ready,ready,1,1,1,1,0,0.018,https://cellxgene.cziscience.com/e/f339fe89-c99c-4f50-b76d-2ffe9d376500.cxg/,10.1016/j.immuni.2022.09.002,collection Spatially mapping T cell receptors and transcriptomes (02b01703-bf1b-48de-b99a-23bef8cccc81); cells=20021,"[""https://cellxgene.cziscience.com/collections/02b01703-bf1b-48de-b99a-23bef8cccc81""]",harvest,2026-10-02 11:21
CELLxGENE,f354e4c3-eb53-4917-8476-39a860e30124,1142243F,Visium,Visium Spatial Gene Expression V1,breast,breast carcinoma,ready,ready,1,1,1,1,0,1.854,https://cellxgene.cziscience.com/e/f354e4c3-eb53-4917-8476-39a860e30124.cxg/,10.1038/s41588-021-00911-1,collection A single-cell and spatially resolved atlas of human breast cancers (dea97145-f712-431c-a223-6b5f565f362a); cells=4992,"[""https://cellxgene.cziscience.com/collections/dea97145-f712-431c-a223-6b5f565f362a""]",harvest,2026-10-02 11:21
CELLxGENE,f425376b-bc86-44fd-936f-c43c0c64bf4f,Spatial transcriptomics in the healthy human kidney: Puck_200104_19,Slide-seq,Slide-seqV2,cortex of kidney,normal,ready,ready,1,1,1,1,0,0.024,https://cellxgene.cziscience.com/e/f425376b-bc86-44fd-936f-c43c0c64bf4f.cxg/,10.1016/j.isci.2022.104097,collection High Resolution Slide-seqV2 Spatial Transcriptomics Enables Discovery of Disease-Specific Cell Neighborhoods and Pathways (8e880741-bf9a-4c8e-9227-934204631d2a); cells=27036,"[""https://cellxgene.cziscience.com/collections/8e880741-bf9a-4c8e-9227-934204631d2a""]",harvest,2026-10-02 11:21
CELLxGENE,f7ad22b9-a8ce-4454-bbe3-c8076245f1f5,Human 12W heart C1,Visium,Visium Spatial Gene Expression V1,outflow tract myocardium,normal,ready,ready,1,1,1,1,0,0.036,https://cellxgene.cziscience.com/e/f7ad22b9-a8ce-4454-bbe3-c8076245f1f5.cxg/,10.7554/eLife.107748.1,collection A cell atlas of the developing human outflow tract of the heart and its adult aortic valve derivatives (5d2077ea-7b49-45c8-b4cb-64790b698591); cells=4992,"[""https://cellxgene.cziscience.com/collections/5d2077ea-7b49-45c8-b4cb-64790b698591""]",harvest,2026-10-02 11:21
CELLxGENE,f7af19e4-fc64-46d0-ab3c-d4f70dd670f4,S7_Rec/Sig A798015 Rep1,Visium,Visium Spatial Gene Expression V1,rectosigmoid junction,colorectal cancer,ready,ready,1,1,1,1,0,0.027,https://cellxgene.cziscience.com/e/f7af19e4-fc64-46d0-ab3c-d4f70dd670f4.cxg/,10.1038/s41698-023-00488-4,collection Profiling the heterogeneity of colorectal cancer consensus molecular subtypes using spatial transcriptomics (68cba939-4e72-4405-80ef-512a05044fba); cells=4992,"[""https://cellxgene.cziscience.com/collections/68cba939-4e72-4405-80ef-512a05044fba""]",harvest,2026-10-02 11:21
CELLxGENE,f7cd2a61-2bdc-41c0-a845-32f66a62c2b6,FZ_GT_P19 (ACH008)-Spatial multi-omic map of human myocardial infarction,Visium,Visium Spatial Gene Expression V1,heart left ventricle,myocardial infarction,ready,ready,1,1,1,1,0,0.183,https://cellxgene.cziscience.com/e/f7cd2a61-2bdc-41c0-a845-32f66a62c2b6.cxg/,10.1038/s41586-022-05060-x,collection Spatial multi-omic map of human myocardial infarction (8191c283-0816-424b-9b61-c3e1d6258a77); cells=4992,"[""https://cellxgene.cziscience.com/collections/8191c283-0816-424b-9b61-c3e1d6258a77""]",harvest,2026-10-02 11:21
CELLxGENE,f92a761d-b7b8-490a-aea2-bd7a1bb9714d,Visium spatial - HCAHeartST8795935 (OCT),Visium,Visium Spatial Gene Expression V1,left cardiac atrium,normal,ready,ready,1,1,1,1,0,0.271,https://cellxgene.cziscience.com/e/f92a761d-b7b8-490a-aea2-bd7a1bb9714d.cxg/,10.1038/s41586-023-06311-1,collection Spatially resolved multiomics of human cardiac niches (3116d060-0a8e-4767-99bb-e866badea1ed); cells=4992,"[""https://cellxgene.cziscience.com/collections/3116d060-0a8e-4767-99bb-e866badea1ed""]",harvest,2026-10-02 11:21
CELLxGENE,fb09f8c3-cb71-480d-8919-d8afd2670b97,visium spatial - sample v06,Visium,Visium Spatial Gene Expression V1,breast,normal,ready,ready,1,1,1,1,0,2.073,https://cellxgene.cziscience.com/e/fb09f8c3-cb71-480d-8919-d8afd2670b97.cxg/,10.1038/s41586-023-06252-9,collection A spatially resolved single cell genomic atlas of the adult human breast (4195ab4c-20bd-4cd3-8b3d-65601277e731); cells=4992,"[""https://cellxgene.cziscience.com/collections/4195ab4c-20bd-4cd3-8b3d-65601277e731""]",harvest,2026-10-02 11:21
CELLxGENE,fb5b437f-69b8-47ee-82ed-b5e784193d64,Normal Lymph Node Puck_201014_06,Slide-seq,Slide-seqV2,lymph node,normal,ready,ready,1,1,1,1,0,0.023,https://cellxgene.cziscience.com/e/fb5b437f-69b8-47ee-82ed-b5e784193d64.cxg/,10.1016/j.immuni.2022.09.002,collection Spatially mapping T cell receptors and transcriptomes (02b01703-bf1b-48de-b99a-23bef8cccc81); cells=26027,"[""https://cellxgene.cziscience.com/collections/02b01703-bf1b-48de-b99a-23bef8cccc81""]",harvest,2026-10-02 11:21
CELLxGENE,fc124cd3-f4f6-47d8-85c7-f5fa77ad9ab4,Visium Spatial of Human muscle in Dystrophinopathies_8,Visium,Visium Spatial Gene Expression V1,vastus lateralis,DMD-related muscular dystrophy,ready,ready,1,1,1,1,0,0.647,https://cellxgene.cziscience.com/e/fc124cd3-f4f6-47d8-85c7-f5fa77ad9ab4.cxg/,10.1002/path.70067,collection Unraveling the spatial landscape of Dystrophinopathies: a transcriptomic approach to Becker and Duchenne muscular dystrophies (f4774e03-b5a7-473b-99d6-eeb80592c5db); cells=4992,"[""https://cellxgene.cziscience.com/collections/f4774e03-b5a7-473b-99d6-eeb80592c5db""]",harvest,2026-10-02 11:21
CELLxGENE,fc93b28c-5789-41ce-8441-ff0da3cc46cf,Visium spatial - LV,Visium,Visium Spatial Gene Expression V1,heart left ventricle,normal,ready,ready,1,1,1,1,0,0.065,https://cellxgene.cziscience.com/e/fc93b28c-5789-41ce-8441-ff0da3cc46cf.cxg/,10.1038/s41586-023-06311-1,collection Spatially resolved multiomics of human cardiac niches (3116d060-0a8e-4767-99bb-e866badea1ed); cells=9626,"[""https://cellxgene.cziscience.com/collections/3116d060-0a8e-4767-99bb-e866badea1ed""]",harvest,2026-10-02 11:21
CELLxGENE,fca00c4c-0b8a-4836-ab7b-6620123d2d4e,Visium spatial data from liver of primary sclerosing cholangitis patient; sample PSC011_C1,Visium,Visium Spatial Gene Expression V1,caudate lobe of liver,primary sclerosing cholangitis,ready,ready,1,1,1,1,0,0.053,https://cellxgene.cziscience.com/e/fca00c4c-0b8a-4836-ab7b-6620123d2d4e.cxg/,10.1016/j.jhep.2023.12.023,collection Single-cell and spatial transcriptomics characterisation of the immunological landscape in the healthy and PSC human liver (0c8a364b-97b5-4cc8-a593-23c38c6f0ac5); cells=4992,"[""https://cellxgene.cziscience.com/collections/0c8a364b-97b5-4cc8-a593-23c38c6f0ac5""]",harvest,2026-10-02 11:21
CELLxGENE,fcfd30bb-8367-490f-b5e0-7dcb69ea83f4,IZ_P16 (ACH0016)-Spatial multi-omic map of human myocardial infarction,Visium,Visium Spatial Gene Expression V1,heart left ventricle,myocardial infarction,ready,ready,1,1,1,1,0,0.222,https://cellxgene.cziscience.com/e/fcfd30bb-8367-490f-b5e0-7dcb69ea83f4.cxg/,10.1038/s41586-022-05060-x,collection Spatial multi-omic map of human myocardial infarction (8191c283-0816-424b-9b61-c3e1d6258a77); cells=4992,"[""https://cellxgene.cziscience.com/collections/8191c283-0816-424b-9b61-c3e1d6258a77""]",harvest,2026-10-02 11:21
CELLxGENE,fe5b3268-ddd8-415a-9432-f1f95bfdb500,Visium spatial - HCAHeartST13233999 (OCT),Visium,Visium Spatial Gene Expression V1,sinoatrial node,normal,ready,ready,1,1,1,1,0,0.226,https://cellxgene.cziscience.com/e/fe5b3268-ddd8-415a-9432-f1f95bfdb500.cxg/,10.1038/s41586-023-06311-1,collection Spatially resolved multiomics of human cardiac niches (3116d060-0a8e-4767-99bb-e866badea1ed); cells=4992,"[""https://cellxgene.cziscience.com/collections/3116d060-0a8e-4767-99bb-e866badea1ed""]",harvest,2026-10-02 11:21
CELLxGENE,ff12e239-9292-4d25-bb0d-e4509b3bd92b,Pla_HDBR9518710,Visium,Visium Spatial Gene Expression V1,decidua basalis,normal,ready,ready,1,1,1,1,0,0.026,https://cellxgene.cziscience.com/e/ff12e239-9292-4d25-bb0d-e4509b3bd92b.cxg/,10.1038/s41586-023-05869-0,collection Spatial multiomics map of trophoblast development in early pregnancy (e2c257e7-6f79-487c-b81c-39451cd4ab3c); cells=4992,"[""https://cellxgene.cziscience.com/collections/e2c257e7-6f79-487c-b81c-39451cd4ab3c""]",harvest,2026-10-02 11:21
CELLxGENE,ff77ee42-ed01-4e50-8413-4cea1f6fbcbc,Spatial transcriptomics in the healthy human kidney: Puck_200903_10,Slide-seq,Slide-seqV2,cortex of kidney,normal,ready,ready,1,1,1,1,0,0.06,https://cellxgene.cziscience.com/e/ff77ee42-ed01-4e50-8413-4cea1f6fbcbc.cxg/,10.1016/j.isci.2022.104097,collection High Resolution Slide-seqV2 Spatial Transcriptomics Enables Discovery of Disease-Specific Cell Neighborhoods and Pathways (8e880741-bf9a-4c8e-9227-934204631d2a); cells=38024,"[""https://cellxgene.cziscience.com/collections/8e880741-bf9a-4c8e-9227-934204631d2a""]",harvest,2026-10-02 11:21
GEO,GSE144239,Single Cell and Spatial Analysis of Human Squamous Cell Carcinoma [ST],Visium,Legacy ST (12 samples) and Visium (4 samples),Skin,Cutaneous squamous cell carcinoma,ready,ready,16,16,44,0,0,0.074,,PMID 32579974,"Legacy ST samples: stdata.tsv.gz is counts, with spot coordinates in the spot names (x_y). spot_data-selection files hold the tissue spot selection. Visium samples (GSM4565823-26) have mtx plus tissue_positions and scalefactors. Series-level combined count tables also exist.",[],curator,2026-10-02 13:25
GEO,GSE159697,Spatially resolved gene expression of human prostate tissue slices treated with steroid hormones for 8 hours,Visium,Visium,Prostate,,ready,ready,2,2,4,0,0,0.002,,PMID 33458620,"2 samples (ETOH, 25D). Filtered matrices provided (h5 and mtx). Only the scalefactors JSON is provided; no tissue_positions file found, so spot coordinates are missing from the GEO files. Images (TIFF) may be in the RAW tar.","[""https://ftp.ncbi.nlm.nih.gov/geo/series/GSE159nnn/GSE159697/suppl/GSE159697_RAW.tar""]",curator,2026-10-02 13:24
GEO,GSE171351,"A new epithelial cell subpopulation predicts response to surgery, chemotherapy, and immunotherapy in bladder cancer",Visium,Visium,bladder,muscle-invasive bladder cancer,ready,ready,1,1,1,0,0,0.047,,PMID 34385456,Single combined h5ad for 4 Visium samples (series-level). Series also has snRNA-seq context; RAW.tar bundle also present.,"[""https://ftp.ncbi.nlm.nih.gov/geo/series/GSE171nnn/GSE171351/suppl/GSE171351_RAW.tar""]",curator,2026-10-02 13:24
GEO,GSE172416,Cell type inference in human lung tissue by domain adaptation of single-cell and spatial transcriptomic data,Visium,Visium,Lung,,ready,ready,2,2,6,0,0,0.016,,PMID 35191503,,[],curator,2026-10-02 13:20
GEO,GSE179572,Spatial transcriptomics of human brain metastases,Visium,Visium,brain (metastasis),brain metastasis,ready,ready,6,6,12,0,0,0.097,,PMID 35584630; 35707680,,"[""https://ftp.ncbi.nlm.nih.gov/geo/series/GSE179nnn/GSE179572/suppl/GSE179572_all_spatial_images.tar.gz""]",curator,2026-10-02 13:23
GEO,GSE181300,Visium Analysis of head and neck squamous carcinoma (HNSCC) spatial transcriptome evolution,Visium,Visium,head and neck,head and neck squamous cell carcinoma,ready,ready,8,8,24,0,0,0.033,https://www.ncbi.nlm.nih.gov/geo/query/acc.cgi?acc=GSE181300,PMID 36002186,,[],curator,2026-10-02 13:19
GEO,GSE182208,Endothelial Phospholipase C gamma2 Improves Outcomes of Diabetic Ischemic Limb Rescue Following VEGF Therapy,Visium,Visium,skin,diabetes,ready,ready,1,1,3,0,0,0.003,,PMID 35192691,"Series mixes scRNA-seq (6 SC_NS samples, excluded) with one Visium sample (GSM5531131, VS_NS5). The summary mentions 2 spatial samples, but only one is listed in GEO.",[],curator,2026-10-02 13:21
GEO,GSE184510,"Spatial transcriptomics: consecutive slices data integration (CSDI), human orbitofrontal and temporal neocortex",Visium,Visium,brain (orbitofrontal and temporal neocortex),normal / post-mortem,ready,ready,8,8,16,0,0,0.15,https://www.ncbi.nlm.nih.gov/geo/query/acc.cgi?acc=GSE184510,PMID 37081484,"8 Visium sections (two consecutive slices A/B from 2 donors, ON and TN regions). Coordinates are in per-sample spatial.tar.gz (tissue_positions + scalefactors).",[],curator,2026-10-02 13:16
GEO,GSE185022,Optogenetic perturbations of RNA expression in tissue space,Visium,Visium,neural organoid,none (organoid),ready,ready,4,4,8,0,0,0.043,https://www.ncbi.nlm.nih.gov/geo/query/acc.cgi?acc=GSE185022,PMID 37735569,"4 Visium samples (GSM5603506-509) with filtered h5/mtx and scalefactors; no tissue_positions file listed, so coords may be missing. Other GSMs are bulk RNA-seq (CasRx) and Drop-seq-like organoid bead data (not spatial), excluded.",[],curator,2026-10-02 13:17
GEO,GSE185477,"Single-Cell, Single-Nucleus and Spatial RNA Sequencing of the Human Liver",Visium,Visium,Liver (caudate lobe),healthy,ready,ready,1,1,2,0,0,0.066,,PMID 34792289,Only 1 of 10 GSMs is spatial (Visium); the others are scRNA-seq/snRNA-seq. The coords zip is presumably the spaceranger spatial folder; I didn't inspect it.,[],curator,2026-10-02 13:24
GEO,GSE189042,Spatial transcriptome analysis reveals the lymph node atlas of breast cancer metastases,Visium,Visium,lymph node,breast cancer lymph node metastasis,ready,ready,1,1,3,0,0,0.021,,,,[],curator,2026-10-02 13:00
GEO,GSE190811,Primary and paired metastatic lymph node tumors in breast cancer (10x Visium),Visium,Visium,breast tumor / lymph node metastasis,breast cancer,ready,ready,4,4,12,0,0,0.144,,PMID 36357424,Only raw_feature_bc_matrix h5 provided (no filtered); tissue_positions allow filtering to in-tissue spots.,[],curator,2026-10-02 13:21
GEO,GSE190870,Single cell profiling of primary and paired metastatic lymph node tumors in breast cancer patients (Visium subset),Visium,Visium,Breast cancer lymph node metastasis,Breast cancer,ready,ready,4,0,0,0,0,0.0,,PMID 36357424,Series mixes scRNA GEX/VDJ (not spatial) with 4 Visium LNM samples (GSM5732357-60). Only the raw_feature_bc_matrix h5 is provided (no filtered); use tissue_positions to subset.,[],curator,2026-10-02 13:23
GEO,GSE192741,Spatial proteogenomics reveals distinct and evolutionarily-conserved hepatic macrophage niches (spatial),Visium,Visium,Liver,Healthy and steatotic (NAFLD) liver,ready,ready,5,5,15,0,0,0.028,,PMID 35021063,"Series mixes mouse (10 Visium samples, excluded) and human (5 samples: GSM5764424-28). Human Seurat object also available: GSE192741_seuratObj_humanVisium.rds.gz. Selection regexes assume human file names are listed per GSM.","[""https://ftp.ncbi.nlm.nih.gov/geo/series/GSE192nnn/GSE192741/suppl/GSE192741_seuratObj_humanVisium.rds.gz""]",curator,2026-10-02 13:23
GEO,GSE192742,Spatial proteogenomics reveals distinct and evolutionarily-conserved hepatic macrophage niches,Visium,Visium,Liver,,ready,ready,5,0,0,0,0,0.0,,PMID 35021063,"Multi-species SuperSeries (mostly scRNA/snRNA-seq and mouse Visium). Only 5 human Visium samples (GSM5764424-428; H35 x2, H36, H37, H38) are recorded. Mouse Visium excluded. Metadata at livercellatlas.org.",[],curator,2026-10-02 13:33
GEO,GSE195661,Spatial transcriptomics reveal unresolved wound repair as potential driver of PFA Ependymoma progression,Visium,Visium,brain (posterior fossa),PFA ependymoma,ready,ready,15,15,15,0,1,0.163,,PMID 36215273,"Per-sample filtered h5 matrices. Coordinates are in the series-level cell_metadata.tsv.gz and the spaceranger spatial dirs tar.gz (tissue_positions and scalefactors, bundled). Raw tar and TIFF images are out of scope.",[],curator,2026-10-02 13:19
GEO,GSE203612,Cancer cell states recur across tumor types and form specific interactions with the tumor microenvironment,Visium,Visium,"multiple tumors (breast, GIST, liver, ovary, pancreas, uterus)",cancer,ready,ready,10,10,30,0,0,0.057,,PMID 35931863,"Series mixes inDrop scRNA-seq (not spatial), mouse 10x data, and PDX scRNA. Only the 10 human NYU_*_Vis Visium samples are selected. PDX1/PDX2 Visium (GSM6177624/25) are human xenografts in mouse (mixed species) and were excluded.",[],curator,2026-10-02 13:22
GEO,GSE207205,Multimodal human thymic profiling reveals trajectories and cellular milieu for T agonist selection [Spatial transcriptomics],Visium,Visium,Thymus (paediatric),,ready,ready,8,8,40,0,0,0.327,,PMID 36741401,Matrices are raw_feature_bc_matrix (mtx/barcodes/features); no filtered version provided. Positions list has in_tissue flag.,[],curator,2026-10-02 13:18
GEO,GSE208253,Spatial transcriptomics reveals distinct and conserved tumor core and edge architectures in OSCC,Visium,Visium,oral cavity,HPV-negative oral squamous cell carcinoma,ready,ready,12,12,36,0,0,0.088,https://www.ncbi.nlm.nih.gov/geo/query/acc.cgi?acc=GSE208253,PMID 37596273,,[],curator,2026-10-02 13:15
GEO,GSE210037,Checkpoint blockade-induced dermatitis and colitis are dominated by tissue resident memory T cells and Th1/Tc1 cytokines,GeoMx,GeoMx,"skin, colon","irAE dermatitis/colitis, psoriasis, healthy",ready,ready,1,1,2,0,0,0.03,,PMID 35977003,The series has only a pooled ROI-by-gene raw count table and a sample metadata table. There are no per-sample files and no spatial coordinates. The technology is inferred to be GeoMx (FFPE ROIs) and was not stated explicitly. The metadata file may hold ROI annotations.,[],curator,2026-10-02 13:21
GEO,GSE210616,Spatial transcriptomics of triple negative breast cancer,Visium,Visium,Breast,Triple negative breast cancer,ready,ready,43,43,129,0,0,0.349,,PMID 36283023,,[],curator,2026-10-02 13:21
GEO,GSE211895,Assessment of Spatial Genomics for Oncology Discovery,Visium,Visium,pancreas,pancreatic adenocarcinoma,ready,ready,3,3,9,0,0,0.028,,PMID 36452860,"Series is mixed species: only the 3 human samples (DonorA-C FFPE, probe-based Visium; PDAC) are kept. The other 26 samples are mouse (MC38, B16) or rat colon and are excluded.",[],curator,2026-10-02 13:20
GEO,GSE211956,Spatial transcriptomics reveals ovarian cancer subclones with different microenvironments,Visium,Visium,ovary,high-grade serous ovarian carcinoma,ready,ready,8,8,32,0,0,0.263,https://www.ncbi.nlm.nih.gov/geo/query/acc.cgi?acc=GSE211956,PMID 38570491,8 Visium samples; 5 scRNA-seq samples (counts_*.txt.gz) excluded as non-spatial.,[],curator,2026-10-02 13:20
GEO,GSE213216,A single-cell transcriptomic analysis of endometriosis,Visium,Visium,Endometriosis lesion,Endometriosis,ready,ready,3,3,13,0,0,0.033,,PMID 36624343,"Series is mostly scRNA-seq (45 samples as tar.gz, not spatial). Only 3 Visium samples (GSM6690474-76). GSM6690474 (sample6) has no tissue_positions file in GEO listing (matrix only).",[],curator,2026-10-02 13:22
GEO,GSE213349,Immune microenvironment and molecular mechanism of oral lichen planus with different clinical subtypes,Visium,Visium,oral mucosa,oral lichen planus,ready,ready,3,0,0,0,0,0.0,,PMID 37555396,"Only GSM6579213-15 (B2, C, D) are spatial (6 txt count tables); the other 40 GSMs (P1-P40) are non-spatial. Coordinates are assumed to be encoded in the spot IDs of the txt tables (unverified); there are no separate coordinate files.",[],curator,2026-10-02 13:16
GEO,GSE213688,Spatial transcriptomics of human plastic and non-plastic breast cancer subtypes,Visium,Visium,Breast,"Breast cancer (claudin-low, metaplastic, TNBC)",ready,ready,15,15,45,0,0,0.121,,PMID 37813278,Pathologist annotations CSVs per sample are also available. Raw matrices are also provided as mtx.,"[""https://zenodo.org/records/20727406""]",curator,2026-10-02 13:12
GEO,GSE216992,Spatial transcriptomic profiling of Patient and Patient-corrected bioengineered vascular grafts,Visium,Visium,bioengineered vascular graft,,ready,ready,4,4,12,0,0,0.007,,PMID 38718134,,[],curator,2026-10-02 13:06
GEO,GSE217414,"Liver metastases from 4 colorectal cancer patients (CRC-LM), Visium",Visium,Visium,Liver (colorectal cancer metastasis),Colorectal cancer liver metastasis,ready,ready,4,4,8,0,0,0.06,https://www.ncbi.nlm.nih.gov/geo/query/acc.cgi?acc=GSE217414,PMID 37144485,,[],curator,2026-10-02 13:15
GEO,GSE218539,Spatial Transcriptomics in the Human Left Atrial Appendage and Pulmonary Vein Sleeve,Visium,Visium,left atrial appendage / pulmonary vein,healthy donor (atrial fibrillation-related tissue),ready,bundle_only,12,12,24,24,12,0.002,,PMID 41314481,Per-sample tar.gz bundles only; contents not inspected.,[],curator,2026-10-02 12:43
GEO,GSE220572,Reconstruction of 3-dimensional tissue organization at the single-cell resolution [ST],Visium,Visium (FFPE),,,ready,ready,2,2,6,0,0,0.006,https://www.ncbi.nlm.nih.gov/geo/query/acc.cgi?acc=GSE220572,PMID 36711844,,[],curator,2026-10-02 13:13
GEO,GSE220573,Reconstruction of 3-dimensional tissue organization at the single-cell resolution,Visium,Visium (FFPE),,,ready,ready,2,0,0,0,0,0.0,,,"The series also includes a scRNA-seq sample, GSM6806991. It is not spatial and was excluded.",[],curator,2026-10-02 13:13
GEO,GSE221365,ADAD PSEN1-E280A Alzheimer's snRNA-seq and Visium spatial transcriptomics,Visium,Visium,"brain (hippocampus, frontal pole)",Alzheimer's disease (autosomal dominant PSEN1-E280A),ready,ready,6,6,6,0,0,0.048,,PMID 38417436,"Series-level files only (5 filtered h5 matrices: C140_c12, C363_c12, C363_c1, C364_c12, C364_c1) for 8 GSMs (MiSeq/NovaSeq re-sequencing runs of same sections). No tissue_positions files; spatial coordinates presumably in Spatial_metadata.csv.gz (unverified). Low-res images available as png.gz and full tif.gz.",[],curator,2026-10-02 13:08
GEO,GSE222322,Spatial transcriptomics on human lumbar spinal cord,Visium,Visium,lumbar spinal cord,,ready,ready,21,21,41,0,0,0.206,,PMID 36731429,,"[""https://ftp.ncbi.nlm.nih.gov/geo/series/GSE222nnn/GSE222322/suppl/GSE222322_lowres_images.tar.gz""]",curator,2026-10-02 13:19
GEO,GSE223020,Three-dimensional molecular cartography of human cerebral organoids revealed by double-barcoded spatial transcriptomics,ST (legacy),double-barcoded DNA array spatial transcriptomics,cerebral organoid,,ready,ready,15,15,15,0,0,0.018,,PMID 37751695,"Only per-sample count matrix tsv files are provided. There is no separate coordinates file. Coordinates are presumably encoded in the spot IDs, but I didn't verify this.",[],curator,2026-10-02 13:15
GEO,GSE224335,Visium spatial gene expression analyses of ovarian clear cell carcinoma (OCCC),Visium,Visium,ovary,ovarian clear cell carcinoma,ready,ready,2,2,10,0,0,0.03,,PMID 38670097,,[],curator,2026-10-02 13:07
GEO,GSE224336,Targeting PDGF signaling of CAFs blocks HIF-1α feedback and overcomes chemoresistance in ovarian clear cell carcinoma,Visium,Visium,Ovary,Ovarian clear cell carcinoma,ready,ready,2,0,0,0,0,0.0,,PMID 38670097,"The series also has snRNA-seq and scRNA-seq samples. These are excluded. Only the two Visium samples, GSM7019835 and GSM7019836, are recorded.",[],curator,2026-10-02 13:08
GEO,GSE224477,ETMR spatial transcriptomics subset,Visium,Visium,brain tumor,Embryonal tumor with multilayered rosettes (ETMR),ready,ready,3,3,15,0,0,0.096,https://www.ncbi.nlm.nih.gov/geo/query/acc.cgi?acc=GSE224477,PMID 40562749,,[],curator,2026-10-02 12:56
GEO,GSE226533,Human and Murine Kidneys Contain Transcriptionally and Spatially Orthologous Resident Macrophage Subpopulations in Acute Kidney Injury,Visium,Visium,kidney,acute kidney injury,ready,ready,2,2,4,0,0,0.076,https://www.ncbi.nlm.nih.gov/geo/query/acc.cgi?acc=GSE226533,,"Series also has 2 scRNA-seq samples (GSM7078495, GSM7078496), excluded. Matrix and spatial files are tar.gz per sample.",[],curator,2026-10-02 13:08
GEO,GSE227019,Comparison of Illumina NextSeq 2000 and GeneMind Genolab M for spatial transcriptomics,Visium,Visium,,,ready,ready,6,6,18,0,0,0.054,https://www.ncbi.nlm.nih.gov/geo/query/acc.cgi?acc=GSE227019,PMID 36882687,Same libraries sequenced on two platforms (6 samples total: 3 per platform).,[],curator,2026-10-02 13:17
GEO,GSE228056,Spatial transcriptomics of splenic marginal zone lymphomas and healthy spleen,Visium,Visium,spleen,splenic marginal zone lymphoma,ready,ready,1,1,2,0,0,0.041,,PMID 38828498,Combined series-level GEX matrix and tissue positions for all 4 samples (3 SMZL + 1 healthy donor). Annotations TSV also available. RAW.tar (11MB) probably holds images/other files.,[],curator,2026-10-02 13:02
GEO,GSE228169,Human Cortical Kidney Sections,Visium,Visium,Kidney cortex,Acute kidney injury,ready,ready,2,2,10,0,0,0.033,,,,[],curator,2026-10-02 13:07
GEO,GSE228685,Spatial transcriptomics of adenoid cystic carcinoma of the lacrimal gland,Visium,Visium,lacrimal gland,adenoid cystic carcinoma,ready,ready,1,1,3,0,0,0.003,,PMID 37370820,,[],curator,2026-10-02 13:13
GEO,GSE228972,Molecular reframing of fibroblasts during resolution of arthritis [Visium],Visium,Visium,synovium,psoriatic arthritis / healthy,ready,ready,4,4,20,0,0,0.047,,PMID 38396288,,[],curator,2026-10-02 13:09
GEO,GSE229877,Spatially-resolved markers of malignant transformation in IPMN [Visium],Visium,Visium FFPE,Pancreas,Intraductal papillary mucinous neoplasm,ready,ready,4,4,12,0,0,0.012,https://www.ncbi.nlm.nih.gov/geo/query/acc.cgi?acc=GSE229877,PMID 38553466,,[],curator,2026-10-02 13:08
GEO,GSE229878,Spatially resolved markers of malignant transformation in IPMN,Visium,Visium (plus GeoMx),Pancreas,Intraductal papillary mucinous neoplasm,ready,ready,4,0,0,0,0,0.0,https://www.ncbi.nlm.nih.gov/geo/query/acc.cgi?acc=GSE229878,,SuperSeries: 4 Visium TMA samples (included) and 80 GeoMx ROI samples supplied only as per-ROI DCC files (not included; no processed matrix/coords). Raw tar: GSE229878_RAW.tar.,"[""https://ftp.ncbi.nlm.nih.gov/geo/series/GSE229nnn/GSE229878/suppl/GSE229878_RAW.tar""]",curator,2026-10-02 13:14
GEO,GSE230282,Spatial transcriptomics of de novo NEPC and ARPC,Visium,Visium CytAssist,Prostate,Prostate cancer (de novo NEPC / ARPC),ready,ready,1,1,5,0,0,0.125,,PMID 37240308,,[],curator,2026-10-02 13:16
GEO,GSE230424,Spatial transcriptome in Hashimoto's thyroiditis and PTC with HT,Visium,Visium,Thyroid,Hashimoto's thyroiditis; papillary thyroid cancer,ready,ready,4,4,16,0,0,0.093,https://www.ncbi.nlm.nih.gov/geo/query/acc.cgi?acc=GSE230424,PMID 39178310,,[],curator,2026-10-02 13:04
GEO,GSE231496,A masked generative graph representation learning framework empowering precise spatial domain identification,Visium,Visium,fetal heart,congenital heart disease (normal fetal heart),ready,ready,1,1,5,5,0,0.006,,,,[],curator,2026-10-02 12:32
GEO,GSE232316,Multi-pronged analysis of Pediatric Low-Grade Glioma,Visium,Visium,brain (pediatric low-grade glioma),pediatric low-grade glioma,ready,ready,2,2,8,0,0,0.15,,PMID 40588233,"Series also has 21 scRNA-seq samples (excluded). Spatial data are merged series-level matrices (gg = ganglioglioma, pa = pilocytic astrocytoma) for 9 Visium samples (GSM7326906-914). Coordinates are not confirmed: the metadata csv is assumed to hold them. Per-sample files are in GSE232316_RAW.tar.","[""https://ftp.ncbi.nlm.nih.gov/geo/series/GSE232nnn/GSE232316/suppl/GSE232316_RAW.tar""]",curator,2026-10-02 12:57
GEO,GSE232734,Synovial Th17 transdifferentiation into exTh17 [Visium] - human RA synovium,Visium,Visium,Synovium,Rheumatoid arthritis,ready,ready,2,2,10,10,0,0.016,https://www.ncbi.nlm.nih.gov/geo/query/acc.cgi?acc=GSE232734,PMID 41202149,The series' mouse SKG work is in other series. This Visium series has only 2 human RA synovium samples. Spatial enrichment CSVs are also provided.,[],curator,2026-10-02 12:37
GEO,GSE232910,Spatial Multimodal Analysis: MALDI-MSI and Spatial Transcriptomics within the same tissue section,Visium,Visium,"Brain (striatum, post-mortem)",Parkinson's disease,ready,ready,5,5,15,0,0,0.018,https://www.ncbi.nlm.nih.gov/geo/query/acc.cgi?acc=GSE232910,PMID 37667091,Mixed human and mouse series; only the 5 human GSMs (GSM7392324-28) selected. Mouse samples excluded. Also contains MALDI-MSI-related dopamine CSVs (not included).,[],curator,2026-10-02 13:17
GEO,GSE233208,snRNA-Seq and spatial transcriptomics of Alzheimer's Disease and Down Syndrome,Visium,Visium,brain,Alzheimer's disease; Down syndrome,ready,ready,1,1,1,0,0,1.4,https://www.ncbi.nlm.nih.gov/geo/query/acc.cgi?acc=GSE233208,PMID 39578645,"Mixed human + mouse (5xFAD) series. Human Visium data only available as one series-level processed Seurat RDS (~16 Visium human samples, VisiumHuman_1-16); per-GSM files are raw reads only. Also contains human snRNA-seq (not spatial) and mouse 5xFAD Visium (excluded). Per-sample coords assumed to be in the Seurat images slot.",[],curator,2026-10-02 13:15
GEO,GSE233293,Visium Spatial Transcriptomics expression profiles from IPMN samples of the pancreas,Visium,Visium,pancreas,IPMN / PDAC,ready,ready,13,13,26,0,0,0.132,https://www.ncbi.nlm.nih.gov/geo/query/acc.cgi?acc=GSE233293,PMID 37285225,"Spatial tar.gz contains tissue_positions and scalefactors. Series-level RDS (RCTD, merged Seurat) also available.",[],curator,2026-10-02 13:16
GEO,GSE234218,Human fetal spinal cord [Visium],Visium,Visium,fetal spinal cord,,ready,bundle_only,2,2,2,2,1,0.021,,,"Per-sample filtered h5 matrices exist, but no coords files listed; spatial files may be in RAW tar (unverified).",[],curator,2026-10-02 12:43
GEO,GSE234885,Sorafenib inhibits invasion of multicellular organoids that mimic Lymphangioleiomyomatosis nodules.,Visium,Visium,Lung,Lymphangioleiomyomatosis,ready,ready,2,2,6,0,0,0.028,https://www.ncbi.nlm.nih.gov/geo/query/acc.cgi?acc=GSE234885,PMID 40776927,"The study also includes organoid experiments, but the GEO series only holds the 2 Visium samples. The cloupe files are very large (about 4 GB each) and were not recorded as matrix or coords.",[],curator,2026-10-02 13:04
GEO,GSE235672,Siglec-9 immune checkpoint on macrophages in glioblastoma [ST],Visium,Visium,brain,glioblastoma,ready,ready,20,20,68,0,0,0.25,,PMID 37460871,"Series also has scRNA-seq/mouse parts elsewhere; this is the ST series only. Samples with combined names (Pt9_Pt8, Pt5_Pt7) hold two patients per slide.","[""https://ftp.ncbi.nlm.nih.gov/geo/series/GSE235nnn/GSE235672/suppl/GSE235672_GBM.spatial.rds.gz""]",curator,2026-10-02 13:15
GEO,GSE235896,Decoder-seq enhances mRNA capture efficiency in spatial RNA sequencing,Other,Decoder-seq,kidney,renal cell carcinoma (clear cell and chromophobe),ready,ready,9,9,17,0,0,0.067,,,"Mixed series: only the 8 human RCC samples (ccRCC and chRCC, tumor core/leading edge) are kept. The mouse samples (olfactory bulb, hippocampus, hemibrain) are excluded. Coordinates are assumed to come from the in-tissue barcode lists (bc.intissue) together with the series barcode.txt.gz, which maps barcodes to positions. I did not open these files to confirm that.",[],curator,2026-10-02 13:15
GEO,GSE237183,Integrative spatial analysis reveals a multi-layered organization of glioblastoma,Visium,Visium,brain (glioma),glioblastoma / IDH-mutant glioma,ready,ready,19,19,57,0,0,0.134,https://www.ncbi.nlm.nih.gov/geo/query/acc.cgi?acc=GSE237183,PMID 38653236,,[],curator,2026-10-02 13:09
GEO,GSE238145,Batf3-DCs and 4-1BB/4-1BBL axis in PD-1/PD-L1 blockade (human bladder tumor Visium),Visium,Visium (CytAssist),Bladder,Bladder cancer,ready,ready,10,10,35,0,0,0.241,,PMID 38656869,Some capture areas contain multiple patients (e.g. patients 5+6). Series-level merged counts file GSE238145_TG_AZ_counts_merged.txt.gz also exists. GSM7659430/31 file names were not verified individually (the tool listed only the patterns); the matrix/coords selections may miss them if they use different names. The JSON files are scalefactors.,[],curator,2026-10-02 13:06
GEO,GSE240212,Spatial Transcriptomics reveals that cells that experience intratumoral hypoxia retain hypoxia-associated transcriptional programs after invading into oxygenated tumor regions.,Visium,Visium,,,ready,ready,2,2,10,0,0,0.086,https://www.ncbi.nlm.nih.gov/geo/query/acc.cgi?acc=GSE240212,PMID 39341835,,[],curator,2026-10-02 13:03
GEO,GSE240429,Single-cell and spatial transcriptomics characterisation of the immunological landscape in the healthy and PSC human liver,Visium,Visium,Liver,Primary sclerosing cholangitis (PSC) / healthy,ready,ready,4,4,20,0,0,0.122,https://www.ncbi.nlm.nih.gov/geo/query/acc.cgi?acc=GSE240429,PMID 38199298,Series also has a non-spatial scRNA component possibly; only the 4 Visium GSMs are listed. Images not included.,[],curator,2026-10-02 13:12
GEO,GSE241346,A Proteomic Atlas of Atherosclerosis (spatial Visium component),Visium,Visium,Carotid atherosclerotic plaque,Atherosclerosis,ready,ready,2,2,10,0,0,0.006,https://www.ncbi.nlm.nih.gov/geo/query/acc.cgi?acc=GSE241346,PMID 37646165,,[],curator,2026-10-02 13:13
GEO,GSE242249,Spatial transcriptomic profiles of prostate tissue from a BPH patient,Visium,Visium,prostate,benign prostatic hyperplasia,ready,ready,1,1,3,0,0,0.009,,PMID 38654277,,[],curator,2026-10-02 13:06
GEO,GSE242270,Spatiotemporal immune atlas of a clinical-grade gene-edited pig-to-human kidney xenotransplant,Visium,Visium,Kidney,,ready,ready,1,1,5,0,0,0.016,,PMID 38605083,Only GSM7757568 (human kidney) is human; the 4 wild-type pig kidney samples (GSM7757569-72) are Sus scrofa and excluded.,[],curator,2026-10-02 13:07
GEO,GSE242311,Spatial heterogeneity of integrins and their ligands in primary breast tumors,Visium,Visium,breast,breast cancer,ready,ready,16,16,80,0,0,0.517,https://www.ncbi.nlm.nih.gov/geo/query/acc.cgi?acc=GSE242311,,,[],curator,2026-10-02 13:14
GEO,GSE242352,Resolving spatial subclonal genomic heterogeneity of LOH and ecDNA in gliomas,Visium,Visium,brain,"glioma (glioblastoma, astrocytoma, oligodendroglioma, diffuse midline glioma)",ready,ready,17,17,51,0,0,0.19,,PMID 40514380,Series also has bulk RNA/DNA-seq. Per-sample filtered h5 + tissue positions + scalefactors; integrated Seurat rds available at series level.,"[""https://ftp.ncbi.nlm.nih.gov/geo/series/GSE242nnn/GSE242352/suppl/GSE242352_integrated_glioma_samples_cohortA.rds.gz"", ""https://ftp.ncbi.nlm.nih.gov/geo/series/GSE242nnn/GSE242352/suppl/GSE242352_integrated_glioblastoma_samples_cohortB.rds.gz""]",curator,2026-10-02 13:00
GEO,GSE243022,CAF spatial heterogeneity and EMILIN1 in breast cancer,Visium,Visium,Breast,Breast cancer,ready,ready,4,4,8,0,0,0.037,https://www.ncbi.nlm.nih.gov/geo/query/acc.cgi?acc=GSE243022,PMID 38505604,,[],curator,2026-10-02 13:06
GEO,GSE243168,"High resolution mapping of the tumor microenvironment using integrated single-cell, spatial and in situ analysis [Xenium]",Xenium,Xenium,Breast,Breast cancer,ready,ready,3,3,6,0,0,0.049,https://www.ncbi.nlm.nih.gov/geo/query/acc.cgi?acc=GSE243168,PMID 38114474,Matrix/coords are members inside per-sample outs.zip (7-9 GB each); extracted via zipmember.,[],curator,2026-10-02 13:12
GEO,GSE243179,Clonal proliferation of smooth muscle cell in human atherosclerosis,Visium,Visium,Coronary artery,Atherosclerosis (plaque erosion),ready,ready,2,2,6,0,0,0.002,,PMID 37881937,,[],curator,2026-10-02 13:10
GEO,GSE243275,"High resolution mapping of the tumor microenvironment using integrated single-cell, spatial and in situ analysis [scRNA-seq and Visium]",Visium,Visium CytAssist (FFPE),Breast,Breast cancer,ready,ready,1,1,2,0,0,0.065,,PMID 38114474,"Series also has 3 non-spatial scRNA-seq samples (GSM7782696-98: 3', 5', Flex), excluded. Xenium data not in this GEO series.",[],curator,2026-10-02 13:12
GEO,GSE243280,"High resolution mapping of the tumor microenvironment using integrated single-cell, spatial and in situ analysis",Visium,Xenium + Visium CytAssist,Breast,Breast cancer,ready,ready,4,0,0,0,3,0.0,https://www.ncbi.nlm.nih.gov/geo/query/acc.cgi?acc=GSE243280,PMID 38114474,"Xenium samples (3) only as outs.zip bundles (contain cell_feature_matrix and cells). Series also has non-spatial scRNA (GSM7782696/697) and Flex (GSM7782698) samples, excluded.",[],curator,2026-10-02 13:12
GEO,GSE243291,Spatial transcriptomics reveal signatures of histopathological changes in muscular sarcoidosis,Visium,Visium,skeletal muscle,muscular sarcoidosis,ready,ready,2,2,10,0,0,0.07,,PMID 38067175,,[],curator,2026-10-02 13:10
GEO,GSE243981,Single-cell and spatial transcriptomics characterisation of the immunological landscape in the healthy and PSC human liver,Visium,Visium,Liver,Primary sclerosing cholangitis (PSC) and healthy control,ready,ready,8,0,0,0,0,0.0,https://www.ncbi.nlm.nih.gov/geo/query/acc.cgi?acc=GSE243981,PMID:38199298,"SuperSeries with 53 GSMs; only 8 are Visium (C73 A1-D1 healthy, PSC011 A1-D1 PSC). The rest are scRNA/snRNA-seq and are excluded. Filtered mtx, barcodes and features are given per sample, plus tissue_positions and scalefactors. Raw h5 and molecule_info are not included.",[],curator,2026-10-02 13:17
GEO,GSE244084,In situ spatial reconstruction of distinct normal and pathological cell populations within the human adrenal gland,Visium,Visium,adrenal gland,normal / aldosterone-producing micronodules,ready,ready,5,5,5,0,0,0.062,,PMID 37953901,Matrix is a single aggregated (aggr) matrix across 4 samples at series level (barcode suffix -1..-4 likely denotes sample). Per-sample spatial tar.gz (tissue positions/scalefactors) as bundles.,[],curator,2026-10-02 13:11
GEO,GSE244398,Spatial transcriptomics reveals heterogeneity of odontogenic keratocysts,Visium,Visium,odontogenic keratocyst (jaw),Odontogenic keratocyst,ready,ready,2,2,10,0,0,0.023,https://www.ncbi.nlm.nih.gov/geo/query/acc.cgi?acc=GSE244398,,,[],curator,2026-10-02 13:24
GEO,GSE245620,Single-cell and spatial transcriptomics characterisation of the immunological landscape in the healthy and PSC human liver,Visium,Visium,liver,primary sclerosing cholangitis,ready,ready,4,4,20,0,0,0.153,,PMID 38199298,,[],curator,2026-10-02 13:09
GEO,GSE245908,Identification of TREM1+CD163+ myeloid cells as a deleterious immune subset in HCC [Spatial Transcriptomics],Visium,Visium,Liver,Hepatocellular carcinoma,ready,ready,2,2,6,0,0,0.03,,PMID:38350444,,[],curator,2026-10-02 13:08
GEO,GSE246011,METI: Deep profiling of tumor ecosystems by integrating cell morphology and spatial transcriptomics,Visium,Visium,"gastric, bladder, lung","gastric cancer, bladder cancer, lung adenocarcinoma",ready,ready,7,7,13,0,0,0.12,https://www.ncbi.nlm.nih.gov/geo/query/acc.cgi?acc=GSE246011,PMID 39181865,LUAD-14C (GSM8775962) has count and metadata but no separate spot coordinates file; the Metadata csv may hold coordinates. Other files are Metadata csv and TIFF images.,[],curator,2026-10-02 13:05
GEO,GSE246518,Spatial transcriptomics sequencing profiles of human breast tissue,Visium,Visium,Breast,BRCA2 mutation carriers and normal,ready,ready,11,11,22,0,0,0.06,,PMID 38216737,,[],curator,2026-10-02 13:10
GEO,GSE248082,Spatial deconvolution of tertiary lymphoid structure in human IPF lungs revealed novel CCL19-expressing mural cells,Visium,Visium,Lung,Idiopathic pulmonary fibrosis (plus normal controls),ready,ready,17,17,51,0,0,0.266,https://www.ncbi.nlm.nih.gov/geo/query/acc.cgi?acc=GSE248082,PMID 39978854,12 IPF + 5 normal donors. Each sample also has mtx/barcodes/features files.,[],curator,2026-10-02 13:01
GEO,GSE249899,Characterizing preeclamptic developmental lung injury pathways through human placental spatial transcriptomics,Visium,Visium,placenta,preeclampsia,ready,ready,2,2,4,0,0,0.046,https://www.ncbi.nlm.nih.gov/geo/query/acc.cgi?acc=GSE249899,,"Only the filtered h5 and scalefactors json are provided per sample. No tissue_positions file was listed, so spot coordinates may be missing or only in the RAW.tar. Check the RAW.tar and the JPGs.","[""https://ftp.ncbi.nlm.nih.gov/geo/series/GSE249nnn/GSE249899/suppl/GSE249899_RAW.tar""]",curator,2026-10-02 12:59
GEO,GSE249965,Spatial transcriptomics of primary human hepatoblastomas,Visium,Visium,liver,hepatoblastoma,ready,ready,3,3,15,0,0,0.079,https://www.ncbi.nlm.nih.gov/geo/query/acc.cgi?acc=GSE249965,PMID 39567523,Includes 2 hepatoblastoma samples and 1 paired normal liver. Spatial enrichment CSVs also available per sample.,[],curator,2026-10-02 13:02
GEO,GSE250138,Immune profiling-based targeting of pathogenic T cells with ustekinumab in ANCA-associated glomerulonephritis,Visium,Visium,kidney,ANCA-associated glomerulonephritis,ready,ready,23,23,115,0,0,0.207,https://www.ncbi.nlm.nih.gov/geo/query/acc.cgi?acc=GSE250138,PMID 39300109,"Series also includes processed h5ad (merged samples, may include single-cell data). Per-sample files are 10x mtx + tissue_positions.","[""https://ftp.ncbi.nlm.nih.gov/geo/series/GSE250nnn/GSE250138/suppl/GSE250138_anca_and_ctrl_samples_processed.h5ad"", ""https://ftp.ncbi.nlm.nih.gov/geo/series/GSE250nnn/GSE250138/suppl/GSE250138_anca_samples_processed.h5ad""]",curator,2026-10-02 13:05
GEO,GSE250163,Role of copper in progression of clear cell renal cell carcinoma [Spatial transcriptomics],Visium,Visium,kidney,clear cell renal cell carcinoma,ready,ready,5,5,15,0,0,0.065,https://www.ncbi.nlm.nih.gov/geo/query/acc.cgi?acc=GSE250163,PMID 39476412,,[],curator,2026-10-02 13:01
GEO,GSE250385,Spatial transcriptomics reveals functional compartmentalization of the lung tissue of OP patient,Visium,Visium CytAssist,lung,organizing pneumonia,ready,bundle_only,1,1,3,3,1,0.079,https://www.ncbi.nlm.nih.gov/geo/query/acc.cgi?acc=GSE250385,,"Per-sample mtx/barcodes/features are also on GEO (GSM7978181) but coordinates are only presumably within the RAW tar (suppfile types MTX, TIFF, TSV). Not verified.",[],curator,2026-10-02 12:44
GEO,GSE250521,A Spatially Resolved Transcriptome Landscape during Thyroid Cancer Progression,Visium,Visium,Thyroid,"Papillary thyroid cancer, locally advanced PTC, anaplastic thyroid carcinoma, normal",ready,ready,16,16,80,0,0,0.454,https://www.ncbi.nlm.nih.gov/geo/query/acc.cgi?acc=GSE250521,,"Series also has 9 scRNA-seq samples (sc_*), excluded. 16 Visium samples.",[],curator,2026-10-02 12:59
GEO,GSE250636,Spatial transcriptomics of meningeal stroma in melanoma leptomeningeal disease,Visium,Visium,leptomeninges and extracranial melanoma metastases,melanoma leptomeningeal disease,ready,ready,9,9,27,0,0,0.034,,PMID 38866016,,[],curator,2026-10-02 13:05
GEO,GSE251693,Double-negative B cells and DNASE1L3 colocalise with microbiota in gut-associated lymphoid tissue,Visium,Visium,Colon,Healthy,ready,ready,2,2,6,0,0,0.006,https://www.ncbi.nlm.nih.gov/geo/query/acc.cgi?acc=GSE251693,PMID 38744839,,[],curator,2026-10-02 13:07
GEO,GSE252108,Dissecting the intra- and intertumoral heterogeneity of adrenocortical carcinoma by single-cell multi-omics analyses [I],Visium,Visium,adrenal gland,adrenocortical carcinoma (and normal adrenal),ready,bundle_only,7,7,21,21,14,0.208,https://www.ncbi.nlm.nih.gov/geo/query/acc.cgi?acc=GSE252108,,"The series has 4 ACC and 3 normal adrenal Visium samples. Each sample has a spaceranger tar.gz and a *_spatial.tar.gz, both about 2.2 GB. GEO labels the latter as coords, but at that size it probably holds more than coordinates. Merged Seurat rds files (scSpatial.ACC and scSpatial.Normal.adrenal) are listed as series-level files. They may also contain the single-cell data, and I didn't check them.","[""https://ftp.ncbi.nlm.nih.gov/geo/series/GSE252nnn/GSE252108/suppl/GSE252108_scSpatial.ACC.seurat.rds.gz"", ""https://ftp.ncbi.nlm.nih.gov/geo/series/GSE252nnn/GSE252108/suppl/GSE252108_scSpatial.Normal.adrenal.seurat.rds.gz""]",curator,2026-10-02 12:44
GEO,GSE252265,Multiparameter imaging reveals clinically relevant cancer cell – stroma interaction dynamics in head and neck cancer,Visium,Visium,head and neck,head and neck squamous cell carcinoma,ready,ready,9,9,10,0,0,0.07,,PMID 39471809,"Matrix and positions are aggregated across the 8 samples at series level (cellranger aggr); the sample is identified by the barcode suffix, which maps through GSE252265_aggregation.csv.gz. Per-sample scalefactors are attached to each sample.",[],curator,2026-10-02 13:01
GEO,GSE252545,Immune-epithelial networks characterise the cellular ecosystem of the small intestine in celiac disease,Visium,Visium,small intestine (duodenum),celiac disease,ready,ready,16,16,64,0,0,0.176,,,"16 Visium samples (4 slides x 4 capture areas). Per-sample files include mtx/barcodes/features and scalefactors only; no tissue_positions file listed in the per-sample files, so spot coordinates may be missing or only in the RAW.tar. The series also has scRNA-seq, which is probably not in these files.","[""https://ftp.ncbi.nlm.nih.gov/geo/series/GSE252nnn/GSE252545/suppl/GSE252545_RAW.tar""]",curator,2026-10-02 12:56
GEO,GSE253199,Cell and Transcriptomic Diversity of Infrapatellar Fat Pad during Knee Osteoarthritis [Spatial Transcriptomics],Visium,Visium,Infrapatellar fat pad,Knee osteoarthritis,ready,ready,12,12,60,0,0,0.153,https://www.ncbi.nlm.nih.gov/geo/query/acc.cgi?acc=GSE253199,PMID 39919907,,[],curator,2026-10-02 13:02
GEO,GSE253850,Human and mouse adrenal glands: species-specific steroidogenic states (Spatial Transcriptomics),Visium,Visium,adrenal gland,healthy,ready,ready,4,4,12,12,0,0.046,https://www.ncbi.nlm.nih.gov/geo/query/acc.cgi?acc=GSE253850,,"Only raw (unfiltered) feature matrices are provided; filter by tissue_positions in_tissue. The series has 4 human Visium samples. Summary mentions VisiumHD and Stereo-seq, but those are not listed here.",[],curator,2026-10-02 12:33
GEO,GSE253852,Human and mouse adrenal glands are characterized by species-specific steroidogenic states and tissue turnover,Visium,Visium; Stereo-seq,adrenal gland,healthy,ready,ready,7,0,0,0,0,0.0,https://www.ncbi.nlm.nih.gov/geo/query/acc.cgi?acc=GSE253852,,Mixed series: scRNA-seq and mouse Visium HD excluded. Human Visium has raw_feature_bc_matrix only (no filtered) plus tissue_positions and scalefactors. Stereo-seq cellbin h5ad has matrix+coords. Seurat RDS tar (241GB) also exists.,[],curator,2026-10-02 12:35
GEO,GSE253975,The spatial landscape of glial pathology and T-cell response in Parkinson's disease substantia nigra [ST],Visium,Visium,substantia nigra,Parkinson's disease,ready,ready,10,10,20,20,0,0.02,,PMID 40759663,Per-sample count txt.gz; json.gz likely Loupe/spatial alignment (image alignment/spot positions) – coordinates not verified. Companion snRNA-seq is a separate series.,[],curator,2026-10-02 12:52
GEO,GSE254364,Mononuclear phagocytes in human colorectal liver metastasis - Visium,Visium,Visium,Liver (colorectal liver metastasis),Colorectal liver metastasis,ready,ready,2,2,10,0,0,0.065,,PMID 36652202,,[],curator,2026-10-02 13:09
GEO,GSE260926,scMultiome-seq and single-cell spatial HD data for the developing human knee,Visium HD,Visium HD,fetal knee (distal femur),,ready,ready,1,1,3,3,0,0.09,,PMID 41520766,Only GSM8993724 is spatial (Visium HD). Other GSMs are non-spatial scMultiome and are excluded.,[],curator,2026-10-02 12:47
GEO,GSE261545,Histopathological-based analysis of human kidney spatial transcriptomics data: toward precision pathology,Visium,Visium,Kidney,Diabetic kidney disease,ready,ready,1,1,3,0,0,0.018,,PMID 39097165,,[],curator,2026-10-02 13:03
GEO,GSE261958,Hepatoblastoma spatial transcriptomics (Wnt-MDK),Visium,Visium,Liver,Hepatoblastoma,ready,ready,22,22,110,0,0,0.728,https://www.ncbi.nlm.nih.gov/geo/query/acc.cgi?acc=GSE261958,PMID 39900120,,[],curator,2026-10-02 13:00
GEO,GSE262162,Treatment of cholangiocarcinoma using humanized monoclonal antibodies targeting Claudin-1 (CCA patient tissues),CosMx,CosMx,bile duct / liver,cholangiocarcinoma,ready,ready,2,2,6,0,0,0.02,,PMID 42234772,Series also has scRNA-seq Seurat object (non-spatial) and tx files/polygons (out of scope).,"[""https://ftp.ncbi.nlm.nih.gov/geo/series/GSE262nnn/GSE262162/suppl/GSE262162_seurat_object.Rds.gz""]",curator,2026-10-02 13:47
GEO,GSE262998,Spatial Transcriptomics identifies Prosaposin (PSAP) as a Novel Therapeutic Vulnerability in Pulmonary Sarcoidosis,Visium,Visium,Lung,Pulmonary sarcoidosis,ready,ready,4,4,12,12,0,0.018,https://www.ncbi.nlm.nih.gov/geo/query/acc.cgi?acc=GSE262998,,"Series also mentions mouse model (scRNA-seq/ST), but the 4 listed GSMs are human lung (3 sarcoid, 1 healthy) Visium.",[],curator,2026-10-02 12:35
GEO,GSE263196,Spatial transcriptomic sequencing data of human small cell lung cancer,Visium,Visium,lung,small cell lung cancer,ready,ready,5,5,25,25,0,0.228,,,,[],curator,2026-10-02 12:36
GEO,GSE263298,Controlled human infection model of sand fly-transmitted cutaneous leishmaniasis (Visium),Visium,Visium,skin (lesion and adjacent),cutaneous leishmaniasis,ready,ready,12,12,36,0,0,0.096,,PMID 39095597,,[],curator,2026-10-02 13:06
GEO,GSE263523,Single-cell multiomics profiling reveals heterogeneous transcriptional programs and microenvironment in DSRCT,Visium,Visium,Desmoplastic small round cell tumor (patient tumor sites),Desmoplastic Small Round Cell Tumor,ready,ready,6,0,0,0,0,0.0,https://www.ncbi.nlm.nih.gov/geo/query/acc.cgi?acc=GSE263523,PMID 38781959; 40088092,"SuperSeries mixing scRNA-seq, snMultiome, ChIP-seq, ATAC, bulk RNA-seq; only the 6 Visium GSMs (GSM8279107-112) are included. Coords are tissue_positions_list.csv.gz plus scalefactors.",[],curator,2026-10-02 13:12
GEO,GSE263617,Deciphering spatial domains from spatial multi-omics with SpatialGlue,Visium,Spatial CITE-seq (Visium-based RNA + protein),"Tonsil, lymph node",normal / reactive,ready,ready,8,8,20,0,0,1.241,,PMID 38907114,"8 GSMs: 4 RNA (A1/D1 LN, tonsil) and 4 matching protein (ADT) samples. RNA has mtx+features+tissue_positions plus h5ad; protein only h5ad.",[],curator,2026-10-02 13:05
GEO,GSE263920,Spatial Transcriptomics of Recurrent and Non-Recurrent High-Grade Serous Ovarian Cancer,Visium,Visium,Ovary,High-grade serous ovarian cancer,ready,ready,8,8,24,0,0,0.121,,PMID:39135097,,[],curator,2026-10-02 13:07
GEO,GSE264331,Type 2 Diabetes Specific Spatial Differential Gene Expression in Pancreas Visium Data,Visium,Visium,Pancreas,Type 2 diabetes / healthy,ready,ready,16,16,48,0,0,0.182,,PMID 40890166,Only raw_feature_bc_matrix h5 provided (no filtered); tissue_positions indicate in-tissue spots.,[],curator,2026-10-02 13:03
GEO,GSE264398,Early human fetal lung atlas reveals the temporal dynamics of epithelial cell plasticity [Visium],Visium,Visium,fetal lung (FFPE),healthy,ready,ready,2,2,10,0,0,0.176,,PMID 39003323,,[],curator,2026-10-02 13:05
GEO,GSE264692,Integrated snRNA-seq and spatial transcriptomics atlas of the human hippocampus (Visium),Visium,Visium,hippocampus,neurotypical (healthy),ready,ready,12,12,212,0,0,0.934,https://www.ncbi.nlm.nih.gov/geo/query/acc.cgi?acc=GSE264692,,12 GSMs (donor-level); each GSM contains multiple Visium capture areas (A1-D1) as separate mtx sets. Raw tar also available: GSE264692_RAW.tar.,[],curator,2026-10-02 13:07
GEO,GSE266244,Repurposing Large-Format Microarrays for Scalable Spatial Transcriptomics (Array-seq),Other,Array-seq (microarray-based ST),Spleen,,ready,ready,1,1,4,0,0,4.503,,PMID 39562752,Mixed species series; only GSM8243017 (human spleen) kept. Other samples are mouse. Barcode mapping at series level (GSE266244_ArraySeq_Barcode_Mapping_n12.csv.gz) may give coordinates.,"[""https://ftp.ncbi.nlm.nih.gov/geo/series/GSE266nnn/GSE266244/suppl/GSE266244_ArraySeq_Barcode_Mapping_n12.csv.gz""]",curator,2026-10-02 13:01
GEO,GSE266604,Spatial transcriptome analysis for placental tissue of preeclampsia,Visium,Visium FFPE,placenta,preeclampsia,ready,ready,2,2,10,10,0,0.317,https://www.ncbi.nlm.nih.gov/geo/query/acc.cgi?acc=GSE266604,PMID 41604492,,[],curator,2026-10-02 12:47
GEO,GSE267401,Spatial transcriptomics of colorectal cancer tissues,Visium,Visium CytAssist,colorectum (primary and metastasis),colorectal cancer,ready,ready,4,4,20,0,0,0.326,,PMID 39499374,,[],curator,2026-10-02 13:05
GEO,GSE267806,DSRCT Visium spatial transcriptomics,Visium,Visium,Desmoplastic small round cell tumor,Desmoplastic Small Round Cell Tumor,ready,ready,6,6,30,0,0,0.231,https://www.ncbi.nlm.nih.gov/geo/query/acc.cgi?acc=GSE267806,PMID 38781959,,[],curator,2026-10-02 13:05
GEO,GSE268014,Spatial transcriptomic analysis of tumor heterogeneity in HPV+ and HPV- HNSCC,Visium HD,Visium (plus 2 Visium HD),Head and neck,Head and neck squamous cell carcinoma,ready,ready,28,28,140,140,0,1.782,https://www.ncbi.nlm.nih.gov/geo/query/acc.cgi?acc=GSE268014,PMID 42601456,"Series includes 12 scRNA-seq libraries (GSM8693xxx) excluded. Some Visium samples lack tissue_positions files in the listing (25 of 36 have coords per patterns summary). 2 samples are Visium HD (GSM9701483, GSM9701484).",[],curator,2026-10-02 12:31
GEO,GSE268427,snPATHO-seq: FFPE snRNA profiling [Visium],Visium,Visium,breast cancer (primary and liver metastasis),breast cancer,ready,ready,3,3,9,0,0,0.075,,PMID 39414943,,[],curator,2026-10-02 13:01
GEO,GSE268523,Spatial transcriptomics of human ovary in classic galactosemia,Visium,Visium,Ovary,Classic galactosemia / primary ovarian insufficiency,ready,ready,6,6,18,0,0,0.088,https://www.ncbi.nlm.nih.gov/geo/query/acc.cgi?acc=GSE268523,PMID 39440457,,[],curator,2026-10-02 12:58
GEO,GSE269379,CXCL16/CXCR6 axis in ICANS after CAR T therapy (Visium HD of postmortem brain),Visium HD,Visium HD,brain (choroid plexus and parenchyma),ICANS after CAR T-cell therapy,ready,ready,1,1,5,0,0,0.074,,PMID 40588764,"Only GSM8968967 is spatial (Visium HD). Other 9 GSMs are CSF scRNA-seq, excluded.",[],curator,2026-10-02 12:56
GEO,GSE269695,Patient-derived lymphomoids preserve the tumor architecture (Spatial Transcriptomics),Visium,Visium,lymph node / lymphoma,diffuse large B-cell lymphoma,ready,ready,5,5,10,0,0,0.045,https://www.ncbi.nlm.nih.gov/geo/query/acc.cgi?acc=GSE269695,PMID 39653701,"Series also has a scRNA reference h5ad (non-spatial), not included. Spatial coords are in the spaceranger_spatial tar.gz.",[],curator,2026-10-02 13:00
GEO,GSE269875,Spatial transcriptomics in Multiple Myeloma bone marrow (human hMM/hHBM samples),Visium,Visium,bone marrow,Multiple myeloma,ready,ready,9,9,45,0,0,0.025,https://www.ncbi.nlm.nih.gov/geo/query/acc.cgi?acc=GSE269875,PMID 41954292,"Mixed series: mouse samples (MM1-4, YFP1-2) excluded; human = hMM1-6 and hHBM1-3 (9 samples). Some samples use tissue_positions_list.csv.gz naming.",[],curator,2026-10-02 12:55
GEO,GSE271150,Spatial mapping reveals erythroid niches in human during development and stress,Visium,Visium,bone marrow; fetal liver,,ready,ready,15,15,75,0,0,0.128,https://www.ncbi.nlm.nih.gov/geo/query/acc.cgi?acc=GSE271150,PMID 42393220,,[],curator,2026-10-02 13:53
GEO,GSE271370,Spatial transcriptomics unveils the in situ cellular and molecular hallmarks of the lung in fatal COVID-19,Visium,Visium,Lung (post-mortem),COVID-19 (acute/proliferative diffuse alveolar damage) and control,ready,ready,23,23,115,115,0,0.686,https://www.ncbi.nlm.nih.gov/geo/query/acc.cgi?acc=GSE271370,,,[],curator,2026-10-02 12:27
GEO,GSE271422,spatialGE web application (Visium brain sections),Visium,Visium,Brain,,ready,ready,3,3,9,0,0,0.012,,PMID 39636739,Only 3 Visium brain GSMs listed on GEO (melanoma/CosMx data not in this series' samples). Raw matrices and mtx versions also available.,[],curator,2026-10-02 13:00
GEO,GSE271824,High resolution mapping of erythroid niches in human using subcellular spatial transcriptomics,Xenium,Xenium,bone marrow; fetal liver,"MDS (one sample), normal bone marrow, fetal liver (development)",ready,ready,3,3,12,0,0,0.082,,PMID 42393220,3 Xenium samples. Per-sample full output tar.gz bundles and transcripts tables are also available (not selected).,[],curator,2026-10-02 13:52
GEO,GSE272421,Stereo-seq of Unicentric Castleman Disease lymph node,Stereo-seq,Stereo-seq,lymph node,Unicentric Castleman Disease,ready,ready,1,1,1,0,0,0.149,https://www.ncbi.nlm.nih.gov/geo/query/acc.cgi?acc=GSE272421,,,[],curator,2026-10-02 13:37
GEO,GSE272833,Spatial transcriptome analysis for squamous cell carcinoma arising from mature teratoma,Visium,Visium,ovary (mature teratoma),squamous cell carcinoma arising from mature teratoma,ready,ready,4,4,20,0,0,0.077,https://www.ncbi.nlm.nih.gov/geo/query/acc.cgi?acc=GSE272833,PMID 39948701,,[],curator,2026-10-02 12:57
GEO,GSE273378,Vascular invasion-associated gene expression in stage I lung adenocarcinoma [Spatial Transcriptomics],Visium,Visium,Lung,Lung adenocarcinoma (stage I),ready,ready,16,16,80,80,0,0.558,,PMID 41876493,"Per-sample mtx, tissue positions and scalefactors. Pathology annotation csv also available (not recorded). The series also has bulk RNA-seq, which is not part of this record.",[],curator,2026-10-02 12:43
GEO,GSE273432,The roles of glioma-associated macrophages/microglia in human GBM,Visium,Visium,brain,glioblastoma,ready,ready,4,4,20,0,0,0.342,,PMID 39921277,,[],curator,2026-10-02 12:56
GEO,GSE273952,GABA promotes resistance to immunotherapy of patients with TLS-positive tumors [Spatial Transcriptomics],Visium,Visium,kidney (ccRCC tumor),clear cell renal cell carcinoma,ready,ready,19,19,57,0,0,0.275,https://www.ncbi.nlm.nih.gov/geo/query/acc.cgi?acc=GSE273952,,Series also includes mouse/STS non-spatial parts in other series; this one is human Visium only. TLS and tumoral zone annotation CSVs available per sample.,[],curator,2026-10-02 13:39
GEO,GSE274051,Spatial transcriptomics of HIV-associated non-Hodgkin lymphomas by EBV status and cell of origin,Visium,Visium,lymphoma tissue,"HIV-associated non-Hodgkin lymphoma (DLBCL, BL, etc.)",ready,ready,10,10,50,50,0,1.011,https://www.ncbi.nlm.nih.gov/geo/query/acc.cgi?acc=GSE274051,PMID 41279969,,[],curator,2026-10-02 12:40
GEO,GSE274103,Spatial transcriptomics on treatment-naïve PDAC patients,Visium,Visium (FFPE),pancreas,pancreatic ductal adenocarcinoma,ready,ready,5,5,10,0,0,0.178,https://www.ncbi.nlm.nih.gov/geo/query/acc.cgi?acc=GSE274103,PMID 40154487,,[],curator,2026-10-02 12:58
GEO,GSE274557,Spatial mapping of transcriptomic and lineage plasticity in metastatic pancreatic cancer,Visium,Visium,"Pancreas primary tumour, liver/lung/peritoneal metastases, PDX",Metastatic pancreatic cancer,ready,ready,57,57,114,0,0,1.292,,PMID 40269162,"57 GSMs; 2 are PDX (Pt-10_PDX, Pt-13_PDX), likely human tumour grown in mouse, so may contain mouse reads. Spatial coordinates are in per-sample spatial.tar.gz files.",[],curator,2026-10-02 13:01
GEO,GSE274572,Thrombin receptor-stimulated VSMC transition to fibrous cap-associated state,Visium,Visium,Atherosclerotic plaque (artery),Atherosclerosis,ready,ready,4,4,20,20,0,0.038,https://www.ncbi.nlm.nih.gov/geo/query/acc.cgi?acc=GSE274572,,Mixed series: 4 human Visium sections (A-D) kept; 2 mouse scRNA-seq samples (non-spatial) excluded.,[],curator,2026-10-02 12:52
GEO,GSE274657,Spatial transcriptomics for platinum-resistant high-grade serous ovarian carcinoma,Visium,Visium,Ovary,High-grade serous ovarian carcinoma,ready,ready,4,4,20,20,0,0.213,https://www.ncbi.nlm.nih.gov/geo/query/acc.cgi?acc=GSE274657,PMID 40883550,,[],curator,2026-10-02 12:50
GEO,GSE274665,Differential Activity of MAPK signalling Defines Fibroblast Subtypes in Pancreatic Cancer (Spatial Transcriptomics),Visium,Visium,Pancreas,Pancreatic ductal adenocarcinoma,ready,ready,4,4,20,0,0,0.164,https://www.ncbi.nlm.nih.gov/geo/query/acc.cgi?acc=GSE274665,PMID 39627211,,[],curator,2026-10-02 12:59
GEO,GSE275144,Creeping fat-derived mechanosensitive fibroblasts drive intestinal fibrosis in Crohn's disease strictures [Visium],Visium,Visium,Intestine (bowel wall stricture with creeping fat),Crohn's disease,ready,ready,2,2,10,10,0,0.019,https://www.ncbi.nlm.nih.gov/geo/query/acc.cgi?acc=GSE275144,PMID 40967215,,[],curator,2026-10-02 12:50
GEO,GSE276542,Spatial transcriptomics characterization of ecosystems in the immune tumor microenvironment of DLBCL,Visium,Visium,lymph node / tonsil / DLBCL biopsy,Diffuse large B-cell lymphoma,ready,ready,9,9,45,45,0,0.631,https://www.ncbi.nlm.nih.gov/geo/query/acc.cgi?acc=GSE276542,PMID 42010788,"9 GSMs listed (summary says 10 samples). 5 DLBCL, 2 LN, 2 tonsil controls. Per-sample mtx + tissue positions.",[],curator,2026-10-02 12:35
GEO,GSE277116,Neoadjuvant immunotherapy promotes mature TLS in remodeled pancreatic TME,Visium,Visium,pancreas (PDAC tumor and lymph node),pancreatic ductal adenocarcinoma,ready,bundle_only,28,28,140,140,28,0.484,https://www.ncbi.nlm.nih.gov/geo/query/acc.cgi?acc=GSE277116,PMID 40815230,Per-sample tar.gz archives (28 GSMs); contents not unpacked. Series also has RAW.tar and CODA annotations. Imaging mass cytometry is also part of the study.,[],curator,2026-10-02 12:52
GEO,GSE277153,KSHV-infected endothelial cells expand and up-regulate angiogenic pathways and CXCR4 in patient-derived Kaposi sarcoma models,Visium,Visium,skin (Kaposi sarcoma biopsy and PDX),Kaposi sarcoma,ready,ready,4,4,16,0,0,0.036,,PMID 42384773,PDX samples are human tissue grown in mice; may contain mouse reads. Coordinates file is barcodes_coordination.tsv.gz; json is the scalefactors/image alignment file.,[],curator,2026-10-02 13:40
GEO,GSE277348,Spatiotemporal resolving Crohn's disease fibrosis,Visium,Visium,intestine,Crohn's disease,ready,bundle_only,3,2,4,4,1,0.107,,PMID 40680170,Per-sample filtered h5 matrices are available; no tissue_positions listed. RAW.tar may contain spatial files (unverified).,[],curator,2026-10-02 12:49
GEO,GSE277387,Single-Cell and Spatial Multi-omics Reveal Interferon Signaling in Perianal Fistulizing Crohn's Disease,Visium,Visium,perianal fistula tract,Perianal fistulizing Crohn's disease / idiopathic perianal fistula,ready,bundle_only,6,6,18,18,6,0.097,,PMID 40608410,Series also has 15 scRNA-seq samples (excluded). 6 ST samples as per-sample tar.gz bundles (contents not inspected).,[],curator,2026-10-02 12:55
GEO,GSE277435,Inflammation-induced senescent-like glia rewire cellular networks in multiple sclerosis [Spatial],Visium,Visium,brain (MS lesions),multiple sclerosis,ready,ready,12,12,60,60,0,0.051,,PMID 41006208,,[],curator,2026-10-02 12:52
GEO,GSE277783,Spatial mapping of transcriptomic and lineage plasticity in metastatic pancreatic cancer,Visium,"Visium (plus CosMx, no files)",Pancreas / liver metastasis,"Pancreatic ductal adenocarcinoma, metastatic",ready,ready,57,0,0,0,0,0.0,,PMID 40269162,"57 Visium samples with filtered h5 + spatial.tar.gz. 7 CosMx slides (GSM8529618-24) have no supplementary files on GEO. 2 PDX samples (Pt-10, Pt-13) may contain mouse reads. Raw bundle: GSE277783_RAW.tar.",[],curator,2026-10-02 13:02
GEO,GSE278614,Single-Cell Spatial Mapping of Human Kidney Development [CosMx],CosMx,CosMx,fetal kidney,normal (development),ready,ready,3,3,3,0,0,1.314,,PMID 42533102,,[],curator,2026-10-02 13:56
GEO,GSE278621,Spatial transcriptome profile of liver tissue from a patient with MASLD,Visium,Visium,liver,MASLD,ready,ready,1,1,5,5,0,0.01,,PMID 42329773,,[],curator,2026-10-02 12:27
GEO,GSE278662,Visium spatial transcriptomics and proteomics identifies novel hepatic cell populations and transcriptomic signatures of alcohol-associated hepatitis,Visium,"Visium (CytAssist, FFPE)",Liver,Alcohol-associated hepatitis,ready,ready,4,4,20,0,0,0.14,https://www.ncbi.nlm.nih.gov/geo/query/acc.cgi?acc=GSE278662,PMID 39592394,"Files are series-level, one set per donor (N123, N126, Sah73, Sah80); 2 AH + 2 non-ALD controls. 8 GSMs include Gene and Protein entries without separate files. Matrices are mtx/barcodes/features (filtered); raw h5 also available.",[],curator,2026-10-02 13:00
GEO,GSE278848,Visium Spatial Transcriptomics of the Human Hypothalamus,Visium,Visium,Hypothalamus,healthy,ready,ready,10,10,10,0,0,0.392,,PMID 39910307,Coords are in a series-level tar.gz of tissue_positions lists (shared across the 9 samples).,[],curator,2026-10-02 12:59
GEO,GSE278936,Single cell and spatial transcriptomics highlight the interaction of club-like cells with immunosuppressive myeloid cells in prostate cancer,Visium,Visium,Prostate,Prostate cancer / BPH,ready,ready,52,52,260,0,0,1.378,,PMID 39550375,"52 Visium samples (BPH 4, treatment-naive 17, neoadjuvant 22, CRPC 5, metastatic 4). Series title mentions scRNA-seq but the GEO samples are all spatial.",[],curator,2026-10-02 13:04
GEO,GSE279405,Spatial transcriptomical analysis of livers from patients with COVID19,Visium,Visium,Liver,COVID-19,ready,ready,3,3,15,0,0,0.13,,PMID 39709771,,[],curator,2026-10-02 13:01
GEO,GSE279576,Integrative Spatial Multi-Omics Reveal Niche-Specific Inflammatory Signaling and Differentiation Hierarchies in AML,Visium,Visium,Bone marrow and extramedullary tissue,Acute myeloid leukemia,ready,ready,6,6,12,12,0,0.166,,PMID 41536977,"GeoMx and Opal validation are mentioned in the summary, but only Visium files are listed. Coordinates are in the per-sample spatial.tar.gz archives.",[],curator,2026-10-02 12:47
GEO,GSE280313,Immune cell populations in colorectal cancer TME using Visium HD,Visium HD,Visium HD,Colon,Colorectal cancer,ready,ready,3,3,9,0,0,0.072,https://www.ncbi.nlm.nih.gov/geo/query/acc.cgi?acc=GSE280313,PMID 40473992,"3 samples: 1 CRC, 2 normal adjacent. Single files are at bin-level positions as provided by GEO.",[],curator,2026-10-02 12:57
GEO,GSE280315,Immune cell populations in the CRC tumor microenvironment using Visium HD,Visium HD,Visium HD,Colon,Colorectal cancer,ready,ready,5,5,15,0,0,0.902,https://www.ncbi.nlm.nih.gov/geo/query/acc.cgi?acc=GSE280315,PMID 40473992,"Files are per-sample on GEO. Metadata parquet is also available for the CRC samples (cell annotations). Visium HD binned data, with the filtered matrix and tissue positions given at a single bin resolution.",[],curator,2026-10-02 12:57
GEO,GSE280316,Spatially-resolved molecular sex differences at single cell resolution in the adult human hypothalamus,Visium,Visium,"Hypothalamus (VMH/ARC), postmortem",,ready,ready,10,10,50,0,0,0.426,https://www.ncbi.nlm.nih.gov/geo/query/acc.cgi?acc=GSE280316,,Summary mentions Xenium but only Visium files are listed in GEO (10 samples). Raw tar available as series supplement.,"[""https://ftp.ncbi.nlm.nih.gov/geo/series/GSE280nnn/GSE280316/suppl/GSE280316_RAW.tar""]",curator,2026-10-02 13:00
GEO,GSE280460,Spatially-resolved molecular sex differences at single cell resolution in the adult human hypothalamus [Xenium],Xenium,Xenium,"Hypothalamus (VMH/ARC), postmortem",healthy,ready,ready,13,13,26,0,13,0.11,https://www.ncbi.nlm.nih.gov/geo/query/acc.cgi?acc=GSE280460,,"No cells.csv.gz. Coordinates are assumed to be in the per-sample singlesampMetadataGEO.txt.gz files, which I did not open to check. The full Xenium output is in the per-sample reseg_wnuclei.tar.gz bundles (large, 9–18 GB). Transcripts and boundaries CSVs are also available. The series also has a Visium companion series, which is not covered here.",[],curator,2026-10-02 13:00
GEO,GSE280570,Temporal cortex cell atlas during human brain maturation [Spatial Transcriptomics],Visium,Visium,temporal cortex,,ready,ready,1,1,1,0,0,0.861,,PMID 39567748,"One combined h5ad for all 4 sections (2 donors x 2 sections). GSE280570_RAW.tar probably holds images (TIFF), not checked.",[],curator,2026-10-02 13:00
GEO,GSE280990,Spatial Analysis of a Complete DIPG-Infiltrated Brainstem,Visium,Visium,"Brainstem (midbrain, pons, medulla, spinal cord)",Diffuse intrinsic pontine glioma (DIPG),ready,ready,10,10,30,0,0,0.201,,PMID 39972389,,[],curator,2026-10-02 13:01
GEO,GSE281317,single-cell multiomics data for the developing human pelvic girdle [spatial],Visium,Visium,developing pelvic girdle (ilium),none (development),ready,ready,28,28,140,0,0,0.385,https://www.ncbi.nlm.nih.gov/geo/query/acc.cgi?acc=GSE281317,PMID 40866708,Series also has a combined RAW.tar. GSM8618670 positions file is named tissue_position.csv.gz (singular). Spatial_enrichment CSVs not included.,[],curator,2026-10-02 12:56
GEO,GSE281759,Multi-region spatial transcriptome analysis of HCC recurrence after surgical resection,Visium,Visium,Liver,Hepatocellular carcinoma,ready,ready,17,17,85,85,0,0.347,https://www.ncbi.nlm.nih.gov/geo/query/acc.cgi?acc=GSE281759,PMID 41950768,17 Visium sections from 4 patients; bulk RNA-seq also mentioned in the paper but not part of these files. Images not provided as separate files.,[],curator,2026-10-02 12:53
GEO,GSE281796,A blueprint for local and distal glioblastoma invasion programs,Visium,Visium,Brain (orthotopic PDX in mouse),Glioblastoma,ready,ready,2,2,6,6,0,0.016,,PMID 41844611,"Only 2 of 23 GSMs are Visium (GS143 primary and invasion, GSM8630048/49). The rest are scRNA-seq of PDX models. Samples are human glioma xenografts in mouse brain, so reads may be mixed species. A multiplex imaging metadata file is also in the series.",[],curator,2026-10-02 12:47
GEO,GSE281978,Head and neck cancer microenvironment: HPV-associated differences (spatial transcriptomics),Visium,Visium,head and neck (primary tumor and lymph node metastasis),HNSCC,ready,ready,6,6,18,0,0,0.047,,PMID 38235919,,[],curator,2026-10-02 13:00
GEO,GSE282057,GPNMB as a viable CAR Target for MITF fusion-driven cancers: GCAR1 Trial,Visium,Visium,lung biopsy / primary tumour (ASPS); PDX xenograft,Alveolar soft part sarcoma,ready,ready,4,4,20,20,0,0.239,https://www.ncbi.nlm.nih.gov/geo/query/acc.cgi?acc=GSE282057,,"Series is tagged human+mouse. The xenograft sample (GSM8634989) is a PDX and may contain mouse host reads. Samples: 2 biopsy, 1 primary, 1 xenograft. Data are in 10x-style mtx and tissue_positions parquet.",[],curator,2026-10-02 12:36
GEO,GSE282124,Single-cell spatial transcriptomics of FFPE biopsies reveals colitis-associated cell networks [Merscope],MERFISH,MERSCOPE,colon,ulcerative colitis,ready,ready,1,1,2,0,0,0.03,,PMID 42262875,,[],curator,2026-10-02 13:50
GEO,GSE282302,In situ multi-modal characterization of pancreatic cancer reveals tumor cell identity as a defining factor of the surrounding microenvironment [Spatial Transcriptomics],Visium,Visium,Pancreas,Pancreatic ductal adenocarcinoma,ready,ready,108,108,324,323,0,1.879,,PMID 41533516,108 Visium samples. Raw matrices also available per sample. The paper also includes single-cell spatial data (likely a separate GEO series).,"[""https://ftp.ncbi.nlm.nih.gov/geo/series/GSE282nnn/GSE282302/suppl/GSE282302_RAW.tar""]",curator,2026-10-02 12:51
GEO,GSE282726,FOXA1 loss drives basal/squamous de-differentiation of prostate cancer and induces an immunosuppressive tumor microenvironment,CosMx,CosMx,prostate,prostate cancer (ADPC/NEPC),ready,ready,1,1,3,3,0,0.016,,PMID 41904157,"SuperSeries with mixed human/mouse. Only the human CosMx sample (GSM8649315) is kept. The Visium samples (GSM8649343-46) and the scRNA samples are mouse models (Pten/Foxa1 KO), so they were excluded. The ChIP samples are mouse and not spatial. I did not open the Visium sample files to confirm species.",[],curator,2026-10-02 12:40
GEO,GSE283052,Spatial transcriptomics of 12 tumor tissues from colorectal cancer,Visium,Visium,colorectal tumor,colorectal cancer,ready,ready,13,13,38,38,0,0.524,,PMID 41537001,Barcodes and features TSVs are shared at series level (apply to all samples). Per-sample mtx plus tissue_positions and scalefactors.,[],curator,2026-10-02 12:48
GEO,GSE283145,Multi-Omic Single-Cell Dissection of Leukemic T-Cell Lymphoma Following CAR T-Cell Therapy [Spatial Transcriptomics],Visium,Visium,Skin; extramedullary disease,Leukemic peripheral T-cell lymphoma after CAR-T therapy (multiple myeloma),ready,ready,3,3,9,0,0,0.021,https://www.ncbi.nlm.nih.gov/geo/query/acc.cgi?acc=GSE283145,,"3 Visium samples; two with custom probes (spike-in), one skin without. Skin C24_13076 appears with and without custom probes.",[],curator,2026-10-02 12:59
GEO,GSE283207,Multiomic analysis uncovers a continuous spectrum of differentiation and Wnt-MDK-driven immune evasion in hepatoblastoma,Visium,Visium,Liver (hepatoblastoma tumor),Hepatoblastoma,ready,ready,22,0,0,0,0,0.0,,PMID 39900120,"SuperSeries mixing snRNA-seq (other H# samples), cell-line bulk RNA-seq (Huh6/HepG2/THP1) and Visium. Only the 22 Visium samples (GSM8155169-178, GSM8657777-788) are selected; those have tissue_positions + scalefactors. Images (hidden) and loupe alignment JSONs exist but are out of scope. Files are in GSE283207_RAW.tar too.",[],curator,2026-10-02 13:07
GEO,GSE283269,Spatial Gene Expression of Human Coronary Arteries Revealed the Molecular Features of Diffuse Intimal Thickening in Explanted Hearts,Visium,Visium,Coronary artery,Diffuse intimal thickening / atherosclerosis (explanted hearts and autopsy),ready,ready,6,6,18,0,0,0.014,,PMID 40076574,,"[""https://ftp.ncbi.nlm.nih.gov/geo/series/GSE283nnn/GSE283269/suppl/GSE283269_RAW.tar""]",curator,2026-10-02 12:58
GEO,GSE283412,Integrated Methylation and Spatial Transcriptomic Profiling of Metaplastic Breast Cancer,Visium,Visium,Breast,Metaplastic breast cancer,ready,ready,8,8,24,24,0,0.057,https://www.ncbi.nlm.nih.gov/geo/query/acc.cgi?acc=GSE283412,PMID 40790295,,[],curator,2026-10-02 12:51
GEO,GSE283945,Spatially Resolved Insights Into Fistulating Crohn's Disease Pathogenesis - Visium,Visium,Visium,intestine,"Crohn's disease (fistulating, inflammatory, strictures) and healthy",ready,bundle_only,36,36,178,178,36,0.977,,PMID 41224999,Per-sample zip archives; contents not inspected.,[],curator,2026-10-02 12:50
GEO,GSE284061,Spatial Transcriptomics of Colorectal Carcinoma Sample with Different Level of Differentiation,Visium,Visium,colon,colorectal carcinoma,ready,ready,1,1,3,0,0,0.015,,,,[],curator,2026-10-02 12:59
GEO,GSE284089,Spatial multi-modal atlas of bone tissue from human femur,Visium,Visium,femur bone / bone marrow,,ready,ready,1,1,3,0,0,0.001,,PMID 39817519,,[],curator,2026-10-02 12:59
GEO,GSE284100,Ovarian cancer MRD after frontline therapy [Spatial Transcriptomics],Visium,Visium,Ovarian/peritoneal,High-grade epithelial ovarian cancer,ready,bundle_only,5,4,24,24,1,0.268,,PMID 40748258,"Per-sample mtx/barcodes/features exist unpacked, but no coordinates file listed; coords likely only in RAW tar (7.1GB, TIFF/TSV) if at all.",[],curator,2026-10-02 12:53
GEO,GSE285246,Spatially resolved atlas of IPF fibroblastic foci identifies that PAK2 kinase activation is involved in fibrogenesis,Visium,Visium,Lung,Idiopathic pulmonary fibrosis,ready,ready,9,9,45,45,0,0.166,,PMID 40675771,9 Visium samples; 3 additional scRNA-seq GSMs (IPF_JKPF*) excluded as non-spatial.,[],curator,2026-10-02 12:52
GEO,GSE285505,Fibroblast-Derived Thrombospondin 2 Shapes the Immune-Exclusionary Environment at Invasive Fronts in Colorectal Cancer [Visium],Visium,Visium,Colon,Colorectal cancer,ready,ready,4,4,12,12,0,0.038,https://www.ncbi.nlm.nih.gov/geo/query/acc.cgi?acc=GSE285505,PMID 41276505,,[],curator,2026-10-02 12:48
GEO,GSE286227,Visium HD of lung from ASS-ILD patient post bilateral lung transplantation and untreated control,Visium HD,Visium HD,lung,anti-synthetase syndrome associated interstitial lung disease,ready,ready,2,2,10,0,0,0.194,https://www.ncbi.nlm.nih.gov/geo/query/acc.cgi?acc=GSE286227,,8um bin resolution only.,[],curator,2026-10-02 12:58
GEO,GSE287278,A spatial transcriptomics dataset of the endometrium from repeated implantation failure patients,Visium,Visium,endometrium,repeated implantation failure,ready,bundle_only,8,8,40,40,8,0.117,,PMID 41162434,Per-sample processed_data.tar.gz archives (contents not listed); 4 CTR + 4 RIF.,[],curator,2026-10-02 12:50
GEO,GSE287459,Modulation of infiltrating CD206-positive macrophages restricts progression of pulmonary LAM,Visium,Visium,Lung,Lymphangioleiomyomatosis,ready,ready,8,8,40,0,0,0.307,https://www.ncbi.nlm.nih.gov/geo/query/acc.cgi?acc=GSE287459,,,[],curator,2026-10-02 12:55
GEO,GSE287472,LUAD spatial transcriptomics,CosMx,CosMx,lung,lung adenocarcinoma,ready,ready,1,1,4,0,0,0.052,https://www.ncbi.nlm.nih.gov/geo/query/acc.cgi?acc=GSE287472,PMID 42358378,,[],curator,2026-10-02 13:39
GEO,GSE288479,Multiomics analysis of lung adenocarcinoma manifesting as radiological part-solid features in female never-smokers,Visium,Visium,lung,lung adenocarcinoma,ready,ready,1,1,4,4,0,0.005,,PMID 40824728,"Series mixes scRNA-seq (37 GSMs, excluded) and one Visium sample (GSM8768597, SMC19). Scalefactors/images not seen in listing.",[],curator,2026-10-02 12:52
GEO,GSE288483,Spatial transcriptomics for high-grade serous ovarian carcinoma treated with Olaparib maintenance therapy,Visium,Visium,Ovary,High-grade serous ovarian carcinoma,ready,ready,8,8,40,40,0,0.346,https://www.ncbi.nlm.nih.gov/geo/query/acc.cgi?acc=GSE288483,PMID 41219363,,[],curator,2026-10-02 12:49
GEO,GSE288607,Spatial transcriptomics of cellular niches in pulmonary granuloma of chronic sarcoidosis patients,Visium,Visium,Lung,Sarcoidosis,ready,ready,9,9,45,45,0,0.329,https://www.ncbi.nlm.nih.gov/geo/query/acc.cgi?acc=GSE288607,,,[],curator,2026-10-02 12:37
GEO,GSE288758,Spatial dynamics of the TME with emerging resistance to targeted therapy in EGFR-mutated NSCLC,Visium HD,Visium HD,lung,EGFR-mutated non-small cell lung cancer,ready,bundle_only,2,2,8,8,2,0.871,,PMID 41152910,"Each slide tar.gz holds two patient samples' Visium HD outputs (slide1: ER, SR; slide2: LR1, LR2). Contents not inspected.",[],curator,2026-10-02 12:46
GEO,GSE288888,Spatial Transcriptomics of Hippocampal Sclerosis vs Normal Hippocampus,Visium,Visium,Hippocampus,Mesial temporal lobe epilepsy with hippocampal sclerosis (and healthy control),ready,ready,2,2,10,0,0,0.048,https://www.ncbi.nlm.nih.gov/geo/query/acc.cgi?acc=GSE288888,,,[],curator,2026-10-02 14:14
GEO,GSE289229,Distinct spatial patterning and transcriptomic landscapes of human neural organoids by localized delivery of morphogens,Visium,Visium,neural organoid,none (organoid),ready,ready,2,2,5,0,0,0.19,,,2 GSMs but 5 Seurat RDS files (multiple timepoints/conditions per GSM). Human iPSC/ESC-derived organoids.,[],curator,2026-10-02 12:57
GEO,GSE289326,CITEgeist: Cellular Indexing of Transcriptomes and Epitopes for Guided Exploration of Intrinsic Spatial Trends,Visium,"Visium (CytAssist, with antibody capture)",Breast,ER+ breast cancer,ready,ready,14,14,42,42,0,0.07,,PMID 41854411,"Matrix includes antibody capture features. Extra files (mtx, molecule_info, isotype factors, spatial enrichment) not selected. Raw tar also available.","[""https://ftp.ncbi.nlm.nih.gov/geo/series/GSE289nnn/GSE289326/suppl/GSE289326_RAW.tar""]",curator,2026-10-02 12:38
GEO,GSE289363,Intratumoral spatiotemporal heterogeneity of HPV status in HPV-associated oropharyngeal squamous cell carcinoma,Visium,Visium,oropharynx,HPV-associated oropharyngeal squamous cell carcinoma,ready,ready,3,3,15,15,0,0.262,https://www.ncbi.nlm.nih.gov/geo/query/acc.cgi?acc=GSE289363,PMID 41943047,,[],curator,2026-10-02 12:33
GEO,GSE289496,Granzyme K CD8+ T cells with tissue-resident features promote intestinal inflammation in Crohn's disease,Visium,Visium; Xenium,Small intestine,Crohn's disease,ready,ready,2,2,9,9,0,0.2,,PMID 42409960,"Series is mostly scRNA-seq (43 samples, excluded). Only 2 spatial samples: GSM8795105 (Visium, CD16 inflamed) and GSM8803514 (Xenium, CD13 inflamed). Xenium transcripts.csv.gz omitted.",[],curator,2026-10-02 12:30
GEO,GSE289745,Cancer-induced nerve injury promotes resistance to anti-PD-1 therapy [Spatial Transcriptomics],Visium,Visium,,"cancer (cSCC, melanoma, etc.; peri-neural invasion)",ready,ready,11,11,55,55,0,0.38,https://www.ncbi.nlm.nih.gov/geo/query/acc.cgi?acc=GSE289745,PMID 40836096,,[],curator,2026-10-02 12:51
GEO,GSE290027,IL-32 producing CD8+ memory T cells and Tregs define the IDO1 / PD-L1 niche in human cutaneous leishmaniasis skin lesions,Visium,Visium,skin,cutaneous leishmaniasis / PKDL,ready,ready,12,12,36,0,0,0.052,,PMID 40371647,,[],curator,2026-10-02 12:58
GEO,GSE291688,Xenium data for a comparison of spatial transcriptomics technologies for medulloblastoma cryosections,Xenium,Xenium,Brain (cerebellum),Medulloblastoma with extensive nodularity (MBEN),ready,ready,4,4,8,0,0,0.097,https://www.ncbi.nlm.nih.gov/geo/query/acc.cgi?acc=GSE291688,PMID 40542418,"Only Xenium samples in this series (4 MBEN). Also available: parquet cells, zarr.zip, transcripts, boundaries.",[],curator,2026-10-02 12:57
GEO,GSE292299,Conserved principles of spatial biology define tumor heterogeneity and immunotherapy sensitivity,Visium,Visium,"lung (NSCLC), lymph node/lymphoma (DLBCL)",NSCLC; DLBCL,ready,ready,18,18,36,36,0,1.293,,,Coords are in per-sample spatial.tar.gz (tissue_positions + scalefactors). 16 NSCLC + 2 DLBCL.,[],curator,2026-10-02 12:32
GEO,GSE292956,Spatial transcriptomic comparison between IPF and donor lung distal explant tissue,Visium,Visium,Lung,Idiopathic pulmonary fibrosis,ready,bundle_only,5,5,51,51,5,2.0,,,,[],curator,2026-10-02 12:39
GEO,GSE293043,Human adult adrenal gland Stereo-seq,Stereo-seq,Stereo-seq,adrenal gland,healthy,ready,ready,3,3,3,3,0,0.901,https://www.ncbi.nlm.nih.gov/geo/query/acc.cgi?acc=GSE293043,,Cell-bin h5ad per sample; tissue.gem.gz (per-transcript) not recorded. Only the Stereo-seq series; the Visium parts are presumably in other GEO series.,[],curator,2026-10-02 12:33
GEO,GSE293065,Spatial transcriptomic atlas of aggressive osteosarcomas,Visium,Visium,bone (osteosarcoma),osteosarcoma,ready,ready,26,26,78,78,0,0.2,https://www.ncbi.nlm.nih.gov/geo/query/acc.cgi?acc=GSE293065,PMID 42399228,,[],curator,2026-10-02 12:37
GEO,GSE293124,Concurrent genetic and non-genetic resistance mechanisms to KRAS inhibition in CRC,CosMx,CosMx,colorectal tumor biopsy,colorectal cancer,ready,ready,14,14,42,0,0,0.417,,PMID 42167227,Series also has a small expression_matrix_Alonso.csv.gz (likely non-spatial) and WES. Polygons and tx files are available per sample but out of scope.,[],curator,2026-10-02 14:00
GEO,GSE293427,Mapping Endothelial-Macrophage Interactions in Diabetic Vasculature: TREM2 [Spatial Transcriptomics],Visium,Visium,mesenteric artery,type 2 diabetes,ready,ready,11,11,55,55,0,0.027,https://www.ncbi.nlm.nih.gov/geo/query/acc.cgi?acc=GSE293427,PMID 42018669,,[],curator,2026-10-02 12:38
GEO,GSE293464,"Retinoic acid drives cell fate specification, maturation and retinal regionality in human retinal organoids [Stereo-seq]",Stereo-seq,Stereo-seq,retinal organoid,none (normal organoid),ready,ready,5,5,6,0,0,16.498,,PMID 42031716,"Per-sample barcodeToPos.h5 (~4GB, spot-level barcode-to-position). Series-level binned Seurat RDS (16wk bin60, 26wk bin100) contain binned matrices+coords for all samples combined by timepoint.",[],curator,2026-10-02 14:02
GEO,GSE293582,"Retinoic acid drives cell fate specification, maturation and retinal regionality in human retinal organoids [Visium]",Visium,Visium,retinal organoid,,ready,bundle_only,1,1,1,1,1,0.253,,PMID 42031716,4 Visium samples (GSM8885853-56). No per-sample files; series-level RAW.tar (contents unlisted) and a concatenated SpatialExperiment .rda (likely holds counts and coordinates for all samples).,[],curator,2026-10-02 12:37
GEO,GSE293783,Human adrenal cortex organoid model [spatial],Visium,Visium,adrenal gland,normal,ready,bundle_only,2,2,10,10,2,0.628,,,"Per-sample spatial tar.gz (fetal, adult); likely Visium/Visium HD outputs, contents not inspected.",[],curator,2026-10-02 12:38
GEO,GSE293896,Spatial transcriptomics Reveals Impact of APOE4 Allele on α-Synuclein Aggregation and Cell-Cell Communication in Lewy Body Dementia,Visium,Visium,Brain,Lewy Body Dementia,ready,ready,10,10,50,50,0,0.954,https://www.ncbi.nlm.nih.gov/geo/query/acc.cgi?acc=GSE293896,PMID 41588135,Sample file labels (e.g. LBD5 in GSM8893113 titled Control brain 3) may not match the GSM titles; check the mapping.,[],curator,2026-10-02 12:42
GEO,GSE294006,Hypoxia shapes both therapeutic response and resistance in metastatic ccRCC [Spatial Transcriptomics],Visium,Visium,kidney tumor,clear cell renal cell carcinoma,ready,ready,3,3,15,15,0,0.082,,PMID 42242232,,[],curator,2026-10-02 12:35
GEO,GSE294277,"scRNA-seq and spatial transcriptomics of human hip synovium, FAI vs OA",Visium,Visium,hip synovium,femoroacetabular impingement; hip osteoarthritis,ready,ready,10,10,50,0,0,0.117,https://www.ncbi.nlm.nih.gov/geo/query/acc.cgi?acc=GSE294277,PMID 41524472,"Series also has 12 non-spatial scRNA-seq samples (GSM89016xx-GSM89016xx), excluded. 10 spatial Visium samples (GSM9262941-GSM9262950). Tissue positions files have two naming variants.",[],curator,2026-10-02 14:03
GEO,GSE294296,Cutaneous lupus features specialized stromal niches and altered retroelement expression,Visium,Visium,skin,cutaneous lupus erythematosus,ready,ready,4,4,4,0,0,0.025,,PMID 42199555,"Only 4 of 16 samples are spatial (the *_sp.h5 files). The other 12 are scRNA-seq. Only H5 files and TIFF images are listed. There are no separate tissue_positions files. The role matrix+coords is assumed, not verified. The H5 files may hold only the matrix, so check for spatial coordinates.",[],curator,2026-10-02 12:58
GEO,GSE294442,Bioengineered 3D human heart valve tissues (spatial transcriptomics),Stereo-seq,Stereo-seq,iPSC-derived bioengineered heart valve tissue,heart valve disease model (cytokine-treated),ready,ready,1,1,1,0,0,0.044,https://www.ncbi.nlm.nih.gov/geo/query/acc.cgi?acc=GSE294442,,Single sample; human PSC-derived tissue. GEF holds the tissue-region expression and coords; barcodeToPos.h5 is large (2.7GB).,[],curator,2026-10-02 13:31
GEO,GSE294669,Spatial Proteomics and Transcriptomics Reveal Early Immune Cell Organization in PanIN,Visium,Visium,Pancreas,"PanIN / pancreatic ductal adenocarcinoma, chronic pancreatitis, normal",ready,ready,13,13,65,0,0,0.445,https://www.ncbi.nlm.nih.gov/geo/query/acc.cgi?acc=GSE294669,PMID 40569674,"Samples: PANIN01, PDAC01-05, CP01/03/05A, NRL01/02/03/05. Also GeoMx/proteomics not included. Cellular composition xlsx per sample is available but not recorded.",[],curator,2026-10-02 12:55
GEO,GSE294759,Stereo-seq across organoids: spatial whole-transcriptome benchmarking dataset,Stereo-seq,Stereo-seq,"stem cell-derived organoids (brain, heart, valve, kidney, lung, cartilage, blood)",,ready,ready,7,7,14,0,0,2.071,,PMID 42164865,"Series also contains 2 mouse samples (GSM8919109 mouse head, GSM8919110 mouse heart), excluded. Organoids presumed human stem cell-derived. h5ad are cell-binned clustered objects; barcodeToPos.h5 (large) not selected.",[],curator,2026-10-02 14:00
GEO,GSE295206,Spatial transcriptomics of human dorsal root ganglia from subjects with a history of diabetes,Visium,Visium,Dorsal root ganglion,Diabetes,ready,ready,16,16,32,0,0,0.101,https://www.ncbi.nlm.nih.gov/geo/query/acc.cgi?acc=GSE295206,PMID 40325011,,[],curator,2026-10-02 12:57
GEO,GSE295237,"Excitatory neurons and astrocytes-specific dysregulation in FCDI, spatial transcriptomics",Visium,Visium,brain cortex,Focal cortical dysplasia type I,ready,ready,4,4,20,0,0,0.132,https://www.ncbi.nlm.nih.gov/geo/query/acc.cgi?acc=GSE295237,PMID 42068085,"The series also has snRNA-seq per the summary, but the listed GSMs are the 4 spatial samples (Control_2, Control_3, FCDI_1, FCDI_2). I only checked file listings for GSM8944109 and GSM8944110. The other two samples are assumed to follow the same file pattern.",[],curator,2026-10-02 13:56
GEO,GSE295691,Multimodal profiling of OSCC and betel quid chewing [spatial transcriptomics],Visium,Visium,oral cavity,oral squamous cell carcinoma,ready,ready,10,10,10,0,0,0.038,,,Only one processed txt.gz per sample. Unverified whether it contains spot coordinates; it may be a count table only. Check this.,[],curator,2026-10-02 14:01
GEO,GSE296331,Creeping fat-derived mechanosensitive fibroblasts drive intestinal fibrosis in Crohn's disease strictures [Xenium],Xenium,Xenium,"Intestine (pediatric CD stricture and uninvolved bowel, with creeping fat)",Crohn's disease,ready,ready,8,8,16,16,0,0.101,,PMID 40967215,"Series also mentions scRNA-seq and Visium, but this GEO entry is the Xenium part only. Transcripts and boundaries parquet files are skipped.",[],curator,2026-10-02 12:49
GEO,GSE296400,Human TB granuloma spatial transcriptomics (Visium),Visium,Visium,TB granuloma biopsy,Tuberculosis,ready,bundle_only,5,4,24,24,1,0.667,https://www.ncbi.nlm.nih.gov/geo/query/acc.cgi?acc=GSE296400,PMID 40772762,"Per-sample mtx/barcodes/features are available, but no spatial coordinates are listed separately. They may be in the RAW.tar bundle or only as TIFF images.",[],curator,2026-10-02 12:54
GEO,GSE296517,"Gemcitabine + focused ultrasound thermal ablation in breast cancer (BR54), CosMx",CosMx,CosMx,breast,breast cancer,ready,ready,5,1,1,0,4,1.1,https://www.ncbi.nlm.nih.gov/geo/query/acc.cgi?acc=GSE296517,,"Series-level Seurat RDS (SeuratObject, SeuratTranscript) cover all samples. Per-sample flatFiles tar.gz contain the CosMx exprMat/metadata files. Some GSMs hold two tissues (FUS and FUS+GEM on one slide). Images/raw decoded files excluded.",[],curator,2026-10-02 13:34
GEO,GSE296577,Persistent T cell Activation and Cytotoxicity against Glioblastoma Following Single Oncolytic Virus Treatment in a Clinical Trial,Xenium,Xenium,brain,glioblastoma,ready,ready,21,1,1,0,20,3.6,,PMID 41679299,"Combined Seurat rds (all samples, 3.6GB) gives matrix+coords. Per-sample Xenium output tar.gz bundles (up to 20GB each) also available. Custom 100-gene panel tarball is also in series.",[],curator,2026-10-02 14:15
GEO,GSE296623,Protocol for single-cell spatial transcriptomic profiling of cultured cells and engineered tissues without embedding or sectioning,Visium HD,Visium HD,cultured cells / engineered tissue (2D),,ready,ready,1,1,5,5,0,0.043,,PMID 40938748,Only the 8um bin resolution is provided as processed files. Cultured cells on glass slide.,"[""https://github.com/HaylieHelms/vhd-scbioprint1"", ""https://star-protocols.cell.com/protocols/4456""]",curator,2026-10-02 12:52
GEO,GSE296626,Spatial transcriptomics from paired pancreas and pancreatic lymph nodes in human type 1 diabetes,Visium,Visium,pancreas and pancreatic lymph node,type 1 diabetes,ready,ready,36,36,180,0,0,2.042,https://www.ncbi.nlm.nih.gov/geo/query/acc.cgi?acc=GSE296626,PMID 40475580,,[],curator,2026-10-02 12:56
GEO,GSE296789,Spatio-molecular gene expression reflects dACC structure and function in the human brain,Visium,Visium,dorsal anterior cingulate cortex,neurotypical,ready,ready,21,21,105,105,0,0.672,https://www.ncbi.nlm.nih.gov/geo/query/acc.cgi?acc=GSE296789,PMID 42241279,"Series lists 21 GSMs; sample titles include VSPG-named samples (e.g., GSM8976808-10) whose files may be named differently. Selections only apply to files already listed.",[],curator,2026-10-02 12:51
GEO,GSE296852,A cellular anatomy of normal adult human female urethra [Xenium],Xenium,Xenium,Urethra (female),normal,ready,ready,4,4,8,0,0,0.145,https://www.ncbi.nlm.nih.gov/geo/query/acc.cgi?acc=GSE296852,,,[],curator,2026-10-02 13:58
GEO,GSE297064,Targeting circulating mechanoresponsive monocytes and macrophages to reduce fibrosis,Visium,Visium,skin / scar,hypertrophic scar / fibrosis,ready,ready,2,2,10,0,0,0.009,https://www.ncbi.nlm.nih.gov/geo/query/acc.cgi?acc=GSE297064,PMID 41120571,Mixed series: only GSM8983043 (human skin) and GSM8983044 (human scar) are human Visium; the other 10 are mouse scRNA-seq and excluded.,[],curator,2026-10-02 12:56
GEO,GSE297144,The HFE H63D variant in pancreatic cancer promotes epithelial-to-mesenchymal transition at the expense of cell cycle,Visium,Visium,pancreas,pancreatic ductal adenocarcinoma,ready,ready,8,8,40,0,0,0.219,https://www.ncbi.nlm.nih.gov/geo/query/acc.cgi?acc=GSE297144,,"GEO labels samples Homo sapiens, but the study describes mouse models (KCh67d vs KCwt) with WT/KO FFPE sections, so the spatial samples may actually be mouse tissue. Verify species before use. 10x mtx plus tissue_positions and scalefactors per sample.",[],curator,2026-10-02 13:53
GEO,GSE298286,In silico reconstruction of primary and metastatic tumor architecture using GIS-augmented spatial transcriptomics,Visium,Visium,Breast (primary) and bone (metastasis),ER+ breast cancer,ready,ready,12,12,60,60,0,0.292,,PMID 41734374,"16 GSMs; some (Tumor 13/14) are labeled spatial proteomics vs transcriptomics, so file sets may differ. Series-level files for samples 6814 and 8714 (GEX_PEX) are also present, probably the proteomics/GEX samples. Unclear whether they are covered by per-GSM files.",[],curator,2026-10-02 12:40
GEO,GSE298774,Spatial gene expression and microenvironmental changes in the transition of nevus to melanoma,Visium,Visium,skin (nevus and melanoma),melanoma / nevus,ready,ready,12,12,94,94,0,1.108,https://www.ncbi.nlm.nih.gov/geo/query/acc.cgi?acc=GSE298774,PMID 42258703,"11 GSMs, some with two patient sub-samples each (e.g. A2 and A17). The A2 features.tsv.gz is only at series level (GSE298774_A2_features.tsv.gz). The features file is probably the same for every sample.",[],curator,2026-10-02 12:32
GEO,GSE298953,Integration of spatial protein imaging and transcriptomics in the human kidney tracks the regenerative potential of proximal tubules,Visium,Visium,kidney,,ready,ready,1,1,3,3,0,0.003,,PMID 40815665,Only one GSM (GSM9026963) is listed. Series-level tar.gz bundles for GSM6047778 and GSM6047779 also exist (previously deposited Visium samples) but were not recorded.,[],curator,2026-10-02 12:51
GEO,GSE299025,Immunosuppressive tumor microenvironment of osteosarcoma [Spatial transcriptomics],Visium,Visium,bone (osteosarcoma biopsy),osteosarcoma,ready,ready,2,2,10,10,0,0.05,https://www.ncbi.nlm.nih.gov/geo/query/acc.cgi?acc=GSE299025,PMID 40647416,,[],curator,2026-10-02 12:52
GEO,GSE299027,Molecular Characterization of Meningioma,Visium,Visium,meningioma (brain meninges),meningioma,ready,bundle_only,19,19,96,96,19,0.992,https://www.ncbi.nlm.nih.gov/geo/query/acc.cgi?acc=GSE299027,,Per-sample Processed tar.gz bundles only; contents not inspected.,[],curator,2026-10-02 12:33
GEO,GSE299051,Immune Dynamics in Palmoplantar Pustulosis: scRNA-seq and Visium HD,Visium HD,Visium HD,skin,Palmoplantar pustulosis,ready,bundle_only,2,2,56,56,2,1.277,https://www.ncbi.nlm.nih.gov/geo/query/acc.cgi?acc=GSE299051,PMID 41740929,,"[""https://ftp.ncbi.nlm.nih.gov/geo/series/GSE299nnn/GSE299051/suppl/GSE299051_images.tar.gz""]",curator,2026-10-02 12:38
GEO,GSE299165,Profiling the Microenvironment in TSC-Associated Angiomyolipoma: Spatial Gene Expression Analysis,Visium,Visium CytAssist (FFPE),"kidney (angiomyolipoma, RCC)",Tuberous sclerosis complex angiomyolipoma; sporadic AML; renal cell carcinoma,ready,ready,3,3,15,15,0,0.283,https://www.ncbi.nlm.nih.gov/geo/query/acc.cgi?acc=GSE299165,PMID 41309810,Raw matrices also available; the spatial enrichment csv was not recorded. No images were provided.,[],curator,2026-10-02 12:45
GEO,GSE299368,Spatial analysis reveals a novel inflammatory tumor transition state in sarcomatoid RCC,CosMx,CosMx,kidney,sarcomatoid renal cell carcinoma / clear cell RCC,ready,ready,1,1,3,0,0,0.011,https://www.ncbi.nlm.nih.gov/geo/query/acc.cgi?acc=GSE299368,,"Only 1 GSM (slide A23) is listed on GEO, though the study covers 40 patients. Polygons, tx_file and images are available as extra files.",[],curator,2026-10-02 14:01
GEO,GSE299374,Meningioma cell reprogramming and microenvironment interactions underlie brain invasion,Visium,Visium,Brain-invasive meningioma,Meningioma,ready,ready,2,2,10,0,0,0.123,,PMID 41476144,,[],curator,2026-10-02 13:55
GEO,GSE299573,Spatial transcriptomics of bladder cancer with squamous differentiation,Visium HD,Visium HD,bladder,bladder cancer with squamous differentiation,ready,ready,1,1,2,2,0,0.224,,PMID 41917522,Only the 8um bin is provided. Coords are in a spatial tar.gz.,[],curator,2026-10-02 12:46
GEO,GSE299631,Spatiotemporal organisation of residual disease in mouse and human BRCA1-deficient mammary tumors and breast cancer,Visium,Visium,Breast,BRCA1-deficient breast cancer,ready,ready,5,5,25,0,0,0.256,https://www.ncbi.nlm.nih.gov/geo/query/acc.cgi?acc=GSE299631,,Mixed series: only 5 human Visium samples (GSM9042337-GSM9042341) kept; mouse Visium and scRNA-seq excluded.,[],curator,2026-10-02 12:57
GEO,GSE299660,Spatial transcriptomic profiling of seborrhoeic keratoses,Visium,Visium,Skin,Seborrhoeic keratosis,ready,ready,4,4,20,0,0,0.268,,PMID 42413572,,[],curator,2026-10-02 13:45
GEO,GSE299708,Spatial transcriptomics of ectocervical mucosa in DMPA users,Visium,Visium,ectocervix,DMPA contraceptive use (HIV-risk sex workers),ready,bundle_only,9,9,35,35,8,0.177,,PMID 39762272,,[],curator,2026-10-02 12:53
GEO,GSE299776,EBV-host chromatin interactions in NPC [Visium spatial],Visium,Visium,Nasopharynx (FFPE),Nasopharyngeal carcinoma,ready,ready,1,1,5,5,0,0.01,,PMID 40759888,,[],curator,2026-10-02 12:54
GEO,GSE299970,10X Visium Spatial transcriptomics of pancreatic cancer patient tissue,Visium,Visium FFPE v2,pancreas,pancreatic cancer,ready,ready,1,1,3,3,0,0.026,https://www.ncbi.nlm.nih.gov/geo/query/acc.cgi?acc=GSE299970,PMID 41722836,,[],curator,2026-10-02 12:37
GEO,GSE300112,Cervicovaginal microbiome and spatial host transcriptional signatures in human ectocervix,Visium,Visium,ectocervix,,ready,bundle_only,12,12,37,37,12,0.049,,PMID 41218071,"Per-sample tar.gz bundles. A combined Seurat RDS (GSE300112_seuratObj_clustered.RDS, 1.4GB) is also available at series level.",[],curator,2026-10-02 12:47
GEO,GSE300380,Spatial Transcriptomics of Patients with Kaposi Sarcoma Identifies Mechanisms of Immune Evasion,Visium,Visium,skin,Kaposi sarcoma,ready,ready,8,8,27,27,0,0.197,,PMID 41342328,7 samples; 4 include custom KSHV probes. Series-level GSE300380_S1_A_old_barcodes.tsv.gz also exists. Per-sample scalefactors json.gz present. Raw tar bundle 3.8GB.,[],curator,2026-10-02 12:45
GEO,GSE300445,Spatial tumour-immune ecosystems shape the efficacy of anti-PD1 immunotherapy in primary cutaneous melanoma [Spatial Transcriptomics],Visium,Visium,skin (primary cutaneous melanoma),melanoma,ready,ready,4,4,20,20,0,0.266,https://www.ncbi.nlm.nih.gov/geo/query/acc.cgi?acc=GSE300445,PMID 42315253,,[],curator,2026-10-02 12:30
GEO,GSE300585,Thor: heart failure Visium (Heart_II_hires),Visium,Visium,Heart,Heart failure,ready,bundle_only,1,1,24,24,1,0.235,,PMID 40764306,,[],curator,2026-10-02 12:52
GEO,GSE300613,Spatial transcriptomics dataset of primary tumours from MDA-MB-231 xenograft model,Visium,Visium,breast cancer xenograft primary tumour,breast cancer,ready,ready,2,2,8,8,0,0.097,,PMID:40552975,"Human MDA-MB-231 cells grown as xenografts in mice, so reads may include mouse stroma. Each sample also has a processed h5ad with both matrix and coordinates.",[],curator,2026-10-02 12:52
GEO,GSE300645,Dysmorphic neurons express markers of inhibitory glycinergic signaling in focal cortical dysplasia,Visium,Visium,Brain cortex,Focal cortical dysplasia type IIb,ready,ready,4,4,20,20,0,0.339,,PMID 40957662,,[],curator,2026-10-02 12:51
GEO,GSE300676,Lepidic–filigree micropapillary–conventional micropapillary progression in lung adenocarcinoma (Visium),Visium,Visium,Lung,Lung adenocarcinoma,ready,ready,8,8,16,16,0,0.262,https://www.ncbi.nlm.nih.gov/geo/query/acc.cgi?acc=GSE300676,PMID 41040912,,[],curator,2026-10-02 12:49
GEO,GSE300692,Thor: Bladder Cancer (Visium HD),Visium HD,Visium HD,Bladder,Bladder cancer,ready,bundle_only,1,1,30,30,1,5.189,,PMID 40764306,"Single sample, 26 GB tar.gz bundle; contents not listed. Technology inferred from the series summary (high-resolution Visium HD).",[],curator,2026-10-02 12:52
GEO,GSE300793,Spatial tumour-immune ecosystems shape the efficacy of anti-PD1 immunotherapy in primary cutaneous melanoma,Visium,Visium,skin (primary cutaneous melanoma),melanoma,ready,ready,1,1,1,1,0,0.039,https://www.ncbi.nlm.nih.gov/geo/query/acc.cgi?acc=GSE300793,,"Single series-level RDS (all 57 samples, ADJIII-xxxx); no per-sample files. Not verified that the RDS contains coordinates; technology assumed Visium from hints.",[],curator,2026-10-02 12:32
GEO,GSE300851,DGAT: Dual-Graph Attention Network for Inferring Spatial Protein Landscapes from Transcriptomics,Visium,Visium CytAssist (gene + protein),pleural mesothelioma; also kidney and lung,malignant pleural mesothelioma; chronic kidney/lung disease,ready,ready,7,7,8,8,0,2.914,,,"Series-level h5ad for the two MPM samples (PBC-PR_6835-5A, PBC_PR_6837) and per-sample h5ad for kidney/lung samples (HK, HL). The GSM9069589-92 samples have no per-sample files; the RAW.tar is a bundle.",[],curator,2026-10-02 12:36
GEO,GSE300895,Visium HD of archival FFPE kidney from idiopathic nephrotic syndrome patients,Visium HD,Visium HD,kidney,"idiopathic nephrotic syndrome (SSNS, FSGS, FR/SDNS)",ready,ready,3,3,15,15,0,0.533,https://www.ncbi.nlm.nih.gov/geo/query/acc.cgi?acc=GSE300895,,Matrices are custom StarDist nucleus-level bins. Series RAW tar also available.,[],curator,2026-10-02 12:45
GEO,GSE301265,Spatial Transcriptomics Reveals Local Subtype-Specific Identity and Signaling within Multifocal Small Intestinal Neuroendocrine Tumors,Visium,Visium,Small intestine,Small intestinal neuroendocrine tumor,ready,ready,8,8,40,40,0,0.097,,PMID 41779010,,[],curator,2026-10-02 12:42
GEO,GSE301306,Spatial transcriptomics of the human first trimester decidua,Visium,Visium,decidua (basalis and parietalis),normal pregnancy (first trimester),ready,ready,4,4,20,20,0,0.1,https://www.ncbi.nlm.nih.gov/geo/query/acc.cgi?acc=GSE301306,PMID 42248577,,[],curator,2026-10-02 12:27
GEO,GSE301486,Spatial transcriptomics data of EMP2-progressive symmetric erythrokeratoderma,Visium HD,Visium HD,skin,EMP2-progressive symmetric erythrokeratoderma,ready,ready,1,1,5,5,0,0.027,https://www.ncbi.nlm.nih.gov/geo/query/acc.cgi?acc=GSE301486,PMID 40758889,One GSM contains patient and healthy control (sample_labels.csv.gz distinguishes). Technology is assumed to be Visium HD from the hints and was not confirmed.,[],curator,2026-10-02 12:52
GEO,GSE301720,Integrated single-cell and spatial analysis of myeloid-T cell interactions in HNSCC ICB response,Visium,Visium,head and neck,head and neck squamous cell carcinoma,ready,ready,8,8,40,40,0,0.355,,PMID 41837744,GEO has only the 8 Visium samples. The CosMx data described in the paper is not in this series.,[],curator,2026-10-02 12:41
GEO,GSE301973,The spatial transcriptomics of EGFR-mutant NSCLC before osimertinib treatment,Visium HD,Visium HD,lung,EGFR-mutant non-small cell lung cancer,ready,bundle_only,2,2,8,8,2,1.597,https://www.ncbi.nlm.nih.gov/geo/query/acc.cgi?acc=GSE301973,PMID 41152910,,[],curator,2026-10-02 12:46
GEO,GSE302160,4R-Tau Seeding Activity Reveals Molecular Subtypes in Progressive Supranuclear Palsy,Visium,Visium,primary motor cortex,Progressive supranuclear palsy,ready,bundle_only,4,4,40,40,4,0.453,,PMID 41476155,,[],curator,2026-10-02 12:48
GEO,GSE302356,Decoding LAM Niche Environment via Single Cell Multiomics and Spatial Transcriptomics,Visium HD,"Visium HD, Xenium, Visium",Lung,Lymphangioleiomyomatosis,ready,bundle_only,3,3,8,8,3,0.065,https://www.ncbi.nlm.nih.gov/geo/query/acc.cgi?acc=GSE302356,,"Series also has non-spatial scRNA/multiome samples (excluded). Spatial: LAM18 Visium HD, LAM19 Xenium, LAM20 Visium; each only as tar.gz bundle.",[],curator,2026-10-02 12:27
GEO,GSE302642,IDH-mutant gliomas arise from glial progenitor cells - Xenium spatial transcriptomics,Xenium,Xenium,Brain (tumor and peritumoral),IDH-mutant glioma,ready,ready,6,6,24,0,0,0.041,https://www.ncbi.nlm.nih.gov/geo/query/acc.cgi?acc=GSE302642,PMID 41505555,,[],curator,2026-10-02 14:21
GEO,GSE302677,Spatial transcriptomics in ANCA-associated renal vasculitis,Visium,Visium,Kidney,ANCA-associated vasculitis,ready,ready,4,4,16,16,0,0.083,https://www.ncbi.nlm.nih.gov/geo/query/acc.cgi?acc=GSE302677,PMID 42602048,"3 Visium samples (ctrl, aav1, aav2). Integrated Seurat RDS also provided at series level.",[],curator,2026-10-02 12:26
GEO,GSE303036,'Eye-conic' spatial transcriptomics of keratoconus corneas,Visium,Visium,Cornea,Keratoconus (with control corneas),ready,ready,13,13,65,65,0,0.048,https://www.ncbi.nlm.nih.gov/geo/query/acc.cgi?acc=GSE303036,PMID 41931003,,[],curator,2026-10-02 12:37
GEO,GSE303545,Cytokine-linked remodeling of the immune microenvironment is a hallmark of transformation in follicular lymphoma [GeoMX],GeoMx,GeoMx,"lymph node (follicular lymphoma / transformed FL, tonsil controls)",follicular lymphoma / transformed follicular lymphoma,ready,ready,1,1,1,0,0,0.026,https://www.ncbi.nlm.nih.gov/geo/query/acc.cgi?acc=GSE303545,,281 GeoMx ROI/segment samples (Bcell/Tcell/Mac/Others-rich regions). There are no per-sample files. The only data is one series-level xlsx (about 26 MB) that presumably holds the ROI-by-gene matrix and ROI metadata. I did not open it to check. Spatial XY coordinates may not be included; this is unverified.,[],curator,2026-10-02 13:54
GEO,GSE303546,Cytokine-linked remodeling of the immune microenvironment is a hallmark of transformation in follicular lymphoma [VisiumHD],Visium HD,Visium HD,lymph node,follicular lymphoma / transformed follicular lymphoma,ready,ready,5,5,25,0,0,1.711,,,,[],curator,2026-10-02 13:33
GEO,GSE304124,Mapping Cellular Senescence in Human Dental Follicle and Odontogenic Keratocyst,Visium,Visium,Odontogenic keratocyst / dental follicle,Odontogenic keratocyst,ready,ready,1,1,5,0,0,0.004,,PMID 42123694,,[],curator,2026-10-02 13:51
GEO,GSE304497,Multi-region spatial transcriptomics of Aβ plaque changes in Alzheimer's disease,Visium,Visium,"Brain cortex (entorhinal, occipito-temporal, DLPFC, striate)",Alzheimer's disease,ready,ready,8,8,40,0,0,0.076,https://www.ncbi.nlm.nih.gov/geo/query/acc.cgi?acc=GSE304497,PMID 41318546,,[],curator,2026-10-02 14:21
GEO,GSE304669,Spatial transcriptomics reveals distinct role of monocytes/macrophages with high FCGR3A expression in kidney transplant rejections,Visium,Visium,Kidney allograft (FFPE biopsy),"Kidney transplant rejection (AMR, TCMR)",ready,ready,4,4,20,20,0,0.043,,PMID 41030449,,[],curator,2026-10-02 12:49
GEO,GSE305116,Spatial transcriptomics of intestinal-type gastric cancer and paired normal gastric mucosa,Visium,Visium,stomach,intestinal-type gastric adenocarcinoma,ready,ready,2,2,2,0,0,0.053,,PMID 41734377,Per-sample Seurat RDS. Technology assumed to be Visium and not confirmed from the metadata.,[],curator,2026-10-02 14:13
GEO,GSE305629,Neutrophils and CD8+ T cells in Muscle-invasive Bladder Cancer (MIBC),Xenium,Xenium,Bladder (FFPE biopsy),Muscle-invasive bladder cancer,ready,ready,2,2,4,0,0,0.042,,PMID 42009646,,[],curator,2026-10-02 14:14
GEO,GSE306111,Spatial transcriptomics of human FALD and normal livers,CosMx,CosMx,Liver,Fontan-associated liver disease (FALD) and normal,ready,ready,5,5,15,0,0,0.218,https://www.ncbi.nlm.nih.gov/geo/query/acc.cgi?acc=GSE306111,PMID 41758081,Only 4 FALD + 1 normal sample patterns were listed in the summary; GSM9309755/GSM9309756 file names were not inspected and may be missing or named differently. Polygons and tx files are excluded.,[],curator,2026-10-02 14:09
GEO,GSE306288,Spatial transcriptomic profiling of the human aortic valve reveals cellular sex differences near sites of calcification,Visium,Visium,aortic valve leaflet,aortic valve stenosis / calcification,ready,ready,8,8,40,40,0,0.019,,PMID 42206364,"Series mixes 9 scRNA-seq samples (excluded) and 8 Visium samples (1A,1B,6A,6B,18V,20V,23V,29V). Coords are tissue_positions + scalefactors.",[],curator,2026-10-02 12:32
GEO,GSE306374,Genetic profiles of small intestinal and colonic metaplastic Paneth cells by spatial transcriptomics,Visium HD,Visium HD,terminal ileum and colon/rectum biopsies,Ulcerative colitis,ready,ready,2,2,10,10,0,0.073,https://www.ncbi.nlm.nih.gov/geo/query/acc.cgi?acc=GSE306374,PMID 41904124,,[],curator,2026-10-02 12:42
GEO,GSE306506,Unveiling Transcriptional Heterogeneity and Discovering Footprints in Pediatric Medulloblastoma via Spatial RNA-Seq and Machine Learning,Visium,Visium,Brain (cerebellum),"Medulloblastoma (SHH, Group 3, Group 4)",ready,ready,7,7,35,35,0,0.801,,PMID 42449993,,"[""https://ftp.ncbi.nlm.nih.gov/geo/series/GSE306nnn/GSE306506/suppl/GSE306506_RAW.tar""]",curator,2026-10-02 12:27
GEO,GSE306575,Spatial and single-nucleus transcriptomic profiling of CHB liver biopsies,Visium,Visium,Liver,Chronic hepatitis B,ready,ready,1,1,2,0,0,2.337,,PMID 41810427,"Series also has mouse ST (GSM9204000/01, excluded), a cell pellet array, and human snRNA-seq (not spatial). Human ST: 6 donors (2 healthy, 4 CHB), GSM9204003-08. Data is in combined series-level Seurat objects, not per-sample files. Per-sample files are only Visium JSONs. The RAW.tar is also available.","[""https://ftp.ncbi.nlm.nih.gov/geo/series/GSE306nnn/GSE306575/suppl/GSE306575_RAW.tar""]",curator,2026-10-02 14:23
GEO,GSE306606,Multimodal spatial transcriptomics reveal the developing human liver niche at single-cell resolution,CosMx,CosMx,fetal liver,normal (development),ready,ready,10,10,11,0,0,0.364,,,Per-sample normalized matrices are small (~0.5 MB) and may be only a subset or aggregate. Coordinates are probably in the series-level metadata files and the Seurat RDS (354 MB). I didn't check these. The series-level files are not tied to a single GSM.,[],curator,2026-10-02 14:10
GEO,GSE306617,"Clinical, genomic, and spatial transcriptomic features of pancreatic adenosquamous carcinoma",Visium,Visium,Pancreas,Pancreatic adenosquamous carcinoma,ready,bundle_only,11,11,55,55,11,0.65,https://www.ncbi.nlm.nih.gov/geo/query/acc.cgi?acc=GSE306617,,,[],curator,2026-10-02 12:26
GEO,GSE307215,Spatiotemporal Single-Cell Profiling Reveals T Cell Clonal Dynamics and Phenotypic Plasticity in Human GVHD,Visium HD,Visium HD,Gut (intestine),Graft-versus-host disease,ready,ready,8,8,120,120,0,3.408,,PMID 42754741,"Series also has scRNA-seq/TCR-seq samples (non-spatial, excluded). Visium HD samples SLV11-SLV18 with 2, 8, 16 um bins each. Series-level h5ad files (adata_integrate, combined_unfiltered_newdata) may be scRNA-seq or integrated data; not included. RAW.tar bundle also available.","[""https://ftp.ncbi.nlm.nih.gov/geo/series/GSE307nnn/GSE307215/suppl/GSE307215_RAW.tar""]",curator,2026-10-02 12:34
GEO,GSE307403,Schizophrenia-linked gene expression changes across cortical layers and cellular microenvironments in human prefrontal cortex [Visium],Visium,Visium,dorsolateral prefrontal cortex,Schizophrenia / neurotypical control,ready,ready,63,63,315,315,0,2.222,https://www.ncbi.nlm.nih.gov/geo/query/acc.cgi?acc=GSE307403,,"Series also mentions Xenium, but only the Visium samples are in this series. Per-sample files are mtx plus tissue_positions and scalefactors. The RAW.tar bundle is also available.",[],curator,2026-10-02 12:43
GEO,GSE307404,Schizophrenia-linked gene expression changes across cortical layers in human dlPFC [Xenium],Xenium,Xenium,dorsolateral prefrontal cortex,Schizophrenia / neurotypical control,ready,ready,24,24,48,48,0,0.177,https://www.ncbi.nlm.nih.gov/geo/query/acc.cgi?acc=GSE307404,,This GEO series holds only the Xenium samples. The companion Visium data is probably in a separate series. Transcripts zarr and boundary files exist but were not recorded.,[],curator,2026-10-02 12:41
GEO,GSE307534,"Spatial transcriptomics of normal lung, precursor lesions and invasive lung adenocarcinoma",Visium,Visium,lung,"lung adenocarcinoma (normal, AAH, AIS, MIA, LUAD)",ready,bundle_only,56,56,340,340,56,8.001,https://www.ncbi.nlm.nih.gov/geo/query/acc.cgi?acc=GSE307534,PMID 41202811,Per-sample tar.gz archives contents not inspected; presumably Space Ranger outputs. Series RAW.tar also available.,[],curator,2026-10-02 12:51
GEO,GSE307588,Spatial profiling of hypoxic injury in human kidney organoids,Xenium,Xenium,iPSC-derived kidney organoid,hypoxic injury model (AKI),ready,ready,25,25,50,0,0,0.086,https://www.ncbi.nlm.nih.gov/geo/query/acc.cgi?acc=GSE307588,PMID 42613631,"Technology inferred (per-sample Counts/Cells/Molecules tsv; likely Xenium or similar imaging platform, not confirmed). Cells-*.tsv assumed to hold cell coordinates (not inspected). Molecule tables and big tar.gz bundles (raw outputs) not recorded.",[],curator,2026-10-02 13:43
GEO,GSE307744,Human bladder Visium spatial gene expression,Visium,Visium,bladder,healthy,ready,ready,1,1,3,3,0,0.006,https://www.ncbi.nlm.nih.gov/geo/query/acc.cgi?acc=GSE307744,,"Single sample (Donor-4 Dome). Also has peak-count matrix (peakcounts_filtered_feature_bc_matrix.h5) and spatial enrichment CSVs, not selected. Xenium/snRNA mentioned in the summary but not in this series.",[],curator,2026-10-02 12:28
GEO,GSE307817,MEF2C network in glomerular endothelial cells in diabetic kidney disease (Visium FFPE),Visium,Visium FFPE,Kidney,Diabetic kidney disease,ready,ready,12,12,60,60,0,0.372,https://www.ncbi.nlm.nih.gov/geo/query/acc.cgi?acc=GSE307817,PMID 42055320,,[],curator,2026-10-02 12:33
GEO,GSE307866,Impact of Alzheimer's disease risk factors and local neuromelanin content on the transcriptomic landscape of the human locus coeruleus,Visium,Visium,locus coeruleus (postmortem pons),neurotypical middle-aged donors (AD risk factors),ready,ready,43,43,215,215,0,0.539,https://www.ncbi.nlm.nih.gov/geo/query/acc.cgi?acc=GSE307866,PMID 41278831,"Summary mentions 85 sections, but only 43 GSMs are listed. Per-sample mtx, tissue positions and scalefactors are available. Only two example GSMs were listed in full, so the selections regexes rely on the filename patterns.",[],curator,2026-10-02 12:42
GEO,GSE307990,Spatial and single cell transcriptomics in the human Entorhinal Cortex across diverse risk of Alzheimer's disease [Visium],Visium,Visium,Entorhinal cortex,"Alzheimer's disease risk (APOE E2/E4 carriers, no AD diagnosis)",ready,ready,31,31,155,155,0,0.802,https://www.ncbi.nlm.nih.gov/geo/query/acc.cgi?acc=GSE307990,PMID 41332786,Series also has snRNA-seq in a separate series presumably; this one is Visium only. Per-sample mtx triplets plus tissue_positions and scalefactors.,[],curator,2026-10-02 12:49
GEO,GSE308275,Integrated single-cell and spatial transcriptomics of ovarian immune landscape in classic galactosemia with POI,Visium,Visium,Ovary,Classic galactosemia / premature ovarian insufficiency,ready,ready,6,6,18,18,0,0.076,https://www.ncbi.nlm.nih.gov/geo/query/acc.cgi?acc=GSE308275,PMID 42226209,,[],curator,2026-10-02 12:08
GEO,GSE308697,Divergent cytotoxic and immunomodulatory immune programs distinguish morbilliform drug eruption from SDRIFE,Xenium,Xenium,Skin,Morbilliform drug eruption; SDRIFE,ready,ready,4,4,8,0,0,0.024,https://www.ncbi.nlm.nih.gov/geo/query/acc.cgi?acc=GSE308697,,"Also per-sample Seurat rds (matrix+coords) and a series-level integrated Seurat rds; transcripts/boundaries parquet are out of scope. The series also has scRNA-seq data, which is not spatial.",[],curator,2026-10-02 13:31
GEO,GSE308929,An Integrated Transcriptomics Atlas of Healthy Human Skin Focusing on the Pilosebaceous Unit,Visium HD,Visium HD,"Skin (facial, temporal region)",Healthy,ready,ready,2,2,6,6,0,0.073,https://www.ncbi.nlm.nih.gov/geo/query/acc.cgi?acc=GSE308929,,,[],curator,2026-10-02 12:30
GEO,GSE309269,Transcriptional programs dictating tumor cell fate decisions in neuroblastoma lymph node metastasis [spatial transcriptomics],Visium,Visium,adrenal primary tumor / lymph node metastasis,neuroblastoma,ready,ready,2,2,10,0,0,0.134,,PMID 41279557,,[],curator,2026-10-02 14:11
GEO,GSE310351,Spatial transcriptomic profiling of human saphenous vein grafts,Visium,Visium,saphenous vein,vein graft neointima,ready,ready,6,6,30,29,0,0.023,https://www.ncbi.nlm.nih.gov/geo/query/acc.cgi?acc=GSE310351,PMID 41569144,,[],curator,2026-10-02 12:38
GEO,GSE310443,Single-cell Spatial Transcriptomics Reveals Hepatocyte Metabolic Reprogramming in Fontan Associated Liver Disease,CosMx,CosMx,Liver,Fontan-associated liver disease,ready,ready,2,2,4,0,0,0.478,https://www.ncbi.nlm.nih.gov/geo/query/acc.cgi?acc=GSE310443,PMID 41734025,The early_late sample is a single section with both early and advanced FALD tissue. RDS Seurat objects are also available (matrix+coords).,[],curator,2026-10-02 14:15
GEO,GSE310610,Spatial Transcriptomics of Human Fetal Lungs,Visium,Visium,fetal lung,Trisomy 21 (4 of 12 samples) and controls,ready,ready,12,12,60,60,0,0.68,https://www.ncbi.nlm.nih.gov/geo/query/acc.cgi?acc=GSE310610,PMID 41484334,"12 samples, gestational age 13-20 weeks. Per-sample mtx plus tissue_positions and scalefactors. Spatial_enrichment csv also available.",[],curator,2026-10-02 12:45
GEO,GSE310797,Single cell and Spatial RNA-seq in Oral Squamous Cell Carcinoma with Different Stage,Visium,Visium,Oral cavity,Oral squamous cell carcinoma,ready,ready,3,3,12,12,0,0.057,,PMID 41851114,Series has 16 scRNA-seq samples (excluded) and 3 spatial GSMs (SP_array1-3) containing 6 spatial sections in total; some GSMs hold multiple sections' files. Coords are in the *_celltype_coords.txt.gz files.,[],curator,2026-10-02 12:40
GEO,GSE310921,Use of Organ Transplant Solution to Preserve Skeletal Muscle for Cellular and Spatial Transcriptomic Analyses,Visium,Visium,skeletal muscle (pectoralis major),,ready,ready,2,2,6,6,0,0.005,,,"Mixed human+mouse series; only the 2 human samples (GSM9312239, GSM9312240) are kept. Mouse samples are excluded.",[],curator,2026-10-02 12:33
GEO,GSE311294,CASTA: collagen alignment and spatial transcriptomics in colorectal cancer,Visium,Visium,colon,colorectal cancer,ready,ready,5,5,25,25,0,0.148,https://www.ncbi.nlm.nih.gov/geo/query/acc.cgi?acc=GSE311294,,,[],curator,2026-10-02 12:46
GEO,GSE311383,High-resolution spatial transcriptomics of human liver with VisiumHD,Visium HD,Visium HD,Liver,healthy,ready,ready,3,3,45,45,0,3.431,https://www.ncbi.nlm.nih.gov/geo/query/acc.cgi?acc=GSE311383,PMID 42342734,"3 healthy donors; 2, 8, 16 µm bins each. Also available: cloupe, feature_slice.h5, molecule_info.h5 (not recorded), GSE311383_RAW.tar.",[],curator,2026-10-02 12:36
GEO,GSE311609,Single-Cell Spatial Transcriptomics of Archival Human Lung and Breast Tumor FFPE Samples,Xenium,Xenium,lung and breast,NSCLC and breast cancer,ready,ready,41,41,82,82,0,0.428,https://www.ncbi.nlm.nih.gov/geo/query/acc.cgi?acc=GSE311609,PMID 42062553,"41 Xenium samples (lung 5K, lung panel, custom IO panel, breast panel). Visium/snRNA mentioned in summary but only Xenium GSMs are listed. Transcripts, boundaries and images are available but not recorded. The series RAW.tar is 179GB.",[],curator,2026-10-02 12:38
GEO,GSE311636,UC response trajectories; CosMx spatial of rectum UC (RNA and Protein panels),CosMx,CosMx,rectum,ulcerative colitis,ready,ready,4,4,12,0,0,0.024,,,"4 samples: 2 RNA panel, 2 Protein panel (PR exprMat is protein). Tx files and polygons omitted.",[],curator,2026-10-02 13:26
GEO,GSE311909,A targetable developmental program co-regulates angiogenesis and immune evasion [Spatial Transcriptomics],Visium,Visium,skin,melanoma,ready,ready,2,2,10,10,0,0.163,,PMID 41631877,,[],curator,2026-10-02 12:45
GEO,GSE312129,"Single-nuclei multiome and spatial analyses of early, untreated SSc skin",Visium,Visium,skin,systemic sclerosis,ready,ready,10,10,50,50,0,0.088,,PMID 41411065,"Series also has snMultiome (GEX/ATAC) samples, excluded. Spatial: 10 Visium samples (SSc1-10). Abstract mentions a second paired spatial platform, but only Visium files are listed.",[],curator,2026-10-02 12:46
GEO,GSE312204,Clonal biases dictate availability of colonic cancer driver mutations for transformation,Visium,Visium,Colon (histologically normal FFPE),Normal colon with KRAS mutant clones / cancer driver mutations,ready,ready,20,20,60,60,0,1.112,,PMID 41991531,,"[""https://ftp.ncbi.nlm.nih.gov/geo/series/GSE312nnn/GSE312204/suppl/GSE312204_RAW.tar""]",curator,2026-10-02 12:42
GEO,GSE312327,Spatially-guided metabolomics profiling of heterogeneous human tumor tissues,Visium,Visium,Liver,Primary liver tumor,ready,ready,2,2,10,10,0,0.103,https://www.ncbi.nlm.nih.gov/geo/query/acc.cgi?acc=GSE312327,PMID 41922830,,[],curator,2026-10-02 12:34
GEO,GSE312420,Performance differences in spatial transcriptomics platforms identify Treg biology in human IBD [Xenium],Xenium,Xenium,"Intestine (ileum, rectum biopsies)","Inflammatory bowel disease (UC, CD) and healthy controls",ready,ready,32,32,128,0,0,0.152,https://www.ncbi.nlm.nih.gov/geo/query/acc.cgi?acc=GSE312420,PMID 42049732,"Same biopsies run with different Xenium panels (337, 5K, colon) and segmentation variants, so some tissues appear several times. A companion CosMx series is likely separate. Transcripts and boundary parquet files were excluded.","[""https://ftp.ncbi.nlm.nih.gov/geo/series/GSE312nnn/GSE312420/suppl/GSE312420_RAW.tar""]",curator,2026-10-02 14:06
GEO,GSE313244,Uterine leiomyosarcoma spatial transcriptomics (G4X),Other,G4X (Singular Genomics),uterus,uterine leiomyosarcoma,ready,ready,27,27,27,0,0,6.489,https://www.ncbi.nlm.nih.gov/geo/query/acc.cgi?acc=GSE313244,,Series-level combined h5ad (all samples) plus per-sample proseg zarr outputs. Raw tar is 18GB (also has TIFF images). Paired with scRNA-seq in the same study (separate series).,[],curator,2026-10-02 13:34
GEO,GSE313471,Identification of a long-term surviving human mesenchymal stromal cell subpopulation upon intradermal injection in immunodeficient mice,Visium,Visium,Mouse skin with intradermally injected human bone marrow MSCs (xenograft),Recessive dystrophic epidermolysis bullosa (MSC therapy model),ready,ready,7,7,21,21,0,0.02,,PMID 42365332,"Xenograft: human MSCs in immunodeficient mouse skin, so the tissue is largely mouse and the human fraction is small. Check the reference genome (human, mouse or combined) before use. 7 Visium samples are included. The 4 Chromium scRNA-seq samples (GSM9368381-84) are excluded because they are not spatial.",[],curator,2026-10-02 12:08
GEO,GSE313694,Spatial transcriptomic profiling (Visium) of meningioma,Visium,Visium,meningioma,meningioma,ready,ready,42,42,84,84,0,2.83,https://www.ncbi.nlm.nih.gov/geo/query/acc.cgi?acc=GSE313694,PMID 41663806,Only raw (unfiltered) feature_bc_matrix h5 provided; spatial.tar.gz holds tissue_positions and scalefactors.,[],curator,2026-10-02 12:46
GEO,GSE313858,"Longitudinal sarcoma samples, neoadjuvant BO-112 + hypofractionated RT (one patient)",Visium HD,Visium HD (cell-segmented),soft tissue sarcoma tumor,soft tissue sarcoma,ready,ready,4,4,8,0,0,0.067,,,"No tissue_positions file; only scalefactors plus cell segmentation GeoJSON (polygons, not recorded as coords; per-cell positions derivable from it). Technology inferred from file names; verify. mtx/barcodes/features also available.","[""https://ftp.ncbi.nlm.nih.gov/geo/series/GSE313nnn/GSE313858/suppl/GSE313858_RAW.tar""]",curator,2026-10-02 14:22
GEO,GSE313918,Differential Cellular Mechanisms Underlie Language and Executive Decline in ALS [Visium],Visium,Visium,Prefrontal cortex,Amyotrophic lateral sclerosis (ALS/FTD spectrum) and controls,ready,ready,247,247,493,0,0,14.107,https://www.ncbi.nlm.nih.gov/geo/query/acc.cgi?acc=GSE313918,PMID 42551425,246 Visium samples. Per-sample filtered h5 + spatial.tar.gz; also a combined 6.6GB h5ad series file (matrix+coords). Raw matrices and RAW.tar also available. Companion snRNA-seq likely in a separate series.,[],curator,2026-10-02 13:12
GEO,GSE313919,"Complex Human Hair Bearing Skin Organoids: HSV-1 infection, Xenium spatial transcriptomics",Xenium,Xenium,hair-bearing skin organoid,HSV-1 infection,ready,ready,5,2,2,0,4,0.518,https://www.ncbi.nlm.nih.gov/geo/query/acc.cgi?acc=GSE313919,,Xenium inferred from hints. Per-sample tar.gz are presumably Xenium output bundles (not unpacked). Main experiment has an annotated Seurat rds; the series-level rds covers the first (pilot) experiment. Transcript CSVs are out of scope. The GSE313919_RAW.tar (~40GB) is also available.,[],curator,2026-10-02 13:25
GEO,GSE314158,6K-plex RNA CosMx data from human FFPE samples from patients with psoriasis,CosMx,CosMx,Skin (psoriasis lesional/non-lesional; plus kidney and liver reference),Psoriasis,ready,ready,1,1,3,0,0,0.066,,PMID 41683722,"One TMA run (Cx009_S1_TMA2) with series-level files only. The 134 GSMs are FOV/cores, with no per-sample files. They include kidney and liver normal reference cores. Polygons and the transcript file (tx_file) are also available.",[],curator,2026-10-02 14:20
GEO,GSE314260,Single-cell and spatial transcriptomics of A-P and D-V patterned human trunk embryoid model (hTEM),Visium HD,Visium HD,human trunk embryoid model (hPSC-derived),none (development model),ready,ready,4,4,16,16,0,0.711,,,"17 GSMs: 4 are Visium HD (GSM9391434, 436, 439, 441); the rest are scRNA-seq (non-spatial). Per-sample GEO files give mtx and scalefactors only; no tissue_positions file seen, so coords likely only in series-level RDS Seurat objects (hTEM_v2/v3 int_obj.rds, large). RAW.tar also available.","[""https://ftp.ncbi.nlm.nih.gov/geo/series/GSE314nnn/GSE314260/suppl/GSE314260_hTEM_v2_int_obj.rds"", ""https://ftp.ncbi.nlm.nih.gov/geo/series/GSE314nnn/GSE314260/suppl/GSE314260_hTEM_v3_int_obj.rds"", ""https://ftp.ncbi.nlm.nih.gov/geo/series/GSE314nnn/GSE314260/suppl/GSE314260_RAW.tar""]",curator,2026-10-02 12:44
GEO,GSE314851,Targeting Modulated Vascular Smooth Muscle Cells in Atherosclerosis via FAP-Directed Immunotherapy [Visium],Visium,Visium FFPE,Coronary artery,Coronary artery disease / atherosclerosis,ready,ready,17,17,81,81,0,0.709,https://www.ncbi.nlm.nih.gov/geo/query/acc.cgi?acc=GSE314851,PMID 41610194,The series also has an integrated Seurat RDS. The per-sample files are 10x-style mtx plus tissue_positions.,[],curator,2026-10-02 12:42
GEO,GSE314854,Targeting Modulated Vascular Smooth Muscle Cells in Atherosclerosis via FAP-Directed Immunotherapy,Visium,Visium FFPE; Xenium,Coronary artery (atherosclerotic plaque),Atherosclerosis,ready,ready,33,17,68,68,0,0.024,https://www.ncbi.nlm.nih.gov/geo/query/acc.cgi?acc=GSE314854,PMID 41610194,"SuperSeries also contains human CITE-seq, mouse aorta scRNA, and SMC/foam cell scRNA samples (excluded, non-spatial). 16 Visium FFPE (mtx + tissue_positions + scalefactors) and 17 Xenium regions (mtx + cells.parquet). Transcripts/boundaries omitted. Images exist for Visium. RAW tar: GSE314854_RAW.tar.",[],curator,2026-10-02 12:48
GEO,GSE314910,Spatial transcriptomic signatures of cardiac sarcoidosis,Visium,Visium,myocardium,cardiac sarcoidosis,ready,ready,12,12,36,36,0,0.178,https://www.ncbi.nlm.nih.gov/geo/query/acc.cgi?acc=GSE314910,,,[],curator,2026-10-02 12:43
GEO,GSE315233,Single-cell bioprinting to reconstruct native cellular microenvironments (Visium HD of bioprints),Visium HD,Visium HD,,,ready,ready,2,2,10,10,0,0.294,https://www.ncbi.nlm.nih.gov/geo/query/acc.cgi?acc=GSE315233,PMID 42281981,"Visium HD 8um bins from bioprinted replicas of human patient biopsies (engineered tissue, not native tissue). Only 8um bins provided.",[],curator,2026-10-02 12:41
GEO,GSE315246,Targeting Modulated Vascular Smooth Muscle Cells in Atherosclerosis via FAP-Directed Immunotherapy [Xenium in situ],Xenium,Xenium,Coronary artery,Atherosclerosis / coronary artery disease,ready,ready,18,1,1,0,0,0.855,https://www.ncbi.nlm.nih.gov/geo/query/acc.cgi?acc=GSE315246,PMID 41610194,"Series-level integrated Seurat RDS also available. Transcripts and boundaries parquet files omitted. Series includes mouse lineage tracing in the paper, but these Xenium samples are human.",[],curator,2026-10-02 14:16
GEO,GSE315408,Endocardial fibroelastosis MERFISH,MERFISH,MERSCOPE,heart,endocardial fibroelastosis (HLHS) and healthy control,ready,ready,5,5,10,0,0,0.14,https://www.ncbi.nlm.nih.gov/geo/query/acc.cgi?acc=GSE315408,,,[],curator,2026-10-02 13:29
GEO,GSE315411,Fishing with Two Lines: A Hybrid Approach to Spatial Transcriptomic Discovery,Xenium,Xenium (V1 + Prime 5K dual chemistry),Lung (tissue microarray),lung disease/tumor TMA (unspecified),ready,ready,5,5,10,0,4,7.768,https://www.ncbi.nlm.nih.gov/geo/query/acc.cgi?acc=GSE315411,PMID 41542551,"Per-sample cell_feature_matrix is only inside the large per-sample output tar.gz bundles (48-51 GB). Series-level h5ad/rds files hold processed matrices with spatial coords. Per-sample cells.csv.gz give coordinates (GSM9427185 dual run only has segmentation cells.csv.gz, not included). Transcripts parquet and H&E images are excluded.",[],curator,2026-10-02 14:21
GEO,GSE315435,Rhythmic nephron formation in the developing kidney,Xenium,Xenium,fetal kidney,normal (development),ready,ready,5,5,10,0,0,1.085,https://www.ncbi.nlm.nih.gov/geo/query/acc.cgi?acc=GSE315435,,"Mixed series: mouse samples (GSM9428101-106, E15-E18) excluded; only the 5 human samples (week 17 and week 20 fetal kidney) are kept. Transcripts and boundary files were skipped as out of scope.",[],curator,2026-10-02 14:22
GEO,GSE315553,Spatial Transcriptomics Data from Human Choroid Plexus,Slide-seq,Slide-seq / Curio Seeker,Choroid plexus,,ready,ready,4,4,4,0,0,0.045,,PMID 41648589,,[],curator,2026-10-02 14:08
GEO,GSE316390,Single Cell and Spatial Transcriptomics Identify Novel Immune-Stromal Interactions in Cardiac Allograft Vasculopathy,Visium,Visium FFPE,Coronary artery,Cardiac allograft vasculopathy; coronary artery disease; control,ready,ready,10,10,60,60,0,0.829,https://www.ncbi.nlm.nih.gov/geo/query/acc.cgi?acc=GSE316390,,"The series also has per-sample Seurat .rds files (CAV, CAD and CTL). The paper also describes a mouse CAV model and scRNA-seq, but the files listed here are all Visium samples.",[],curator,2026-10-02 12:38
GEO,GSE316402,Phase II Pembrolizumab plus GM-CSF in Advanced Biliary Cancer [Spatial Transcriptomics],Visium,Visium,biliary tract (cholangiocarcinoma biopsies),Advanced biliary cancer,ready,ready,12,12,60,60,0,0.018,https://www.ncbi.nlm.nih.gov/geo/query/acc.cgi?acc=GSE316402,,12 Visium samples (pre/post biopsies of 6 patients). Per-sample mtx plus tissue positions and scalefactors.,[],curator,2026-10-02 12:39
GEO,GSE316672,Spatial Transcriptomics Analysis of Macrophage-to-Myofibroblast Transition in Bronchiolitis Obliterans Following HSCT,GeoMx,GeoMx DSP (WTA),Lung,Bronchiolitis obliterans after HSCT (chronic GVHD); lung cancer controls,ready,ready,1,1,2,0,0,0.002,,PMID 41429336,"GeoMx ROI-level data (92 ROIs). Series-level Q3-normalized matrix covers all ROIs; the samples_min.tsv has ROI annotation. There are no x/y coordinates, since ROIs are region-based. Per-sample DCC files are raw counts.",[],curator,2026-10-02 14:25
GEO,GSE316760,Spatial transcriptomics of primary cutaneous melanoma,Visium,Visium,skin,primary cutaneous melanoma,ready,ready,2,2,6,0,0,0.041,https://www.ncbi.nlm.nih.gov/geo/query/acc.cgi?acc=GSE316760,,,[],curator,2026-10-02 14:10
GEO,GSE316917,Mapping the spatial architecture of glioblastoma from core to edge delineates niche-specific tumor cell states and intercellular interactions,Xenium,Xenium,Brain,Glioblastoma,ready,ready,9,9,18,18,0,0.294,https://www.ncbi.nlm.nih.gov/geo/query/acc.cgi?acc=GSE316917,,"Xenium, 9 samples. Matrix in zarr.zip (10x cell_feature_matrix zarr); coords in cells.parquet.gz. Also cells.zarr.zip, analysis.zarr.zip, transcripts and boundaries available per sample.",[],curator,2026-10-02 12:31
GEO,GSE317226,HIF regulatory network reflects kidney disease progression in diabetes and reversal with SGLT2 inhibition,Visium HD,Visium HD,Kidney,Type 2 diabetes / diabetic kidney disease,ready,ready,4,4,20,0,0,0.135,,PMID 42009641,Matrices appear to be 8um bins (cloupe 008um). Series-level RDS GSE317226_visiumHD_pretreatment.rds also has matrix+coords for all samples.,"[""https://ftp.ncbi.nlm.nih.gov/geo/series/GSE317nnn/GSE317226/suppl/GSE317226_visiumHD_pretreatment.rds""]",curator,2026-10-02 14:14
GEO,GSE317379,spaTransfer: transfer learning for single-cell and spatial transcriptomics data using NMF,Xenium,Xenium,brain,,ready,ready,2,2,4,0,0,0.037,https://www.ncbi.nlm.nih.gov/geo/query/acc.cgi?acc=GSE317379,,,[],curator,2026-10-02 14:16
GEO,GSE317381,spaTransfer: transfer learning for single-cell and spatial transcriptomics using NMF,Xenium,Xenium,Human brain,,ready,ready,4,4,8,0,0,0.331,https://www.ncbi.nlm.nih.gov/geo/query/acc.cgi?acc=GSE317381,,,[],curator,2026-10-02 14:16
GEO,GSE317606,Phase II Trial of Pembrolizumab plus GM-CSF in Advanced Biliary Cancer (Visium subset),Visium,Visium,biliary tract tumor biopsy,Advanced biliary cancer,ready,ready,12,0,0,0,0,0.0,https://www.ncbi.nlm.nih.gov/geo/query/acc.cgi?acc=GSE317606,,"SuperSeries; only 12 Visium GSMs (GSM9452684-95; pre/post biopsies of patients 30,38,41,42,43,44) are spatial. The other ~168 GSMs are scRNA-seq GEX/ADT and excluded. Matrix is mtx triplet; coords are tissue_positions plus scalefactors.",[],curator,2026-10-02 12:48
GEO,GSE317987,Spatial mapping of Ethiopian cutaneous leishmaniasis lesions reveals patient-defined immune signatures,Visium,Visium,skin (lesional and non-lesional punch biopsies),Cutaneous leishmaniasis,ready,ready,10,10,30,30,0,0.02,https://www.ncbi.nlm.nih.gov/geo/query/acc.cgi?acc=GSE317987,PMID 42553130,"5 patients, paired lesional/non-lesional. Extra spatial_enrichment CSVs and images not included.",[],curator,2026-10-02 12:08
GEO,GSE318039,Spatial Transcriptomics Reveals Compartment-Specific Cytotoxic T cells Crosstalk with AT2 and Goblet cells in Advanced COPD,Visium,Visium,lung,COPD (and healthy control),ready,ready,8,8,24,24,0,0.024,https://www.ncbi.nlm.nih.gov/geo/query/acc.cgi?acc=GSE318039,PMID 42351239,"3 controls, 5 COPD. Each sample also has mtx/barcodes/features; the h5 is used here. Images are available per sample but not recorded.",[],curator,2026-10-02 12:08
GEO,GSE318238,Spatially resolved gene expression and tumour-microenvironment interactions across malignant transformation in IDH-mutant glioma,Visium,Visium (plus GeoMx),brain,IDH-mutant glioma,ready,ready,3,3,18,18,0,0.086,,,"3 Visium samples (GSM9490659/60/61) with filtered matrices and tissue positions. GSM9490658 is GeoMx (xlsx only, not included). Per-sample Visium files have varying names; some samples may lack tissue_positions in the listing, so check them.",[],curator,2026-10-02 12:32
GEO,GSE318562,Spatial architecture of glioblastoma from core to edge,Visium,Visium,brain,glioblastoma,ready,ready,22,22,44,44,0,0.674,https://www.ncbi.nlm.nih.gov/geo/query/acc.cgi?acc=GSE318562,,Per-sample matrix and spatial files are tar.gz archives (10x filtered matrix; spatial folder with tissue positions).,[],curator,2026-10-02 12:32
GEO,GSE318867,Vascular STING activation facilitates NK cell anti-tumor immunity in small cell lung cancer [Spatial_Transcriptome],Visium,Visium,lung,small cell lung cancer,ready,bundle_only,3,3,30,30,6,0.142,,PMID 41791380,Per-sample tar.gz archives only (contents not inspected); several tars per GSM.,[],curator,2026-10-02 12:41
GEO,GSE318916,Epigenetic Subtypes of High-Grade T1 Bladder Cancer [VisiumHD],Visium HD,Visium HD,bladder,High-grade T1 non-muscle invasive bladder cancer (micropapillary),ready,bundle_only,3,2,4,4,1,0.76,,PMID 42244999,Only filtered_feature_bc_matrix.h5 per sample on GEO; no tissue_positions/spatial coordinates seen (coords missing unless inside RAW.tar). ,[],curator,2026-10-02 12:31
GEO,GSE319236,Spatially resolved maternal and fetal cell contributions to severe Preeclampsia,Visium,Visium,"Placenta (PVBP), myometrium, choriamniotic membranes",Severe preeclampsia (early/late) and controls,ready,ready,64,64,256,0,0,0.914,,,"Series also contains ~88 non-spatial scRNA-seq samples (sc-*; PBMC, PVBP, myometrium, CAM), excluded. Spatial samples are GSM9514099-GSM9514162 (titles ending -Spatial). Scalefactors not seen; images not included. RAW.tar is 47GB.","[""https://ftp.ncbi.nlm.nih.gov/geo/series/GSE319nnn/GSE319236/suppl/GSE319236_RAW.tar""]",curator,2026-10-02 13:56
GEO,GSE319536,A Spatial Atlas of Muscle-Invasive Bladder Cancer Reveals Lineage-Specific Vulnerabilities and Immune Architecture,Visium,Visium,bladder,muscle-invasive bladder cancer,ready,ready,22,22,66,0,0,0.219,https://www.ncbi.nlm.nih.gov/geo/query/acc.cgi?acc=GSE319536,,,[],curator,2026-10-02 13:55
GEO,GSE319617,Inference of cell-cell communication in human fetal liver from high definition spatial profiling using Renoir,Visium HD,Visium HD,fetal liver,none (normal fetal development),ready,ready,2,2,18,18,0,0.756,https://www.ncbi.nlm.nih.gov/geo/query/acc.cgi?acc=GSE319617,PMID 42086556,"Two samples (13 and 14 PCW), each with 2, 8, 16 um bins. Filtered matrices, tissue_positions parquet and scalefactors selected. Cloupe, molecule_info and feature_slice files are excluded.",[],curator,2026-10-02 12:37
GEO,GSE319755,Cytotoxic CD39+ tumor-associated NK cells respond to NKG2A blockade in lung cancer (10x Xenium),Xenium,Xenium,Lung,Lung adenocarcinoma (NSCLC),ready,ready,3,3,6,0,0,0.024,,PMID 42247486,,[],curator,2026-10-02 13:49
GEO,GSE319763,Inflammatory immune modulators of AML lung infiltration and respiratory failure,Xenium,Xenium,Lung,Acute myeloid leukemia (lung infiltration); healthy control,ready,ready,3,3,6,0,0,0.254,,,"Series also has mouse work in the paper, but the GEO samples are all human Xenium. Alternative formats are available: mtx, parquet, and zarr.",[],curator,2026-10-02 13:50
GEO,GSE319771,Integrative Molecular Analyses of Inflammatory and Autoimmune Signals in Cardiac Sarcoidosis [Xenium],Xenium,Xenium,"Heart (LV, RV, septum)",Cardiac sarcoidosis,ready,ready,18,18,36,0,0,0.054,,PMID 42206386,,"[""https://ftp.ncbi.nlm.nih.gov/geo/series/GSE319nnn/GSE319771/suppl/GSE319771_RAW.tar""]",curator,2026-10-02 13:51
GEO,GSE319968,Spatial and Bulk Transcriptomic Profiling of cutaneous SCC [GeoMx],GeoMx,GeoMx,skin,cutaneous squamous cell carcinoma,ready,ready,1,1,2,2,0,0.001,https://www.ncbi.nlm.nih.gov/geo/query/acc.cgi?acc=GSE319968,,"GeoMx DSP ROI-level (105 AOIs, 3 patients, PanCK/Macrophage segments). Series-level raw count matrix covers all AOIs; the metadata file is ROI annotation and may not contain true spatial coordinates. No per-sample files. Bulk HTG EdgeSeq is a separate series.",[],curator,2026-10-02 12:39
GEO,GSE320041,High-resolution and noninvasive profiling of the tumor microenvironment with spatial ecotypes [Visium],Visium HD,Visium / Visium HD,skin/metastatic tumor,melanoma,ready,ready,17,17,51,51,0,0.681,https://www.ncbi.nlm.nih.gov/geo/query/acc.cgi?acc=GSE320041,PMID 42092150,15 Visium + 2 Visium HD (16um) samples. Seurat rds also available per sample.,[],curator,2026-10-02 12:34
GEO,GSE320042,High-resolution and noninvasive profiling of the tumor microenvironment with spatial ecotypes,Visium HD,Visium / Visium HD,"Melanoma, colorectal cancer",Melanoma; colorectal cancer,ready,ready,17,17,17,17,0,2.987,,PMID 42092150,"SuperSeries also has scRNA-seq (dissociated/intact tissue) samples, which are non-spatial and excluded by the file patterns. Spatial samples: about 17 Visium plus 2 Visium HD (16um). Raw bundle: GSE320042_RAW.tar.",[],curator,2026-10-02 12:35
GEO,GSE320505,Single cell and spatial sequencing analysis of cancer associated fibroblasts in the brain metastasis tumor microenvironment,Visium,Visium,Brain metastasis,Brain metastasis,ready,ready,4,4,12,12,0,0.043,https://www.ncbi.nlm.nih.gov/geo/query/acc.cgi?acc=GSE320505,PMID 41917370,,[],curator,2026-10-02 12:38
GEO,GSE321832,Spatial transcriptomics of squamous cell carcinoma from different tissues,Visium,Visium,"head and neck (oral), lung, skin",squamous cell carcinoma,ready,ready,5,5,15,0,0,0.088,,PMID 42045479,,[],curator,2026-10-02 14:03
GEO,GSE322553,Dendritic cell-mediated antigen presentation regulates TLS development in cancer,Visium,Visium,"colorectal, lung, liver tumors","CRC, NSCLC, HCC",ready,ready,7,7,21,21,0,0.082,,,"Series may also include mouse work in paper, but the 7 GSMs listed are human Visium.",[],curator,2026-10-02 12:27
GEO,GSE322640,Trabectedin and low-dose irinotecan to target EWS::FLI1 in Ewing sarcoma: a phase 1/2 trial,Visium HD,Visium HD,Ewing sarcoma tumor,Ewing sarcoma,ready,ready,10,10,30,30,0,0.217,,PMID 41991689,Pre/post-treatment paired samples from 5 patients. Technology inferred as Visium HD from large parquet positions files. Series also has a probe set CSV.,"[""https://ftp.ncbi.nlm.nih.gov/geo/series/GSE322nnn/GSE322640/suppl/GSE322640_RAW.tar""]",curator,2026-10-02 12:39
GEO,GSE322767,Myofibroblast programming blocks differentiation of TLS-organizing fibroblastic reticular cells in pancreatic cancer,Visium,Visium,Pancreas,Pancreatic ductal adenocarcinoma,ready,ready,8,8,8,8,0,3.94,,,"Per-sample Seurat RDS assumed to contain spatial coordinates. The series also includes murine work, but these 8 samples are human.",[],curator,2026-10-02 12:39
GEO,GSE322883,Spatial Transcriptomics Analysis of inflamed versus healthy Dental Pulps,Visium,Visium CytAssist,Dental pulp,Pulpitis (reversible/irreversible) and healthy,ready,ready,4,4,12,12,0,0.007,https://www.ncbi.nlm.nih.gov/geo/query/acc.cgi?acc=GSE322883,,,[],curator,2026-10-02 12:35
GEO,GSE324268,Xenium of patient-derived glioblastoma organoid on brain slice and primary GBM,Xenium,Xenium,brain,glioblastoma,ready,ready,2,2,4,0,0,0.077,https://www.ncbi.nlm.nih.gov/geo/query/acc.cgi?acc=GSE324268,PMID 41951573,Organoid sample may contain human tumor cells on brain slice (possibly mixed tissue). Transcripts and boundaries parquet are available per sample but not selected.,[],curator,2026-10-02 14:03
GEO,GSE324601,Spatial transcriptomic analysis of human iPSC-derived hemanoids at day 16 and day 28,Visium,Visium,iPSC-derived hemanoids (FFPE),none (in vitro model),ready,ready,2,2,6,6,0,0.007,https://www.ncbi.nlm.nih.gov/geo/query/acc.cgi?acc=GSE324601,,,[],curator,2026-10-02 12:28
GEO,GSE325196,Single Nuclei and Spatial Transcriptomic Datasets in Brain Metastases,Visium,Visium,Brain (metastases),"Brain metastases (lung, breast, melanoma, sarcoma)",ready,ready,12,12,60,60,0,0.394,,,"The series also contains 23 snRNA-seq samples (S_ files), which are not spatial and are excluded. The summary mentions 4 Xenium specimens, but no Xenium files are listed in the GEO file patterns. 12 Visium samples (V_ files).",[],curator,2026-10-02 12:34
GEO,GSE325489,Spatiomolecular mapping reveals anatomical organization of heterogeneous cell types in the human nucleus accumbens,Xenium,Xenium,nucleus accumbens,,ready,ready,4,4,8,8,0,0.059,,PMID 42385698,,[],curator,2026-10-02 12:37
GEO,GSE325587,Spatial transcriptomics identifies IL-32 as a lipid droplet-associated cytokine linked to tubular injury in human diabetic kidney disease,CosMx,CosMx,Kidney,Diabetic kidney disease,ready,ready,5,5,13,0,0,1.058,,PMID 41324332,"CosMx data provided per slide (4 slides, Run5830) as series-level files, covering 17 GSMs (14 patients incl. controls). Also a combined processed h5ad. Polygons, tx files, images are additional links.",[],curator,2026-10-02 14:03
GEO,GSE325706,GPNMB CAR target ASPS - Visium HD,Visium HD,Visium HD,lung lesion (alveolar soft part sarcoma biopsies),Alveolar soft part sarcoma,ready,ready,2,2,10,10,0,0.046,https://www.ncbi.nlm.nih.gov/geo/query/acc.cgi?acc=GSE325706,,,[],curator,2026-10-02 12:36
GEO,GSE325755,Spatial membrane lipid remodeling encodes epithelial lineage and state in human colon cancer,Visium,Visium,colon,colon cancer (primary and metastatic),ready,ready,11,11,55,0,0,0.313,,,Matrices are raw (unfiltered) 10x mtx; tissue_positions can be used to filter. Series also involves MALDI lipid imaging (not included).,[],curator,2026-10-02 13:31
GEO,GSE325935,Single Nuclei and Spatial Transcriptomic Datasets in Brain Metastases [Xenium],Xenium,Xenium,Brain metastasis,"Brain metastases (lung, breast, melanoma, sarcoma)",ready,ready,4,4,8,8,0,0.098,https://www.ncbi.nlm.nih.gov/geo/query/acc.cgi?acc=GSE325935,,The Visium and snRNA-seq samples from the same study are in separate GEO series. This series has only the 4 Xenium samples.,[],curator,2026-10-02 12:32
GEO,GSE325938,Spinal signatures of entrenched and treated neuropathic pain in male mice [Visium],Visium,Visium,Spinal cord,Neuropathic pain,ready,bundle_only,4,1,40,40,1,0.155,https://www.ncbi.nlm.nih.gov/geo/query/acc.cgi?acc=GSE325938,PMID 42457652,"Mixed mouse+human series. Human samples: Human_2, 4, 6, 8 (GSM9617574-77). Mouse Sham1-4 excluded. Only a series-level processed_data tar.gz (contents not inspected) is available, shared with mouse samples.",[],curator,2026-10-02 12:35
GEO,GSE325991,High-resolution spatial transcriptomics of human adrenal neoplasms,Visium HD,Visium HD,adrenal gland,adrenocortical adenoma / pheochromocytoma mixed tumor,ready,ready,1,1,5,5,0,0.522,,,,[],curator,2026-10-02 12:36
GEO,GSE326094,Aberrant laminin signaling drives melanocyte dedifferentiation in vitiligo,Visium,Visium,skin,vitiligo,ready,bundle_only,1,1,7,7,1,0.094,,PMID 41997929,"Only 1 GSM listed (vitiligo skin), although the summary mentions healthy controls. Data is a processed tar.gz whose contents were not inspected.",[],curator,2026-10-02 12:36
GEO,GSE326226,A Xenium Spatial Atlas of Muscle-Invasive Bladder Cancer Reveals Lineage-Specific Vulnerabilities,Xenium,Xenium,Bladder,Muscle-invasive bladder cancer,ready,ready,5,5,10,0,0,0.073,https://www.ncbi.nlm.nih.gov/geo/query/acc.cgi?acc=GSE326226,,,[],curator,2026-10-02 13:53
GEO,GSE326743,Splenic white pulp macrophages in mouse and human spleen [human_spleen_Xenium],Xenium,Xenium,spleen,,ready,ready,7,7,14,0,0,0.33,https://www.ncbi.nlm.nih.gov/geo/query/acc.cgi?acc=GSE326743,,,[],curator,2026-10-02 13:55
GEO,GSE326837,Spatial transcriptomics reveals immune-stromal crosstalk within the synovium of patients with juvenile idiopathic arthritis,Xenium,Xenium,synovium,juvenile idiopathic arthritis,ready,ready,9,9,18,0,0,0.301,https://www.ncbi.nlm.nih.gov/geo/query/acc.cgi?acc=GSE326837,PMID 41269758,,"[""https://ftp.ncbi.nlm.nih.gov/geo/series/GSE326nnn/GSE326837/suppl/GSE326837_RAW.tar""]",curator,2026-10-02 14:00
GEO,GSE326903,Polarized neocortical organoids with areal signatures (Visium),Visium,Visium,neocortical organoid (H9 hPSC-derived),none (normal),ready,ready,3,3,15,0,0,0.132,https://www.ncbi.nlm.nih.gov/geo/query/acc.cgi?acc=GSE326903,PMID 42624107,,[],curator,2026-10-02 13:26
GEO,GSE327056,Spatial transcriptomic profiling of human pancreatic ductal adenocarcinoma using 10x Genomics Visium platform,Visium,Visium,pancreas,pancreatic ductal adenocarcinoma,ready,ready,4,4,20,20,0,0.118,https://www.ncbi.nlm.nih.gov/geo/query/acc.cgi?acc=GSE327056,PMID 42100437,,[],curator,2026-10-02 12:36
GEO,GSE327347,Targeted spatial transcriptomic profiling of pleural mesothelioma using 10x Genomics Xenium,Xenium,Xenium,Pleura,Pleural mesothelioma,ready,ready,7,7,14,0,0,0.056,,PMID 41319863,,[],curator,2026-10-02 13:59
GEO,GSE327441,Cellular Signatures of Melanocortin Pathway Genes Across the Locus Coeruleus [Spatial Transcriptomics],Visium,Visium,Locus coeruleus (brain),healthy/control (Alzheimer's-related study),ready,ready,4,4,12,12,0,0.05,https://www.ncbi.nlm.nih.gov/geo/query/acc.cgi?acc=GSE327441,PMID 41935248,"Series also has a combined Seurat RDS (GSE327441_meta_visium_seurat.rds). Series also includes snRNA-seq and mouse RNAscope, but only the 4 human Visium samples are listed here.",[],curator,2026-10-02 12:36
GEO,GSE327879,Single-cell spatial transcriptomic analyses of severe Covid-19 lungs identifies disease-associated spatial niches,CosMx,CosMx,Lung,COVID-19 (and control),ready,ready,2,2,6,0,0,0.019,https://www.ncbi.nlm.nih.gov/geo/query/acc.cgi?acc=GSE327879,,,[],curator,2026-10-02 13:25
GEO,GSE328422,Spatio-temporal mapping of immune cell dynamics during human sequential lymph node metastasis,Xenium,Xenium,lymph node (sentinel / axillary),triple-negative breast cancer lymph node metastasis,ready,ready,6,6,12,12,0,0.516,,,Only Xenium samples have GSMs (6). Abstract mentions Visium too but no Visium files are listed. A 38GB combined Seurat RDS is also available at series level.,[],curator,2026-10-02 12:28
GEO,GSE328460,Single-cell resolution spatial transcriptomics of a mucinous tubular and spindle cell carcinoma using CosMX,CosMx,CosMx,,Mucinous tubular and spindle cell carcinoma,ready,ready,1,1,3,0,0,0.023,https://www.ncbi.nlm.nih.gov/geo/query/acc.cgi?acc=GSE328460,,,[],curator,2026-10-02 13:37
GEO,GSE328481,Stereo-XCR-seq of lung adenocarcinoma ectopic GC-like niches,Stereo-seq,Stereo-seq (Stereo-XCR-seq),lung,lung adenocarcinoma,ready,ready,11,11,11,0,0,6.222,,PMID 42547508,,[],curator,2026-10-02 13:50
GEO,GSE328849,Spatial transcriptomics identifies IL-32 as a lipid droplet-associated cytokine linked to tubular injury in human DKD [GeoMx],GeoMx,GeoMx,Kidney,Diabetic kidney disease,ready,ready,1,1,2,0,0,0.004,https://www.ncbi.nlm.nih.gov/geo/query/acc.cgi?acc=GSE328849,PMID 41653322,"GeoMx ROI-level data: only series-level RDS objects (initSet and finalSet), no per-GSM files. 86 ROIs from 14 patients (normal and DKD).",[],curator,2026-10-02 14:02
GEO,GSE330163,Human Myometrial Cell Fate under Chronic Oxidative Stress for Leiomyomagenesis,Visium HD,Visium (likely Visium HD; parquet tissue positions),Myometrial Myo-hTERT cell spheroids/xenografts (TMA),Uterine leiomyoma (oxidative stress model),ready,ready,2,2,135,0,0,0.39,,PMID 42539031,"Only 2 GSMs (TMA2, TMA3), each containing many per-core samples (~27 cores, files named TMA#_{M,Q,W}_{C,T}#). Human cell lines grown as spheroids and xenografted in mice, so some reads may be mouse stroma. Per-core spatial RDS files are also available. Images are in the series supplementary files.",[],curator,2026-10-02 13:45
GEO,GSE330224,Multi-omics of human lumbar spinal cord and motor cortex in ALS (Visium),Visium,Visium,lumbar spinal cord; motor cortex,ALS,ready,ready,321,321,642,639,0,14.22,https://www.ncbi.nlm.nih.gov/geo/query/acc.cgi?acc=GSE330224,,320 GSMs listed; per-sample 10x filtered h5 + spatial tar.gz (coords inside tar). Series-level h5ad for LSC and MTC contain merged counts with coordinates. Study also includes snRNA-seq (the sample listing is all Visium-patterned). Raw tar is also available.,[],curator,2026-10-02 12:41
GEO,GSE330953,A necroptotic-to-apoptotic signaling axis underlies inflammatory bowel disease,Xenium,Xenium,intestinal biopsy (colon),"Inflammatory bowel disease (UC, CD) and non-IBD controls",ready,ready,51,51,102,0,0,0.207,https://www.ncbi.nlm.nih.gov/geo/query/acc.cgi?acc=GSE330953,PMID 42658927,475-gene Xenium panel. Per-sample transcripts and boundary parquet files exist but were not selected. The series RAW.tar is 87 GB.,[],curator,2026-10-02 13:32
GEO,GSE331133,Single-Cell and Spatial Multi-Omics Reveal Estrogen-Mediated Vaginal Wall Microenvironment Remodeling in Postmenopausal POP,Visium HD,Visium HD,anterior vaginal wall,Pelvic organ prolapse (postmenopausal; estrogen-treated vs untreated),ready,bundle_only,2,2,66,66,4,2.678,https://www.ncbi.nlm.nih.gov/geo/query/acc.cgi?acc=GSE331133,,"Series has 15 GSMs; only 2 are spatial (the rest are scRNA-seq, excluded). Technology is inferred from 'high-definition spatial transcriptomics' and the Space Ranger outs archives, so confirm it. Data are only available as tar.gz archives: the outs archive should hold the matrix and spatial coordinates, and the EmptyDrops_CR_matrix archive holds a matrix.",[],curator,2026-10-02 12:08
GEO,GSE331374,Glioma-intrinsic MAPK/ERK signaling promotes immunotherapy efficacy through T cell infiltration and interferon responses,Visium,Visium,brain (human GBM slice cultures),glioblastoma,ready,ready,4,4,8,8,0,0.048,,PMID 42350396,"Series also has 4 snRNA-seq samples (GSM9744835-38), excluded. Coords are in per-sample spatial_*.tar.gz (Visium spatial folder with tissue_positions), role tagged coords. The series also includes murine CRISPR screens, which aren't in the GEO samples.",[],curator,2026-10-02 12:33
GEO,GSE331446,Epicardial fat drives macrophage response in atrial cardiomyopathy,Visium,Visium,Right atrial appendage (FFPE),Atrial cardiomyopathy / atrial fibrillation,ready,bundle_only,6,6,31,31,6,0.132,,,Per-sample tar.gz archives; contents not inspected.,[],curator,2026-10-02 12:33
GEO,GSE331531,Adrenergic and Mesenchymal Cancer Cell States in Neuroblastoma Using Spatial-Omics,Xenium,Xenium,neuroblastoma tumor,Neuroblastoma,ready,ready,7,7,11,0,0,0.299,https://www.ncbi.nlm.nih.gov/geo/query/acc.cgi?acc=GSE331531,,"4 samples (SJST*, SJNBL031239) have cells.parquet.gz coords. 3 SJNBL samples (GSM9749285/87/88) list only matrix + transcripts; coords must be derived from transcripts.parquet or are missing. Series RAW.tar is 158GB.",[],curator,2026-10-02 13:31
GEO,GSE332563,Comprehensive spatial profiling of the spleen in human myelofibrosis [ST_Visium],Visium,Visium,Spleen,Myelofibrosis (MPN) and control,ready,ready,12,12,60,60,0,0.319,https://www.ncbi.nlm.nih.gov/geo/query/acc.cgi?acc=GSE332563,,9 MPN + 3 control spleen samples; per-sample mtx plus tissue_positions and scalefactors. A companion snRNA-seq series probably exists separately.,[],curator,2026-10-02 12:29
GEO,GSE332618,Adrenergic and Mesenchymal Cancer Cell States in Neuroblastoma Using Spatial-Omics [Spatial Transcriptomics],Visium HD,Visium HD,Neuroblastoma tumor,Neuroblastoma,ready,ready,16,16,79,79,0,6.652,https://www.ncbi.nlm.nih.gov/geo/query/acc.cgi?acc=GSE332618,,"Technology inferred (Visium HD) from large matrices and parquet tissue_positions; not stated explicitly. GSM9751530 appears to have no tissue_positions file in its listing (only scalefactors), so coords may be missing for that sample. Series RAW tar also available.",[],curator,2026-10-02 12:08
GEO,GSE332850,Xenium Spatial Transcriptomics of TGFBRIIDN-Armored GPC3-CAR-T Cells in HCC,Xenium,Xenium,"Liver (HCC tumor biopsy, FFPE)",Hepatocellular carcinoma,ready,ready,8,8,16,0,0,0.103,https://www.ncbi.nlm.nih.gov/geo/query/acc.cgi?acc=GSE332850,,"18 GSM samples (13 patients) but only 8 series-level Xenium matrix/cells files (numbered 1-8); mapping of file index to GSM is not given in the listing (likely some GSMs share or are omitted). Per-GSM files are only cell annotation CSVs. Boundaries, transcripts and morphology images are available at series level but not recorded.",[],curator,2026-10-02 13:51
GEO,GSE333244,Spatial Rewiring of Enterocyte Identity in Celiac Disease [Visium],Visium,Visium,small intestine,Celiac disease (plus control),ready,ready,4,4,8,8,0,1.937,https://www.ncbi.nlm.nih.gov/geo/query/acc.cgi?acc=GSE333244,,Per-sample h5ad (matrix+coords) plus scalefactors. Series-level combined annotated h5ad (13GB) also available. Segmentation geojson files not used.,"[""https://ftp.ncbi.nlm.nih.gov/geo/series/GSE333nnn/GSE333244/suppl/GSE333244_all_ad_w_annotations_UMI100_leiden1.5.h5ad""]",curator,2026-10-02 12:08
GEO,GSE333529,"Skin–kidney neutrophil axis, UV, renal angiogenesis; lupus nephritis spatial transcriptomics",Visium,Visium,kidney (biopsy),lupus nephritis,ready,ready,4,4,20,20,0,0.052,https://www.ncbi.nlm.nih.gov/geo/query/acc.cgi?acc=GSE333529,PMID 42679049,"Human spatial samples are 4 LN biopsies. The series also covers mouse work, but the spatial GSMs are human only.",[],curator,2026-10-02 12:08
GEO,GSE333617,Targeting JAK1/3-STAT1 signaling in SJS/TEN (scRNA + Visium),Visium,Visium,skin,Stevens-Johnson syndrome / toxic epidermal necrolysis,ready,ready,4,4,20,20,0,0.078,https://www.ncbi.nlm.nih.gov/geo/query/acc.cgi?acc=GSE333617,,Series mixes scRNA/TCR (excluded) with 4 Visium GSMs (GSM9769919-22; HD31HD32 is two donors on one sample). Matrix is mtx per sample; coords are tissue_positions + scalefactors.,[],curator,2026-10-02 12:30
GEO,GSE333737,MERFISH profiling of ECM and vascular-associated populations in adult human pancreas,MERFISH,MERSCOPE (MERFISH),Pancreas,Type 2 diabetes and non-diabetic,ready,ready,13,1,4,0,12,0.957,https://www.ncbi.nlm.nih.gov/geo/query/acc.cgi?acc=GSE333737,,"300-gene custom panel, FFPE. Series-level h5ad files (ND, T2D, all cells, vascular cells) hold the matrix and spatial coordinates for all 12 donors. Per-sample zips (about 3 GB each) are raw MERSCOPE outputs. GSE333737_RAW.tar is 28 GB.",[],curator,2026-10-02 13:49
GEO,GSE334323,Custom Probe-Based Spatial Transcriptomics Enables Microbiome Detection in FFPE Colorectal Cancer Tissue,Visium,"Visium CytAssist (FFPE, custom 16S probes)",Colon (tumor and normal adjacent),Colorectal cancer,ready,ready,6,6,30,30,0,0.156,https://www.ncbi.nlm.nih.gov/geo/query/acc.cgi?acc=GSE334323,,,[],curator,2026-10-02 12:32
GEO,GSE334710,Spatial transcriptomic data for skin tissue of systemic sclerosis or localized scleroderma,Visium,Visium CytAssist,skin,localized scleroderma; systemic sclerosis,ready,ready,1,1,1,1,0,0.06,,,"Single combined Seurat RDS (harmony-integrated) for 4 samples (LS_1-3, SSc_1); no per-sample files.",[],curator,2026-10-02 12:31
GEO,GSE334924,Matched single-cell and Visium HD spatial transcriptomics of a chronic antibody-mediated rejection kidney graft,Visium HD,Visium HD,kidney graft,chronic antibody-mediated rejection,ready,bundle_only,1,1,40,40,1,2.174,,,"Only the Visium HD sample (GSM9802211) is recorded. GSM9802210 is scRNA-seq and is excluded. The spatial data is a single 8.3 GB tar.gz, and I did not inspect its contents.",[],curator,2026-10-02 12:27
GEO,GSE335181,Spatial transcriptomic analysis of patient- and cell line-derived high grade serous ovarian cancer spheroids,Visium,Visium,Ovarian cancer spheroids (tissue microarray),High grade serous ovarian cancer,ready,ready,2,2,10,10,0,0.042,https://www.ncbi.nlm.nih.gov/geo/query/acc.cgi?acc=GSE335181,,"Two Visium TMA samples; one contains cell-line spheroids, the other patient-derived spheroids.",[],curator,2026-10-02 12:30
GEO,GSE335275,Spatial architecture of glioblastoma core to edge (Xenium cohort3),Xenium,Xenium,Brain,Glioblastoma,ready,ready,6,6,12,12,0,0.12,,,"Matrix is Xenium cell_feature_matrix in zarr.zip; coords in cells.parquet.gz. Transcripts, boundaries and analysis zarr files were not selected. The series RAW.tar is about 55 GB.",[],curator,2026-10-02 12:31
GEO,GSE335372,CAR-T-drug conjugate against solid tumor [Spatial Transcriptomics],Visium,Visium,,"solid tumor (human lung cancer xenograft, CAR-T treatment)",ready,ready,3,1,1,0,2,0.284,,,"Likely human tumor xenografts in mice, so reads may be mixed human/mouse. The merged Seurat rds covers both samples. Per-sample tar.gz bundles are also listed. Technology is inferred as Visium and not confirmed.",[],curator,2026-10-02 13:41
GEO,GSE335552,An Integrated Spatial Multi-Omics Workflow for Sequential RNA and Protein Profiling in FFPE Tumor Tissue,Xenium,Xenium,Liver (colorectal liver metastases and adjacent normal),Colorectal liver metastasis,ready,ready,4,4,8,0,0,0.046,https://www.ncbi.nlm.nih.gov/geo/query/acc.cgi?acc=GSE335552,,Xenium followed by IMC on same section. Transcripts and boundaries parquet also available per sample (not recorded). TIFF images are also in the series.,[],curator,2026-10-02 13:34
GEO,GSE335761,Human Cellular Clock of the Aging Lung Parenchyma spatial transcriptomics data,Xenium,Xenium,lung parenchyma,normal (aging),ready,ready,20,20,40,0,0,0.244,,PMID 42457688,Per-sample Xenium files; transcripts and boundaries parquet also available but out of scope. Clinical info file in series suppl.,"[""https://ftp.ncbi.nlm.nih.gov/geo/series/GSE335nnn/GSE335761/suppl/GSE335761_RAW.tar""]",curator,2026-10-02 13:42
GEO,GSE335898,Spatial atlas of the human brain vasculature reveals specialized cell ensembles,Xenium,Xenium,"brain (temporal cortex, hippocampus)",,ready,ready,15,15,30,0,0,0.1,,PMID 42537647,,[],curator,2026-10-02 13:35
GEO,GSE335962,Clonal Hematopoiesis Drives Fibrotic Remodeling of the Bone Marrow Microenvironment [dataset 2],Xenium,Xenium,Bone marrow,Clonal hematopoiesis (CHIP),ready,ready,6,6,12,0,0,0.024,https://www.ncbi.nlm.nih.gov/geo/query/acc.cgi?acc=GSE335962,,Per-sample Metadata.csv.gz also available. Transcripts and boundaries are out of scope.,[],curator,2026-10-02 13:32
GEO,GSE336556,Spatial transcriptomics of BALT in stable and rejecting human lung allografts,Xenium,Xenium,lung (transbronchial biopsy),lung allograft rejection (ACR A0 vs A3),ready,ready,9,9,18,0,0,0.02,https://www.ncbi.nlm.nih.gov/geo/query/acc.cgi?acc=GSE336556,PMID 42263893,,[],curator,2026-10-02 13:41
GEO,GSE336853,Ulcerative colitis vedolizumab response CosMx WTX spatial (rectum),CosMx,CosMx,Rectum,Ulcerative colitis,ready,ready,8,8,24,0,0,1.434,https://www.ncbi.nlm.nih.gov/geo/query/acc.cgi?acc=GSE336853,,"Series also includes bulk/scRNA/proteomics per the paper, but GEO samples are 8 CosMx WTX rectum samples. Transcript and polygon files are excluded.",[],curator,2026-10-02 13:26
GEO,GSE336890,Spatial analysis reveals cellular microenvironments and mechanisms of inflammation and injury in acute interstitial nephritis,Xenium,Xenium,Kidney (biopsy),"Acute interstitial nephritis, acute tubular injury, reference kidney",ready,ready,9,9,18,0,0,0.104,https://www.ncbi.nlm.nih.gov/geo/query/acc.cgi?acc=GSE336890,,,[],curator,2026-10-02 13:32
GEO,GSE337131,Spatial transcriptomics of early-grade Huntington's disease and control Caudate,Visium HD,Visium HD,Caudate,Huntington's disease,ready,ready,2,2,4,4,0,5.443,https://www.ncbi.nlm.nih.gov/geo/query/acc.cgi?acc=GSE337131,,8um bins only. h5ad and seurat rds both provided (matrix+coords); cloupe files and the RAW.tar bundle are also available. One HD and one control sample.,[],curator,2026-10-02 12:08
GEO,GSE337336,Genomic and spatial transcriptomics identify fibroblast-associated microenvironment in early mycosis fungoides progression,CosMx,CosMx,skin,mycosis fungoides,ready,ready,16,16,48,0,0,0.015,https://www.ncbi.nlm.nih.gov/geo/query/acc.cgi?acc=GSE337336,,,[],curator,2026-10-02 13:39
GEO,GSE337521,"Efficacy, safety, and spatial transcriptomic rationale of orelabrutinib plus obinutuzumab in marginal zone lymphoma",Visium HD,Visium HD,"MALT lymphoma (gastric, thyroid, labial gland)",Marginal zone lymphoma (MALT lymphoma),ready,bundle_only,1,1,38,38,1,1.036,https://www.ncbi.nlm.nih.gov/geo/query/acc.cgi?acc=GSE337521,PMID 42436125,Series-level tar.gz (~2GB) of processed Space Ranger data; contents not listed. Per-sample GSMs have no files (raw FASTQ only).,[],curator,2026-10-02 12:27
GEO,GSE337859,Exploratory Single-nucleus Multiomics of Myeloid Cell States Associated with Neoadjuvant Chemotherapy Response in Human PDAC,Visium,Visium CytAssist (FFPE),Pancreas,Pancreatic ductal adenocarcinoma,ready,ready,2,2,10,10,0,0.062,https://www.ncbi.nlm.nih.gov/geo/query/acc.cgi?acc=GSE337859,PMID 42735906,,[],curator,2026-10-02 12:08
GEO,GSE338314,Benchmarking cell-type deconvolution in cross-platform transcriptomic data [Visium],Visium,Visium,,,ready,bundle_only,4,4,12,12,4,0.166,https://www.ncbi.nlm.nih.gov/geo/query/acc.cgi?acc=GSE338314,PMID 42629550,"Per-sample filtered_feature_bc_matrix tar.gz only; no tissue_positions/spatial files listed, so coordinates are likely missing. TLS annotation loupe CSVs are also provided. Tissue and disease not stated in the metadata I checked.",[],curator,2026-10-02 12:28
GEO,GSE338506,Spatial transcriptomic profiling of human gastric cancer FFPE specimens,Visium,Visium,Stomach,Gastric cancer,ready,ready,6,6,30,30,0,0.289,https://www.ncbi.nlm.nih.gov/geo/query/acc.cgi?acc=GSE338506,,,[],curator,2026-10-02 12:26
GEO,GSE338525,Spatial transcriptomics supports a role for SOX-4 driven signaling throughout the disease course of biliary atresia,Visium,Visium,Liver,Biliary atresia; non-BA cholestasis; normal,ready,ready,16,16,48,48,0,0.08,,PMID 42520160,16 samples listed; BA1_3 was excluded from the authors' analysis. Series-level metadata CSVs are also available.,[],curator,2026-10-02 12:28
GEO,GSE338671,STAT5B LoF variant sJIA-like disease Xenium synovium,Xenium,Xenium,synovium,juvenile idiopathic arthritis (STAT5B haploinsufficiency),ready,ready,3,3,6,0,0,0.05,https://www.ncbi.nlm.nih.gov/geo/query/acc.cgi?acc=GSE338671,,,[],curator,2026-10-02 13:25
GEO,GSE339455,Integrated bulk and spatial transcriptomic analysis in hypertensive nephropathy [Spatial Transcriptomics],Visium,Visium,Kidney (FFPE biopsy),Hypertensive nephropathy,ready,ready,4,4,20,20,0,0.045,https://www.ncbi.nlm.nih.gov/geo/query/acc.cgi?acc=GSE339455,,,[],curator,2026-10-02 12:27
GEO,GSE341225,Spatial analysis reveals the evolving organization of IDH-mutant glioma,Visium,Visium,brain,"IDH-mutant glioma (astrocytoma, oligodendroglioma)",ready,ready,18,18,54,54,0,0.082,https://www.ncbi.nlm.nih.gov/geo/query/acc.cgi?acc=GSE341225,,,"[""https://ftp.ncbi.nlm.nih.gov/geo/series/GSE341nnn/GSE341225/suppl/GSE341225_RAW.tar""]",curator,2026-10-02 12:27
GEO,GSE341250,Xenium spatial transcriptomics identifies mesenchymal fibroblast expansion and conserved fibrotic ECM programs in keloid,Xenium,Xenium,skin,keloid,ready,ready,2,2,4,0,0,0.011,,,,[],curator,2026-10-02 13:34
GEO,GSE342289,Multiscale spatial transcriptomics resolves the cellular and molecular architecture of the human amygdala [Xenium],Xenium,Xenium,amygdala (brain),neurotypical (series also addresses alcohol use disorder),ready,ready,4,4,8,8,0,0.096,https://www.ncbi.nlm.nih.gov/geo/query/acc.cgi?acc=GSE342289,,"Xenium part only; Visium/VisiumHD are in sibling series. Cell boundaries, nucleus boundaries and transcripts parquet also available per sample (not selected).",[],curator,2026-10-02 12:08
GEO,GSE342687,Spatial transcriptomic dissection of intratumoral heterogeneity and microenvironment in sinonasal and skull base adenoid cystic carcinoma,Visium,Visium,sinonasal / skull base,adenoid cystic carcinoma,ready,ready,6,6,30,30,0,0.136,https://www.ncbi.nlm.nih.gov/geo/query/acc.cgi?acc=GSE342687,,,[],curator,2026-10-02 12:08
GEO,GSE342703,Spatial-SCB,Visium HD,Visium HD,subchondral bone,osteoarthritis,ready,ready,4,4,20,20,0,0.088,,,,[],curator,2026-10-02 12:26
GEO,GSE342709,Multiscale spatial transcriptomics resolves the cellular and molecular architecture of the human amygdala [Visium],Visium,Visium,amygdala,neurotypical (alcohol use disorder analyses also mentioned),ready,ready,2,2,10,10,0,0.059,https://www.ncbi.nlm.nih.gov/geo/query/acc.cgi?acc=GSE342709,,Per-sample files verified on 2 GSMs and assumed the same layout for all 51. Series also has a 78GB RAW.tar. The Xenium and VisiumHD parts are presumably in other series.,[],curator,2026-10-02 12:08
GEO,GSE342738,Multiscale spatial transcriptomics resolves the cellular and molecular architecture of the human amygdala [Visium HD],Visium HD,Visium HD,"Amygdala (ITC, MeA, CeA)",Neurotypical (healthy),ready,ready,5,5,25,25,0,3.031,https://www.ncbi.nlm.nih.gov/geo/query/acc.cgi?acc=GSE342738,,"Series also mentions Visium and Xenium in the paper, but this GEO series contains only the 5 Visium HD samples. Matrices are mtx and the positions are parquet.",[],curator,2026-10-02 12:08
GEO,GSE344166,Integrated spatial and single cell analysis identifies CCL21+ lymphatic endothelial cells in acral melanoma,GeoMx,GeoMx DSP (WTA),skin (acral melanoma),acral melanoma,ready,ready,1,1,2,0,0,0.006,,,"GeoMx ROI-level data (116 ROIs). Series-level normalized matrix; per-ROI DCC files also exist. No true x/y coordinates found; Experiment_Summary may hold ROI metadata only. Also scRNA-seq in paper, not included here.","[""https://ftp.ncbi.nlm.nih.gov/geo/series/GSE344nnn/GSE344166/suppl/GSE344166_RAW.tar"", ""https://ftp.ncbi.nlm.nih.gov/geo/series/GSE344nnn/GSE344166/suppl/GSE344166_tiff_image_files.tar.gz""]",curator,2026-10-02 13:39
GEO,GSE344969,Spatial transcriptomic profiling of calcified human coronary artery lesions,Visium,Visium CytAssist,coronary artery,coronary artery calcification / atherosclerosis,ready,ready,2,2,6,6,0,0.007,https://www.ncbi.nlm.nih.gov/geo/query/acc.cgi?acc=GSE344969,,,[],curator,2026-10-02 12:08
GEO,GSE345302,Spatial profiling of tumor microenvironment during multiple myeloma evolution,Xenium,Xenium,Bone marrow biopsy,"Multiple myeloma (control, SMM, NDMM, relapse)",ready,ready,8,8,16,0,0,0.184,https://www.ncbi.nlm.nih.gov/geo/query/acc.cgi?acc=GSE345302,PMID 42678098,Imaging mass cytometry also in paper; transcripts/boundaries parquet files omitted. Only 2 sample listings fully shown; others follow same pattern.,[],curator,2026-10-02 13:30
GEO,GSE345643,"Human RV Xenium atlas: non-failing, pressure-loaded, failing right ventricle",Xenium,Xenium,Right ventricle (heart),Right ventricular failure / pressure overload,ready,ready,7,7,13,0,0,0.419,https://www.ncbi.nlm.nih.gov/geo/query/acc.cgi?acc=GSE345643,,"The abstract says 9 sections, but only 6 GSMs are listed. Ambient-corrected matrices are also available per sample. cells_stats.csv.gz is assumed to hold the cell centroids, but I didn't open it to check. Combined Seurat RDS files cover all sections. Transcripts parquet files are not recorded as matrix or coords files.",[],curator,2026-10-02 13:28
GEO,GSE345691,Functional Merlin Depletion Defines a TEAD1-Dependent Tumor Cell State that Promotes Schwannoma Progression: Xenium spatial transcriptomics,Xenium,Xenium,vestibular schwannoma,Schwannoma (NF2-related and sporadic vestibular schwannoma),ready,ready,8,8,16,0,0,0.074,https://www.ncbi.nlm.nih.gov/geo/query/acc.cgi?acc=GSE345691,,,[],curator,2026-10-02 13:25
GEO,GSE346090,Distinct IL-17A and retinoic acid–associated gene programs are enriched in epithelialized tunnels in severe hidradenitis suppurativa,Visium,Visium,skin,hidradenitis suppurativa,ready,ready,5,5,25,25,0,0.18,https://www.ncbi.nlm.nih.gov/geo/query/acc.cgi?acc=GSE346090,,,"[""https://ftp.ncbi.nlm.nih.gov/geo/series/GSE346nnn/GSE346090/suppl/GSE346090_RAW.tar""]",curator,2026-10-02 12:08
GEO,GSE348584,A single cell and spatial atlas of preinvasive breast cancer (Xenium),Xenium,Xenium,Breast,Ductal carcinoma in situ (DCIS); normal breast,ready,ready,15,15,30,30,0,0.156,,,Xenium only: 10 DCIS and 5 normal breast samples. Cell boundaries parquet also available (not selected). Visium samples are in GSE348919. Transcripts parquet files are out of scope.,"[""https://ftp.ncbi.nlm.nih.gov/geo/series/GSE348nnn/GSE348584/suppl/GSE348584_RAW.tar""]",curator,2026-10-02 12:08
GEO,GSE348919,A single cell and spatial atlas of preinvasive breast cancer [Visium],Visium,Visium,Breast,Ductal carcinoma in situ (ER+ DCIS),ready,ready,14,14,70,70,0,0.455,https://www.ncbi.nlm.nih.gov/geo/query/acc.cgi?acc=GSE348919,,Visium only; Xenium samples are in GSE348584. Per-sample mtx/barcodes/features plus tissue_positions and scalefactors.,"[""https://ftp.ncbi.nlm.nih.gov/geo/series/GSE348nnn/GSE348919/suppl/GSE348919_RAW.tar""]",curator,2026-10-02 12:07
GEO,GSM7990295,"Burn_Scar_MU_Interface_Section (Xenium, Marjolin ulcer; GSE251938)",Xenium,Xenium,skin,Marjolin ulcer / burn scar,ready,bundle_only,1,1,8,8,1,0.561,https://www.ncbi.nlm.nih.gov/geo/query/acc.cgi?acc=GSM7990295,PMID 39128494,"Only the Xenium output tar.gz (~33 GB) is available. Other GSE251938 samples (GSM7476482/3) are Visium or scRNA-seq h5 files, and I did not check them.",[],curator,2026-10-02 12:54
NanoString,nanostring.com/products/cosmx-spatial-molecular-imager/ffpe-dataset/cosmx-smi-human-pancreas-ffpe-dataset,Nanostring CosMx SMI Human Pancreas FFPE (WTx),CosMx,CosMx,pancreas,,ready,ready,1,1,3,0,0,2.14,https://nanostring.com/products/cosmx-spatial-molecular-imager/ffpe-dataset/cosmx-smi-human-pancreas-ffpe-dataset/,,,"[""https://smi-public.objects.liquidweb.services/cosmx-wtx/Pancreas-CosMx-WTx-FlatFiles.zip""]",curator,2026-10-02 12:22
NanoString,nanostring.com/products/cosmx-spatial-molecular-imager/ffpe-dataset/human-frontal-cortex-ffpe-dataset,Nanostring CosMx SMI Human Frontal Cortex FFPE Dataset (6k panel),CosMx,CosMx,brain (frontal cortex),,ready,ready,1,1,3,3,0,0.164,https://nanostring.com/products/cosmx-spatial-molecular-imager/ffpe-dataset/human-frontal-cortex-ffpe-dataset/,,Members extracted from flatFiles.zip (S3 folder). Transcript file (~1.9GB) excluded.,"[""https://smi-public.objects.liquidweb.services/6k_release/flatFiles.zip""]",curator,2026-10-02 12:22
NanoString,nanostring.com/products/cosmx-spatial-molecular-imager/ffpe-dataset/nsclc-ffpe-dataset,Nanostring CosMx SMI Datasets (NSCLC FFPE),CosMx,CosMx,lung,non-small cell lung cancer,ready,bundle_only,8,8,24,24,8,1.668,https://nanostring.com/products/cosmx-spatial-molecular-imager/ffpe-dataset/nsclc-ffpe-dataset/,,Flat-data tar.gz bundles contain exprMat and metadata (coords) files; not unpacked/inspected.,[],curator,2026-10-02 12:23
Zenodo,zenodo:10981713,Spatial multiomic landscape of the human placenta at molecular resolution,STARmap,STARmap-ISS,placenta,normal (first trimester),ready,ready,4,4,8,8,0,0.035,https://zenodo.org/records/10981713,,"Raw expression + cell metadata (coords) per sample. Also available: imputed expression (33k genes), spots_metadata (per-transcript), STARmap-ISH images (PNG), combined STARmap-ISS_cell_metadata.csv. Selections regexes depend on file names listed from zenodo_files.",[],curator,2026-10-02 12:26
Zenodo,zenodo:7758080,"MERFISH data, intratumoral DC-CD4 T helper niches in HCC after PD-1 blockade",MERFISH,MERFISH,liver,hepatocellular carcinoma,ready,ready,10,10,20,11,0,3.329,https://zenodo.org/records/7758080,10.1038/s41591-023-02345-0,,[],curator,2026-10-02 12:26
Dryad,datadryad.org/stash/dataset/doi:10.5061/dryad.w0vt4b8vp,Farah et al 2024 - MERFISH human fetal heart morphogenesis,MERFISH,MERFISH,heart,normal (fetal heart development),restricted,restricted,0,0,0,0,0,0.0,https://datadryad.org/stash/dataset/doi:10.5061/dryad.w0vt4b8vp,,"Dryad API file downloads return 401 (token needed), web file_stream 403, so file URLs could not be recorded. Files (Dryad file IDs, download at /api/v2/files/ID/download): per-sample counts CSV + cell_metadata CSV for R1_R77_4C4 (2800996, 2800994), R2_R78_4C12 (2800997, 2800995), R3_R78_4C15 (2800999, 2800998), R1_R123_N3S5 (2801014, 2801012); overall_merfish.h5ad (2801003, 370MB). Per-transcript *_assigned_barcodes.csv out of scope. 4 MERFISH sections.","[""https://datadryad.org/dataset/doi:10.5061/dryad.w0vt4b8vp""]",curator,2026-10-02 12:22
Google Drive,drive.google.com/drive/folders/1ThH8j3GLY6qT8uqlHsuxzXYbReu_7GTP,Mats & Sergio Xenium,Xenium,Xenium,"brain, spinal cord",,restricted,restricted,0,0,0,0,0,0.0,https://drive.google.com/drive/folders/1ThH8j3GLY6qT8uqlHsuxzXYbReu_7GTP,,"Google Drive folder is JS-rendered and its file list is not accessible. Hints list 17 sample folders (1837C/P, 1886C/P, 1893C/P, 5730C/P, 1264C/P, 1310C/P, 1816C/P, 5331C/P, human_spinal_chord_inactive). No file URLs could be verified.",[],curator,2026-10-02 12:22
Vizgen,info.vizgen.com/1000-plex-showcase?submissionGuid=0905e7be-7ce2-4519-804c-d62f824ec377,MERSCOPE 1000 Plex Data Release,MERFISH,MERSCOPE,brain,Alzheimer's disease,restricted,restricted,0,0,0,0,0,0.0,https://info.vizgen.com/1000-plex-showcase?submissionGuid=0905e7be-7ce2-4519-804c-d62f824ec377,,"The GCS bucket vz-1k-showcase returns 403 AccessDenied for anonymous access (listing, cell_metadata.csv and cell_by_gene.csv). The hinted cell_metadata.csv URL is in links only. Sample: MERSCOPE_Human_Brain_Alzheimer_FF.","[""https://storage.googleapis.com/vz-1k-showcase/human_brain_1k/202309251210_HuBrain-FF-SampleF-RC_VMSC000000/region_0/cell_metadata.csv""]",curator,2026-10-02 12:22
Vizgen,info.vizgen.com/ffpe-showcase?submissionGuid=d4f4d370-4578-40fe-99ca-4325d6e2dfd0,MERSCOPE FFPE Human Immuno-Oncology Data Release,MERFISH,MERSCOPE (MERFISH),"breast, colon, liver, lung, skin (melanoma), ovary, prostate, uterus",cancer,restricted,restricted,0,0,0,0,0,0.0,https://info.vizgen.com/ffpe-showcase?submissionGuid=d4f4d370-4578-40fe-99ca-4325d6e2dfd0,,"16 human MERFISH samples (500-gene Immuno-Oncology panel, ~8.7M cells): breast 1, colon 2, liver 2, lung 2, melanoma 2, ovarian 4 (Patient1 + Patient2 slices 1-3), prostate 2, uterine 1. Data are in the GCS bucket vz-ffpe-showcase, one folder per sample (cell_by_gene.csv, cell_metadata.csv, images, transcripts). Bucket listing and anonymous HTTP access to the files return 403 (registration/legal-agreement gated; the console links need a Google login). Per-sample file URLs could not be verified, so none are recorded as files.","[""https://console.cloud.google.com/storage/browser/vz-ffpe-showcase/HumanBreastCancerPatient1"", ""https://storage.googleapis.com/vz-ffpe-showcase/HumanBreastCancerPatient1/cell_by_gene.csv"", ""https://storage.googleapis.com/vz-ffpe-showcase/HumanBreastCancerPatient1/cell_metadata.csv"", ""https://storage.googleapis.com/vz-ffpe-showcase/HumanColonCancerPatient1/cell_by_gene.csv"", ""https://storage.googleapis.com/vz-ffpe-showcase/HumanColonCancerPatient1/cell_metadata.csv""]",curator,2026-10-02 12:22
Vizgen,info.vizgen.com/protein-co-detection-showcase?submissionGuid=5fa89a33-4c40-4471-acd4-4791af6c4840,MERSCOPE Protein Co-detection Data Release Showcase,MERFISH,MERSCOPE,uterus,uterine cancer,restricted,restricted,0,0,0,0,0,0.0,https://info.vizgen.com/protein-co-detection-showcase?submissionGuid=5fa89a33-4c40-4471-acd4-4791af6c4840,,"Human FFPE uterine cancer, 500-gene panel, 2 replicate sections (CD45RA and CD45RO protein co-stain), ~1.47M cells. Data is in the GCS bucket vz-ffpe-showcase, behind a registration form. Anonymous listing and guessed cell_by_gene.csv / cell_metadata.csv URLs returned 403, so no file URLs were verified or recorded.","[""https://console.cloud.google.com/storage/browser/vz-ffpe-showcase/HumanUterineCancerPatient2-RACostain"", ""https://console.cloud.google.com/storage/browser/vz-ffpe-showcase/HumanUterineCancerPatient2-ROCostain"", ""https://colab.research.google.com/drive/1ytuFpC7rCj7TE3foVtrMMutTL8RYqQNj""]",curator,2026-10-02 12:22
Vizgen,vizgen.com/data-release-program,"Vizgen MERSCOPE Data Release Program (human colon, liver, lung MERFISH)",MERFISH,MERFISH (MERSCOPE),"colon, liver, lung",,restricted,restricted,0,0,0,0,0,0.0,https://vizgen.com/data-release-program/,,"The landing page lists no direct file URLs. Downloads are loaded dynamically and appear to require sign-up or a form. I couldn't check the per-sample files. The hint expects 3 human samples (colon, liver, lung). No matrix or coords URLs were recorded.",[],curator,2026-10-02 12:53
