row,folder_name,sample,study,assay,tissue,link,download_url,source,accession,hsa_status
0,Xenium_V1_Human_Brain_GBM_FFPE,Xenium Human Brain 2,Xenium Human Brain 2,xenium,brain,https://www.10xgenomics.com/datasets/ffpe-human-brain-cancer-data-with-human-immuno-oncology-profiling-panel-and-custom-add-on-1-standard,https://s3-us-west-2.amazonaws.com/10x.files/samples/xenium/2.0.0/Xenium_V1_Human_Brain_GBM_FFPE/Xenium_V1_Human_Brain_GBM_FFPE_outs.zip,10x Datasets,10xgenomics.com/datasets/ffpe-human-brain-cancer-data-with-human-immuno-oncology-profiling-panel-and-custom-add-on-1-standard,ready
1,Xenium_V1_FFPE_Human_Breast_IDC_Big_1,Xenium Human Breast Cancer 4,FFPE Human Breast using the Entire Sample Area,xenium,breast,https://www.10xgenomics.com/datasets/ffpe-human-breast-using-the-entire-sample-area-1-standard,https://s3-us-west-2.amazonaws.com/10x.files/samples/xenium/1.0.2/Xenium_V1_FFPE_Human_Breast_IDC_Big_1/Xenium_V1_FFPE_Human_Breast_IDC_Big_1_outs.zip,10x Datasets,10xgenomics.com/datasets/ffpe-human-breast-using-the-entire-sample-area-1-standard,ready
2,Xenium_V1_FFPE_Human_Breast_IDC_Big_2,Xenium Human Breast Cancer 4,FFPE Human Breast using the Entire Sample Area,xenium,breast,https://www.10xgenomics.com/datasets/ffpe-human-breast-using-the-entire-sample-area-1-standard,https://s3-us-west-2.amazonaws.com/10x.files/samples/xenium/1.0.2/Xenium_V1_FFPE_Human_Breast_IDC_Big_2/Xenium_V1_FFPE_Human_Breast_IDC_Big_2_outs.zip,10x Datasets,10xgenomics.com/datasets/ffpe-human-breast-using-the-entire-sample-area-1-standard,ready
3,Xenium_V1_FFPE_Human_Breast_IDC_With_Addon,Xenium Human Breast Cancer 3,FFPE Human Breast with Custom Add-on Panel,xenium,breast,https://www.10xgenomics.com/datasets/ffpe-human-breast-with-custom-add-on-panel-1-standard,https://s3-us-west-2.amazonaws.com/10x.files/samples/xenium/1.0.2/Xenium_V1_FFPE_Human_Breast_IDC_With_Addon/Xenium_V1_FFPE_Human_Breast_IDC_With_Addon_outs.zip,10x Datasets,10xgenomics.com/datasets/ffpe-human-breast-with-custom-add-on-panel-1-standard,ready
4,Xenium_V1_FFPE_Human_Breast_ILC_With_Addon,Xenium Human Breast Cancer 3,FFPE Human Breast with Custom Add-on Panel,xenium,breast,https://www.10xgenomics.com/datasets/ffpe-human-breast-with-custom-add-on-panel-1-standard,https://cf.10xgenomics.com/samples/xenium/1.0.2/Xenium_V1_FFPE_Human_Breast_ILC_With_Addon/Xenium_V1_FFPE_Human_Breast_ILC_With_Addon_outs.zip,10x Datasets,10xgenomics.com/datasets/ffpe-human-breast-with-custom-add-on-panel-1-standard,ready
5,Xenium_V1_FFPE_Human_Breast_IDC,Xenium Human Breast Cancer 2 - Sample 1,FFPE Human Breast with Pre-designed Panel,xenium,breast,https://www.10xgenomics.com/datasets/ffpe-human-breast-with-pre-designed-panel-1-standard,https://s3-us-west-2.amazonaws.com/10x.files/samples/xenium/1.0.2/Xenium_V1_FFPE_Human_Breast_IDC/Xenium_V1_FFPE_Human_Breast_IDC_outs.zip,10x Datasets,10xgenomics.com/datasets/ffpe-human-breast-with-pre-designed-panel-1-standard,ready
6,Xenium_V1_FFPE_Human_Breast_ILC,Xenium Human Breast Cancer 2 - Sample 2,FFPE Human Breast with Pre-designed Panel,xenium,breast,https://www.10xgenomics.com/datasets/ffpe-human-breast-with-pre-designed-panel-1-standard,https://cf.10xgenomics.com/samples/xenium/1.0.2/Xenium_V1_FFPE_Human_Breast_ILC/Xenium_V1_FFPE_Human_Breast_ILC_outs.zip,10x Datasets,10xgenomics.com/datasets/ffpe-human-breast-with-pre-designed-panel-1-standard,ready
7,Xenium_V1_FFPE_Human_Breast_IDC_With_Addon_1,Xenium Human Breast Cancer 1,Xenium FFPE Human Breast with Custom Add-on Panel,xenium,breast,https://www.10xgenomics.com/datasets/xenium-ffpe-human-breast-with-custom-add-on-panel-1-standard,https://s3-us-west-2.amazonaws.com/10x.files/samples/xenium/1.3.0/Xenium_V1_FFPE_Human_Breast_IDC_With_Addon/Xenium_V1_FFPE_Human_Breast_IDC_With_Addon_outs.zip,10x Datasets,10xgenomics.com/datasets/xenium-ffpe-human-breast-with-custom-add-on-panel-1-standard,ready
8,Xenium_V1_humanLung_Cancer_FFPE,Xenium Human Lung 2,Preview Data: FFPE Human Lung Cancer with Xenium Multimodal Cell Segmentation,xenium,lung,https://www.10xgenomics.com/datasets/preview-data-ffpe-human-lung-cancer-with-xenium-multimodal-cell-segmentation-1-standard,https://cf.10xgenomics.com/samples/xenium/2.0.0/Xenium_V1_humanLung_Cancer_FFPE/Xenium_V1_humanLung_Cancer_FFPE_outs.zip,10x Datasets,10xgenomics.com/datasets/preview-data-ffpe-human-lung-cancer-with-xenium-multimodal-cell-segmentation-1-standard,ready
9,Xenium_V1_hLung_cancer_section,Xenium Human Lung 1,Human Lung Cancer Preview Data ,xenium,lung,https://www.10xgenomics.com/datasets/human-lung-cancer-preview-data-xenium-human-multi-tissue-and-cancer-panel-1-standard,https://cf.10xgenomics.com/samples/xenium/1.5.0/Xenium_V1_hLung_cancer_section/Xenium_V1_hLung_cancer_section_outs.zip,10x Datasets,10xgenomics.com/datasets/human-lung-cancer-preview-data-xenium-human-multi-tissue-and-cancer-panel-1-standard,ready
10,Xenium_V1_hPancreas_Cancer_Add_on_FFPE,Xenium Human Pancreas 2,Pancreatic Cancer with Xenium Human Multi-Tissue and Cancer Panel,xenium,pancreas,https://www.10xgenomics.com/datasets/pancreatic-cancer-with-xenium-human-multi-tissue-and-cancer-panel-1-standard,https://cf.10xgenomics.com/samples/xenium/1.6.0/Xenium_V1_hPancreas_Cancer_Add_on_FFPE/Xenium_V1_hPancreas_Cancer_Add_on_FFPE_outs.zip,10x Datasets,10xgenomics.com/datasets/pancreatic-cancer-with-xenium-human-multi-tissue-and-cancer-panel-1-standard,ready
11,Xenium_V1_hSkin_Melanoma_Base_FFPE,Xenium Human Skin 1,Human Skin Preview Data,xenium,skin,https://www.10xgenomics.com/datasets/human-skin-preview-data-xenium-human-skin-gene-expression-panel-1-standard,https://cf.10xgenomics.com/samples/xenium/1.6.0/Xenium_V1_hSkin_Melanoma_Base_FFPE/Xenium_V1_hSkin_Melanoma_Base_FFPE_outs.zip,10x Datasets,10xgenomics.com/datasets/human-skin-preview-data-xenium-human-skin-gene-expression-panel-1-standard,ready
12,Xeniumranger_V1_hSkin_Melanoma_Add_on_FFPE,Xenium Human Skin 2,Human Skin Preview Data,xenium,skin,https://www.10xgenomics.com/datasets/human-skin-preview-data-xenium-human-skin-gene-expression-panel-add-on-1-standard,https://cf.10xgenomics.com/samples/xenium/1.7.0/Xeniumranger_V1_hSkin_Melanoma_Add_on_FFPE/Xeniumranger_V1_hSkin_Melanoma_Add_on_FFPE_outs.zip,10x Datasets,10xgenomics.com/datasets/human-skin-preview-data-xenium-human-skin-gene-expression-panel-add-on-1-standard,ready
13,Xenium_V1_hHeart_nondiseased_section_FFPE,Xenium Human Heart 1,Xenium Human Heart 1,xenium,heart,https://www.10xgenomics.com/datasets/human-heart-data-xenium-human-multi-tissue-and-cancer-panel-1-standard,https://cf.10xgenomics.com/samples/xenium/1.9.0/Xenium_V1_hHeart_nondiseased_section_FFPE/Xenium_V1_hHeart_nondiseased_section_FFPE_outs.zip,10x Datasets,10xgenomics.com/datasets/human-heart-data-xenium-human-multi-tissue-and-cancer-panel-1-standard,ready
14,Xenium_V1_hLymphNode_nondiseased_section,Xenium Human Lymph Node 1,Xenium Human Lymph Node 1,xenium,lymph node,https://www.10xgenomics.com/datasets/human-lymph-node-preview-data-xenium-human-multi-tissue-and-cancer-panel-1-standard,https://cf.10xgenomics.com/samples/xenium/1.5.0/Xenium_V1_hLymphNode_nondiseased_section/Xenium_V1_hLymphNode_nondiseased_section_outs.zip,10x Datasets,10xgenomics.com/datasets/human-lymph-node-preview-data-xenium-human-multi-tissue-and-cancer-panel-1-standard,ready
15,Xenium_V1_human_Pancreas_FFPE,Xenium Human Pancreas 3,FFPE Human Pancreas with Xenium Multimodal Cell Segmentation,xenium,pancreas,https://www.10xgenomics.com/datasets/ffpe-human-pancreas-with-xenium-multimodal-cell-segmentation-1-standard,https://cf.10xgenomics.com/samples/xenium/2.0.0/Xenium_V1_human_Pancreas_FFPE/Xenium_V1_human_Pancreas_FFPE_outs.zip,10x Datasets,10xgenomics.com/datasets/ffpe-human-pancreas-with-xenium-multimodal-cell-segmentation-1-standard,ready
16,Xenium_V1_hPancreas_nondiseased_section,Xenium Human Pancreas 1,Xenium Human Pancreas 1,xenium,pancreas,https://www.10xgenomics.com/datasets/human-pancreas-preview-data-xenium-human-multi-tissue-and-cancer-panel-1-standard,https://cf.10xgenomics.com/samples/xenium/1.5.0/Xenium_V1_hPancreas_nondiseased_section/Xenium_V1_hPancreas_nondiseased_section_outs.zip,10x Datasets,10xgenomics.com/datasets/human-pancreas-preview-data-xenium-human-multi-tissue-and-cancer-panel-1-standard,ready
17,Xenium_V1_hSkin_nondiseased_section_1_FFPE,Xenium Human Skin 3 - Section 1,Human Skin Data with Xenium Human Multi-Tissue and Cancer Panel,xenium,skin,https://www.10xgenomics.com/datasets/human-skin-data-xenium-human-multi-tissue-and-cancer-panel-1-standard,https://cf.10xgenomics.com/samples/xenium/1.9.0/Xenium_V1_hSkin_nondiseased_section_1_FFPE/Xenium_V1_hSkin_nondiseased_section_1_FFPE_outs.zip,10x Datasets,10xgenomics.com/datasets/human-skin-data-xenium-human-multi-tissue-and-cancer-panel-1-standard,ready
18,Xenium_V1_hSkin_nondiseased_section_2_FFPE,Xenium Human Skin 3 - Section 2,Human Skin Data with Xenium Human Multi-Tissue and Cancer Panel,xenium,skin,https://www.10xgenomics.com/datasets/human-skin-data-xenium-human-multi-tissue-and-cancer-panel-1-standard,https://cf.10xgenomics.com/samples/xenium/1.9.0/Xenium_V1_hSkin_nondiseased_section_2_FFPE/Xenium_V1_hSkin_nondiseased_section_2_FFPE_outs.zip,10x Datasets,10xgenomics.com/datasets/human-skin-data-xenium-human-multi-tissue-and-cancer-panel-1-standard,ready
19,Xenium_V1_hBoneMarrow_acute_lymphoid_leukemia_section,Xenium Human Bone 1 - Acute Lymphoid Leukemia Bone Marrow,Human Bone and Bone Marrow Data with Custom Add-on Panel,xenium,bone,https://www.10xgenomics.com/datasets/human-bone-and-bone-marrow-data-with-custom-add-on-panel-1-standard,https://cf.10xgenomics.com/samples/xenium/1.9.0/Xenium_V1_hBoneMarrow_acute_lymphoid_leukemia_section/Xenium_V1_hBoneMarrow_acute_lymphoid_leukemia_section_outs.zip,10x Datasets,10xgenomics.com/datasets/human-bone-and-bone-marrow-data-with-custom-add-on-panel-1-standard,ready
20,Xenium_V1_hBoneMarrow_nondiseased_section,Xenium Human Bone 1 - Non-diseased Bone Marrow,Human Bone and Bone Marrow Data with Custom Add-on Panel,xenium,bone,https://www.10xgenomics.com/datasets/human-bone-and-bone-marrow-data-with-custom-add-on-panel-1-standard,https://cf.10xgenomics.com/samples/xenium/1.9.0/Xenium_V1_hBoneMarrow_nondiseased_section/Xenium_V1_hBoneMarrow_nondiseased_section_outs.zip,10x Datasets,10xgenomics.com/datasets/human-bone-and-bone-marrow-data-with-custom-add-on-panel-1-standard,ready
21,Xenium_V1_hBone_nondiseased_section,Xenium Human Bone 1 - Non-diseased Femur Bone,Human Bone and Bone Marrow Data with Custom Add-on Panel,xenium,bone,https://www.10xgenomics.com/datasets/human-bone-and-bone-marrow-data-with-custom-add-on-panel-1-standard,https://cf.10xgenomics.com/samples/xenium/1.9.0/Xenium_V1_hBone_nondiseased_section/Xenium_V1_hBone_nondiseased_section_outs.zip,10x Datasets,10xgenomics.com/datasets/human-bone-and-bone-marrow-data-with-custom-add-on-panel-1-standard,ready
22,Xenium_V1_hColon_Non_diseased_Base_FFPE,"Xenium Human Colon 1 - Non-diseased, pre-designed panel",Human Colon Preview Data (Xenium Human Colon Gene Expression Panel),xenium,colon,https://www.10xgenomics.com/datasets/human-colon-preview-data-xenium-human-colon-gene-expression-panel-1-standard,https://cf.10xgenomics.com/samples/xenium/1.6.0/Xenium_V1_hColon_Non_diseased_Base_FFPE/Xenium_V1_hColon_Non_diseased_Base_FFPE_outs.zip,10x Datasets,10xgenomics.com/datasets/human-colon-preview-data-xenium-human-colon-gene-expression-panel-1-standard,ready
23,Xenium_V1_hColon_Non_diseased_Add_on_FFPE,"Xenium Human Colon 1 - Non-diseased, pre-designed + add-on panel",Human Colon Preview Data (Xenium Human Colon Gene Expression Panel),xenium,colon,https://www.10xgenomics.com/datasets/human-colon-preview-data-xenium-human-colon-gene-expression-panel-1-standard,https://cf.10xgenomics.com/samples/xenium/1.6.0/Xenium_V1_hColon_Non_diseased_Add_on_FFPE/Xenium_V1_hColon_Non_diseased_Add_on_FFPE_outs.zip,10x Datasets,10xgenomics.com/datasets/human-colon-preview-data-xenium-human-colon-gene-expression-panel-1-standard,ready
24,Xenium_V1_hColon_Cancer_Base_FFPE,"Xenium Human Colon 1 - Cancer, pre-designed panel",Human Colon Preview Data (Xenium Human Colon Gene Expression Panel),xenium,colon,https://www.10xgenomics.com/datasets/human-colon-preview-data-xenium-human-colon-gene-expression-panel-1-standard,https://s3-us-west-2.amazonaws.com/10x.files/samples/xenium/1.6.0/Xenium_V1_hColon_Cancer_Base_FFPE/Xenium_V1_hColon_Cancer_Base_FFPE_outs.zip,10x Datasets,10xgenomics.com/datasets/human-colon-preview-data-xenium-human-colon-gene-expression-panel-1-standard,ready
25,Xenium_V1_hColon_Cancer_Add_on_FFPE,"Xenium Human Colon 1 - Cancer, pre-designed + add-on panel",Human Colon Preview Data (Xenium Human Colon Gene Expression Panel),xenium,colon,https://www.10xgenomics.com/datasets/human-colon-preview-data-xenium-human-colon-gene-expression-panel-1-standard,https://s3-us-west-2.amazonaws.com/10x.files/samples/xenium/1.6.0/Xenium_V1_hColon_Cancer_Add_on_FFPE/Xenium_V1_hColon_Cancer_Add_on_FFPE_outs.zip,10x Datasets,10xgenomics.com/datasets/human-colon-preview-data-xenium-human-colon-gene-expression-panel-1-standard,ready
26,Xenium_V1_hKidney_cancer_section,Xenium Human Kidney 1 - Kidney Cancer,Xenium Human Kidney 1,xenium,kidney,https://www.10xgenomics.com/datasets/human-kidney-preview-data-xenium-human-multi-tissue-and-cancer-panel-1-standard,https://cf.10xgenomics.com/samples/xenium/1.5.0/Xenium_V1_hKidney_cancer_section/Xenium_V1_hKidney_cancer_section_outs.zip,10x Datasets,10xgenomics.com/datasets/human-kidney-preview-data-xenium-human-multi-tissue-and-cancer-panel-1-standard,ready
27,Xenium_V1_hKidney_nondiseased_section,Xenium Human Kidney 1 - Non-diseased,Xenium Human Kidney 1,xenium,kidney,https://www.10xgenomics.com/datasets/human-kidney-preview-data-xenium-human-multi-tissue-and-cancer-panel-1-standard,https://cf.10xgenomics.com/samples/xenium/1.5.0/Xenium_V1_hKidney_nondiseased_section/Xenium_V1_hKidney_nondiseased_section_outs.zip,10x Datasets,10xgenomics.com/datasets/human-kidney-preview-data-xenium-human-multi-tissue-and-cancer-panel-1-standard,ready
28,Xenium_V1_hLiver_nondiseased_section_FFPE,Xenium Human Liver 1 - Non-diseased,Xenium Human Liver 1,xenium,liver,https://www.10xgenomics.com/datasets/human-liver-data-xenium-human-multi-tissue-and-cancer-panel-1-standard,https://cf.10xgenomics.com/samples/xenium/1.9.0/Xenium_V1_hLiver_nondiseased_section_FFPE/Xenium_V1_hLiver_nondiseased_section_FFPE_outs.zip,10x Datasets,10xgenomics.com/datasets/human-liver-data-xenium-human-multi-tissue-and-cancer-panel-1-standard,ready
29,Xenium_V1_hLiver_cancer_section_FFPE,Xenium Human Liver 1 - Liver Cancer,Xenium Human Liver 1,xenium,liver,https://www.10xgenomics.com/datasets/human-liver-data-xenium-human-multi-tissue-and-cancer-panel-1-standard,https://cf.10xgenomics.com/samples/xenium/1.9.0/Xenium_V1_hLiver_cancer_section_FFPE/Xenium_V1_hLiver_cancer_section_FFPE_outs.zip,10x Datasets,10xgenomics.com/datasets/human-liver-data-xenium-human-multi-tissue-and-cancer-panel-1-standard,ready
30,Xenium_Preview_Human_Non_diseased_Lung_With_Add_on_FFPE,Xenium Human Lung 1 - Non-diseased,Human Lung Cancer Preview Data,xenium,lung,https://www.10xgenomics.com/datasets/xenium-human-lung-preview-data-1-standard,https://cf.10xgenomics.com/samples/xenium/1.3.0/Xenium_Preview_Human_Non_diseased_Lung_With_Add_on_FFPE/Xenium_Preview_Human_Non_diseased_Lung_With_Add_on_FFPE_outs.zip,10x Datasets,10xgenomics.com/datasets/xenium-human-lung-preview-data-1-standard,ready
31,Xenium_Preview_Human_Lung_Cancer_With_Add_on_2_FFPE,Xenium Human Lung 1 - Lung Cancer,Human Lung Cancer Preview Data,xenium,lung,https://www.10xgenomics.com/datasets/xenium-human-lung-preview-data-1-standard,https://s3-us-west-2.amazonaws.com/10x.files/samples/xenium/1.3.0/Xenium_Preview_Human_Lung_Cancer_With_Add_on_2_FFPE/Xenium_Preview_Human_Lung_Cancer_With_Add_on_2_FFPE_outs.zip,10x Datasets,10xgenomics.com/datasets/xenium-human-lung-preview-data-1-standard,ready
32,Xenium_V1_FFPE_Human_Brain_Healthy_With_Addon,Xenium Human Brain 1 - Healthy,Xenium Human Brain Preview Data,xenium,brain,https://www.10xgenomics.com/datasets/xenium-human-brain-preview-data-1-standard,https://cf.10xgenomics.com/samples/xenium/1.3.0/Xenium_V1_FFPE_Human_Brain_Healthy_With_Addon/Xenium_V1_FFPE_Human_Brain_Healthy_With_Addon_outs.zip,10x Datasets,10xgenomics.com/datasets/xenium-human-brain-preview-data-1-standard,ready
33,Xenium_V1_FFPE_Human_Brain_Glioblastoma_With_Addon,Xenium Human Brain 1 - Glioblastoma,Xenium Human Brain Preview Data,xenium,brain,https://www.10xgenomics.com/datasets/xenium-human-brain-preview-data-1-standard,https://cf.10xgenomics.com/samples/xenium/1.3.0/Xenium_V1_FFPE_Human_Brain_Glioblastoma_With_Addon/Xenium_V1_FFPE_Human_Brain_Glioblastoma_With_Addon_outs.zip,10x Datasets,10xgenomics.com/datasets/xenium-human-brain-preview-data-1-standard,ready
34,Xenium_V1_FFPE_Human_Brain_Alzheimers_With_Addon,Xenium Human Brain 1 - Alzheimers,Xenium Human Brain Preview Data,xenium,brain,https://www.10xgenomics.com/datasets/xenium-human-brain-preview-data-1-standard,https://cf.10xgenomics.com/samples/xenium/1.3.0/Xenium_V1_FFPE_Human_Brain_Alzheimers_With_Addon/Xenium_V1_FFPE_Human_Brain_Alzheimers_With_Addon_outs.zip,10x Datasets,10xgenomics.com/datasets/xenium-human-brain-preview-data-1-standard,ready
35,Xenium_V1_hTonsil_follicular_lymphoid_hyperplasia_section_FFPE,Xenium Human Tonsil 1 - FLH,Xenium Human Tonsil 1,xenium,tonsil,https://www.10xgenomics.com/datasets/human-tonsil-data-xenium-human-multi-tissue-and-cancer-panel-1-standard,https://s3-us-west-2.amazonaws.com/10x.files/samples/xenium/1.9.0/Xenium_V1_hTonsil_follicular_lymphoid_hyperplasia_section_FFPE/Xenium_V1_hTonsil_follicular_lymphoid_hyperplasia_section_FFPE_outs.zip,10x Datasets,10xgenomics.com/datasets/human-tonsil-data-xenium-human-multi-tissue-and-cancer-panel-1-standard,ready
36,Xenium_V1_hTonsil_reactive_follicular_hyperplasia_section_FFPE,Xenium Human Tonsil 1 - RFH,Xenium Human Tonsil 1,xenium,tonsil,https://www.10xgenomics.com/datasets/human-tonsil-data-xenium-human-multi-tissue-and-cancer-panel-1-standard,https://s3-us-west-2.amazonaws.com/10x.files/samples/xenium/1.9.0/Xenium_V1_hTonsil_reactive_follicular_hyperplasia_section_FFPE/Xenium_V1_hTonsil_reactive_follicular_hyperplasia_section_FFPE_outs.zip,10x Datasets,10xgenomics.com/datasets/human-tonsil-data-xenium-human-multi-tissue-and-cancer-panel-1-standard,ready
37,Active-C_2013-019,Xenium Human Spinal Cord MS Active_019,Cellular architecture of evolving neuroinflammatory lesions and multiple sclerosis pathology,xenium,spinal_cord,https://zenodo.org/records/8037425,,Zenodo,zenodo:8037425,bundle_only
38,Active-C_2017-100,Xenium Human Spinal Cord MS Active_100,Cellular architecture of evolving neuroinflammatory lesions and multiple sclerosis pathology,xenium,spinal_cord,https://zenodo.org/records/8037425,,Zenodo,zenodo:8037425,bundle_only
39,Ctrl-C_2012-071,Xenium Human Spinal Cord MS Ctrl_071,Cellular architecture of evolving neuroinflammatory lesions and multiple sclerosis pathology,xenium,spinal_cord,https://zenodo.org/records/8037425,,Zenodo,zenodo:8037425,bundle_only
40,Ctrl-C_2017-16,Xenium Human Spinal Cord MS Ctrl_16,Cellular architecture of evolving neuroinflammatory lesions and multiple sclerosis pathology,xenium,spinal_cord,https://zenodo.org/records/8037425,,Zenodo,zenodo:8037425,bundle_only
41,Inactive-C_2007-069,Xenium Human Spinal Cord MS Inactive_069,Cellular architecture of evolving neuroinflammatory lesions and multiple sclerosis pathology,xenium,spinal_cord,https://zenodo.org/records/8037425,,Zenodo,zenodo:8037425,bundle_only
42,Inactive-C_2012-078,Xenium Human Spinal Cord MS Inactive_078,Cellular architecture of evolving neuroinflammatory lesions and multiple sclerosis pathology,xenium,spinal_cord,https://zenodo.org/records/8037425,,Zenodo,zenodo:8037425,bundle_only
43,Xenium_Prime_Cervical_Cancer_FFPE,Xenium Human Cervical Cancer (Prime),FFPE Human Cervical Cancer with 5K Human Pan Tissue and Pathways Panel plus 100 Custom Genes,xenium,cervix,https://www.10xgenomics.com/datasets/xenium-prime-ffpe-human-cervical-cancer,https://s3-us-west-2.amazonaws.com/10x.files/samples/xenium/3.0.0/Xenium_Prime_Cervical_Cancer_FFPE/Xenium_Prime_Cervical_Cancer_FFPE_outs.zip,10x Datasets,10xgenomics.com/datasets/xenium-prime-ffpe-human-cervical-cancer,ready
44,Xenium_Prime_Human_Lymph_Node_Reactive_FFPE,Xenium Human Lymph Node (Prime),Preview Data: FFPE Human Lymph Node with 5K Pan Tissue and Pathways Panel,xenium,lymph node,https://www.10xgenomics.com/datasets/preview-data-xenium-prime-gene-expression,https://s3-us-west-2.amazonaws.com/10x.files/samples/xenium/3.0.0/Xenium_Prime_Human_Lymph_Node_Reactive_FFPE/Xenium_Prime_Human_Lymph_Node_Reactive_FFPE_outs.zip,10x Datasets,10xgenomics.com/datasets/preview-data-xenium-prime-gene-expression,ready
45,Xenium_Prime_Human_Ovary_FF,Xenium Human Ovary (Prime),Fresh Frozen Human Ovarian Adenocarcinoma with 5K Human Pan Tissue and Pathways Panel,xenium,ovary,https://www.10xgenomics.com/datasets/xenium-prime-fresh-frozen-human-ovary,https://s3-us-west-2.amazonaws.com/10x.files/samples/xenium/3.0.0/Xenium_Prime_Human_Ovary_FF/Xenium_Prime_Human_Ovary_FF_outs.zip,10x Datasets,10xgenomics.com/datasets/xenium-prime-fresh-frozen-human-ovary,ready
46,Xenium_Prime_Human_Prostate_FFPE,Xenium Human Prostate (Prime),Preview Data: FFPE Human Prostate Adenocarcinoma with 5K Human Pan Tissue and Pathways Panel,xenium,prostate,https://www.10xgenomics.com/datasets/xenium-prime-ffpe-human-prostate,https://cf.10xgenomics.com/samples/xenium/3.0.0/Xenium_Prime_Human_Prostate_FFPE/Xenium_Prime_Human_Prostate_FFPE_outs.zip,10x Datasets,10xgenomics.com/datasets/xenium-prime-ffpe-human-prostate,ready
47,Xenium_Prime_Human_Skin_FFPE,Xenium Human Skin (Prime),Preview Data: FFPE Human Skin Primary Dermal Melanoma with 5K Human Pan Tissue and Pathways Panel,xenium,skin,https://www.10xgenomics.com/datasets/xenium-prime-ffpe-human-skin,https://cf.10xgenomics.com/samples/xenium/3.0.0/Xenium_Prime_Human_Skin_FFPE/Xenium_Prime_Human_Skin_FFPE_outs.zip,10x Datasets,10xgenomics.com/datasets/xenium-prime-ffpe-human-skin,ready
48,Xenium_Prime_Ovarian_Cancer_FFPE,Xenium Human Ovarian Cancer (Prime),FFPE Human Ovarian Cancer with 5K Human Pan Tissue and Pathways Panel plus 100 Custom Genes,xenium,ovary,https://www.10xgenomics.com/datasets/xenium-prime-ffpe-human-ovarian-cancer,https://s3-us-west-2.amazonaws.com/10x.files/samples/xenium/3.0.0/Xenium_Prime_Ovarian_Cancer_FFPE/Xenium_Prime_Ovarian_Cancer_FFPE_outs.zip,10x Datasets,10xgenomics.com/datasets/xenium-prime-ffpe-human-ovarian-cancer,ready
49,Xenium_V1_Human_Colorectal_Cancer_Addon_FFPE,Xenium Human Colorectal Cancer,FFPE Human Colorectal Cancer Data with Human Immuno-Oncology Profiling Panel and Custom Add-on,xenium,colon,https://www.10xgenomics.com/datasets/ffpe-human-colorectal-cancer-data-with-human-immuno-oncology-profiling-panel-and-custom-add-on-1-standard,https://cf.10xgenomics.com/samples/xenium/2.0.0/Xenium_V1_Human_Colorectal_Cancer_Addon_FFPE/Xenium_V1_Human_Colorectal_Cancer_Addon_FFPE_outs.zip,10x Datasets,10xgenomics.com/datasets/ffpe-human-colorectal-cancer-data-with-human-immuno-oncology-profiling-panel-and-custom-add-on-1-standard,ready
50,Xenium_V1_Human_Ductal_Adenocarcinoma_FFPE,Xenium Human Ductal Adenocarcinoma,FFPE Human Pancreatic Ductal Adenocarcinoma Data with Human Immuno-Oncology Profiling Panel,xenium,pancreas,https://www.10xgenomics.com/datasets/ffpe-human-ductal-adenocarcinoma-data-with-human-immuno-oncology-profiling-panel-1-standard,https://cf.10xgenomics.com/samples/xenium/2.0.0/Xenium_V1_Human_Ductal_Adenocarcinoma_FFPE/Xenium_V1_Human_Ductal_Adenocarcinoma_FFPE_outs.zip,10x Datasets,10xgenomics.com/datasets/ffpe-human-ductal-adenocarcinoma-data-with-human-immuno-oncology-profiling-panel-1-standard,ready
51,Xenium_V1_Human_Lung_Cancer_Addon_FFPE,Xenium Human Lung Cancer,FFPE Human Lung Cancer Data with Human Immuno-Oncology Profiling Panel and Custom Add-on,xenium,lung,https://www.10xgenomics.com/datasets/ffpe-human-lung-cancer-data-with-human-immuno-oncology-profiling-panel-and-custom-add-on-1-standard,https://cf.10xgenomics.com/samples/xenium/2.0.0/Xenium_V1_Human_Lung_Cancer_Addon_FFPE/Xenium_V1_Human_Lung_Cancer_Addon_FFPE_outs.zip,10x Datasets,10xgenomics.com/datasets/ffpe-human-lung-cancer-data-with-human-immuno-oncology-profiling-panel-and-custom-add-on-1-standard,ready
52,Xenium_V1_Human_Ovarian_Cancer_Addon_FFPE,Xenium Human Ovarian Cancer,FFPE Human Ovarian Cancer Data with Human Immuno-Oncology Profiling Panel and Custom Add-on,xenium,ovary,https://www.10xgenomics.com/datasets/ffpe-human-ovarian-cancer-data-with-human-immuno-oncology-profiling-panel-and-custom-add-on-1-standard,https://cf.10xgenomics.com/samples/xenium/2.0.0/Xenium_V1_Human_Ovarian_Cancer_Addon_FFPE/Xenium_V1_Human_Ovarian_Cancer_Addon_FFPE_outs.zip,10x Datasets,10xgenomics.com/datasets/ffpe-human-ovarian-cancer-data-with-human-immuno-oncology-profiling-panel-and-custom-add-on-1-standard,ready
53,Xenium_Prime_Human_Breast_Cancer_FFPE,Xenium Human Breast Cancer,FFPE Human Breast Cancer with 5K Human Pan Tissue and Pathways Panel plus 100 Custom Genes,xenium,breast,https://www.10xgenomics.com/datasets/xenium-prime-ffpe-human-breast-cancer,https://s3-us-west-2.amazonaws.com/10x.files/samples/xenium/3.0.0/Xenium_Prime_Breast_Cancer_FFPE/Xenium_Prime_Breast_Cancer_FFPE_outs.zip,10x Datasets,10xgenomics.com/datasets/xenium-prime-ffpe-human-breast-cancer,ready
54,Xenium_Human_Lung_Cancer,Xenium Human Lung Cancer,Post-Xenium Technical Note: Xenium v1 and Xenium Prime 5K for FFPE Human Lung Cancer,xenium,lung,https://www.10xgenomics.com/datasets/xenium-human-lung-cancer-post-xenium-technote,https://cf.10xgenomics.com/samples/xenium/3.0.0/Xenium_V1_Human_Lung_Cancer_FFPE/Xenium_V1_Human_Lung_Cancer_FFPE_outs.zip,10x Datasets,10xgenomics.com/datasets/xenium-human-lung-cancer-post-xenium-technote,ready
55,Xenium_Human_Lung_Cancer,Xenium Human Lung Cancer,Post-Xenium Technical Note: Xenium v1 and Xenium Prime 5K for FFPE Human Lung Cancer,xenium,lung,https://www.10xgenomics.com/datasets/xenium-human-lung-cancer-post-xenium-technote,https://s3-us-west-2.amazonaws.com/10x.files/samples/xenium/3.0.0/Xenium_Prime_Human_Lung_Cancer_FFPE/Xenium_Prime_Human_Lung_Cancer_FFPE_outs.zip,10x Datasets,10xgenomics.com/datasets/xenium-human-lung-cancer-post-xenium-technote,ready
56,MERSCOPE_Human_Brain_Alzheimer_FF,MERSCOPE Human Brain Alzheimer,MERSCOPE 1000 Plex Data Release,merfish,brain,https://info.vizgen.com/1000-plex-showcase?submissionGuid=0905e7be-7ce2-4519-804c-d62f824ec377,https://storage.googleapis.com/vz-1k-showcase/human_brain_1k/202309251210_HuBrain-FF-SampleF-RC_VMSC000000/region_0/cell_metadata.csv,Vizgen,info.vizgen.com/1000-plex-showcase?submissionGuid=0905e7be-7ce2-4519-804c-d62f824ec377,restricted
59,MERSCOPE_Human_Breast_Cancer_Patient1,MERSCOPE Human Breast Cancer 1,MERSCOPE FFPE Human Immuno-Oncology Data Release,merfish,breast,https://info.vizgen.com/ffpe-showcase?submissionGuid=d4f4d370-4578-40fe-99ca-4325d6e2dfd0,https://storage.googleapis.com/vz-ffpe-showcase/HumanBreastCancerPatient1/cell_by_gene.csv|https://storage.googleapis.com/vz-ffpe-showcase/HumanBreastCancerPatient1/cell_metadata.csv,Vizgen,info.vizgen.com/ffpe-showcase?submissionGuid=d4f4d370-4578-40fe-99ca-4325d6e2dfd0,restricted
60,MERSCOPE_Human_Colon_Cancer_Patient1,MERSCOPE Human Colon Cancer 1,MERSCOPE FFPE Human Immuno-Oncology Data Release,merfish,colon,https://info.vizgen.com/ffpe-showcase?submissionGuid=d4f4d370-4578-40fe-99ca-4325d6e2dfd0,https://storage.googleapis.com/vz-ffpe-showcase/HumanColonCancerPatient1/cell_by_gene.csv|https://storage.googleapis.com/vz-ffpe-showcase/HumanColonCancerPatient1/cell_metadata.csv,Vizgen,info.vizgen.com/ffpe-showcase?submissionGuid=d4f4d370-4578-40fe-99ca-4325d6e2dfd0,restricted
61,MERSCOPE_Human_Colon_Cancer_Patient2,MERSCOPE Human Colon Cancer 2,MERSCOPE FFPE Human Immuno-Oncology Data Release,merfish,colon,https://info.vizgen.com/ffpe-showcase?submissionGuid=d4f4d370-4578-40fe-99ca-4325d6e2dfd0,https://storage.googleapis.com/vz-ffpe-showcase/HumanBreastCancerPatient1/cell_by_gene.csv|https://storage.googleapis.com/vz-ffpe-showcase/HumanBreastCancerPatient1/cell_metadata.csv,Vizgen,info.vizgen.com/ffpe-showcase?submissionGuid=d4f4d370-4578-40fe-99ca-4325d6e2dfd0,restricted
62,MERSCOPE_Human_Liver_Cancer_Patient1,MERSCOPE Human Liver Cancer 1,MERSCOPE FFPE Human Immuno-Oncology Data Release,merfish,liver,https://info.vizgen.com/ffpe-showcase?submissionGuid=d4f4d370-4578-40fe-99ca-4325d6e2dfd0,https://storage.googleapis.com/vz-ffpe-showcase/HumanBreastCancerPatient1/cell_by_gene.csv|https://storage.googleapis.com/vz-ffpe-showcase/HumanBreastCancerPatient1/cell_metadata.csv,Vizgen,info.vizgen.com/ffpe-showcase?submissionGuid=d4f4d370-4578-40fe-99ca-4325d6e2dfd0,restricted
63,MERSCOPE_Human_Liver_Cancer_Patient2,MERSCOPE Human Liver Cancer 2,MERSCOPE FFPE Human Immuno-Oncology Data Release,merfish,liver,https://info.vizgen.com/ffpe-showcase?submissionGuid=d4f4d370-4578-40fe-99ca-4325d6e2dfd0,https://storage.googleapis.com/vz-ffpe-showcase/HumanBreastCancerPatient1/cell_by_gene.csv|https://storage.googleapis.com/vz-ffpe-showcase/HumanBreastCancerPatient1/cell_metadata.csv,Vizgen,info.vizgen.com/ffpe-showcase?submissionGuid=d4f4d370-4578-40fe-99ca-4325d6e2dfd0,restricted
64,MERSCOPE_Human_Lung_Cancer_Patient1,MERSCOPE Human Lung Cancer 1,MERSCOPE FFPE Human Immuno-Oncology Data Release,merfish,lung,https://info.vizgen.com/ffpe-showcase?submissionGuid=d4f4d370-4578-40fe-99ca-4325d6e2dfd0,https://storage.googleapis.com/vz-ffpe-showcase/HumanBreastCancerPatient1/cell_by_gene.csv|https://storage.googleapis.com/vz-ffpe-showcase/HumanBreastCancerPatient1/cell_metadata.csv,Vizgen,info.vizgen.com/ffpe-showcase?submissionGuid=d4f4d370-4578-40fe-99ca-4325d6e2dfd0,restricted
65,MERSCOPE_Human_Lung_Cancer_Patient2,MERSCOPE Human Lung Cancer 2,MERSCOPE FFPE Human Immuno-Oncology Data Release,merfish,lung,https://info.vizgen.com/ffpe-showcase?submissionGuid=d4f4d370-4578-40fe-99ca-4325d6e2dfd0,https://storage.googleapis.com/vz-ffpe-showcase/HumanBreastCancerPatient1/cell_by_gene.csv|https://storage.googleapis.com/vz-ffpe-showcase/HumanBreastCancerPatient1/cell_metadata.csv,Vizgen,info.vizgen.com/ffpe-showcase?submissionGuid=d4f4d370-4578-40fe-99ca-4325d6e2dfd0,restricted
66,MERSCOPE_Human_Melanoma_Patient1,MERSCOPE Human Melanoma 1,MERSCOPE FFPE Human Immuno-Oncology Data Release,merfish,skin,https://info.vizgen.com/ffpe-showcase?submissionGuid=d4f4d370-4578-40fe-99ca-4325d6e2dfd0,https://storage.googleapis.com/vz-ffpe-showcase/HumanBreastCancerPatient1/cell_by_gene.csv|https://storage.googleapis.com/vz-ffpe-showcase/HumanBreastCancerPatient1/cell_metadata.csv,Vizgen,info.vizgen.com/ffpe-showcase?submissionGuid=d4f4d370-4578-40fe-99ca-4325d6e2dfd0,restricted
67,MERSCOPE_Human_Melanoma_Patient2,MERSCOPE Human Melanoma 2,MERSCOPE FFPE Human Immuno-Oncology Data Release,merfish,skin,https://info.vizgen.com/ffpe-showcase?submissionGuid=d4f4d370-4578-40fe-99ca-4325d6e2dfd0,https://storage.googleapis.com/vz-ffpe-showcase/HumanBreastCancerPatient1/cell_by_gene.csv|https://storage.googleapis.com/vz-ffpe-showcase/HumanBreastCancerPatient1/cell_metadata.csv,Vizgen,info.vizgen.com/ffpe-showcase?submissionGuid=d4f4d370-4578-40fe-99ca-4325d6e2dfd0,restricted
68,MERSCOPE_Human_Ovarian_Cancer_Patient1,MERSCOPE Human Ovarian Cancer 1,MERSCOPE FFPE Human Immuno-Oncology Data Release,merfish,ovary,https://info.vizgen.com/ffpe-showcase?submissionGuid=d4f4d370-4578-40fe-99ca-4325d6e2dfd0,https://storage.googleapis.com/vz-ffpe-showcase/HumanBreastCancerPatient1/cell_by_gene.csv|https://storage.googleapis.com/vz-ffpe-showcase/HumanBreastCancerPatient1/cell_metadata.csv,Vizgen,info.vizgen.com/ffpe-showcase?submissionGuid=d4f4d370-4578-40fe-99ca-4325d6e2dfd0,restricted
69,MERSCOPE_Human_Ovarian_Cancer_Patient2_Slice1,MERSCOPE Human Ovarian Cancer 2-1,MERSCOPE FFPE Human Immuno-Oncology Data Release,merfish,ovary,https://info.vizgen.com/ffpe-showcase?submissionGuid=d4f4d370-4578-40fe-99ca-4325d6e2dfd0,https://storage.googleapis.com/vz-ffpe-showcase/HumanBreastCancerPatient1/cell_by_gene.csv|https://storage.googleapis.com/vz-ffpe-showcase/HumanBreastCancerPatient1/cell_metadata.csv,Vizgen,info.vizgen.com/ffpe-showcase?submissionGuid=d4f4d370-4578-40fe-99ca-4325d6e2dfd0,restricted
70,MERSCOPE_Human_Ovarian_Cancer_Patient2_Slice2,MERSCOPE Human Ovarian Cancer 2-2,MERSCOPE FFPE Human Immuno-Oncology Data Release,merfish,ovary,https://info.vizgen.com/ffpe-showcase?submissionGuid=d4f4d370-4578-40fe-99ca-4325d6e2dfd0,https://storage.googleapis.com/vz-ffpe-showcase/HumanBreastCancerPatient1/cell_by_gene.csv|https://storage.googleapis.com/vz-ffpe-showcase/HumanBreastCancerPatient1/cell_metadata.csv,Vizgen,info.vizgen.com/ffpe-showcase?submissionGuid=d4f4d370-4578-40fe-99ca-4325d6e2dfd0,restricted
71,MERSCOPE_Human_Ovarian_Cancer_Patient2_Slice3,MERSCOPE Human Ovarian Cancer 2-3,MERSCOPE FFPE Human Immuno-Oncology Data Release,merfish,ovary,https://info.vizgen.com/ffpe-showcase?submissionGuid=d4f4d370-4578-40fe-99ca-4325d6e2dfd0,https://storage.googleapis.com/vz-ffpe-showcase/HumanBreastCancerPatient1/cell_by_gene.csv|https://storage.googleapis.com/vz-ffpe-showcase/HumanBreastCancerPatient1/cell_metadata.csv,Vizgen,info.vizgen.com/ffpe-showcase?submissionGuid=d4f4d370-4578-40fe-99ca-4325d6e2dfd0,restricted
72,MERSCOPE_Human_Prostate_Cancer_Patient1,MERSCOPE Human Prostate Cancer 1,MERSCOPE FFPE Human Immuno-Oncology Data Release,merfish,prostate,https://info.vizgen.com/ffpe-showcase?submissionGuid=d4f4d370-4578-40fe-99ca-4325d6e2dfd0,https://storage.googleapis.com/vz-ffpe-showcase/HumanBreastCancerPatient1/cell_by_gene.csv|https://storage.googleapis.com/vz-ffpe-showcase/HumanBreastCancerPatient1/cell_metadata.csv,Vizgen,info.vizgen.com/ffpe-showcase?submissionGuid=d4f4d370-4578-40fe-99ca-4325d6e2dfd0,restricted
73,MERSCOPE_Human_Prostate_Cancer_Patient2,MERSCOPE Human Prostate Cancer 2,MERSCOPE FFPE Human Immuno-Oncology Data Release,merfish,prostate,https://info.vizgen.com/ffpe-showcase?submissionGuid=d4f4d370-4578-40fe-99ca-4325d6e2dfd0,https://storage.googleapis.com/vz-ffpe-showcase/HumanBreastCancerPatient1/cell_by_gene.csv|https://storage.googleapis.com/vz-ffpe-showcase/HumanBreastCancerPatient1/cell_metadata.csv,Vizgen,info.vizgen.com/ffpe-showcase?submissionGuid=d4f4d370-4578-40fe-99ca-4325d6e2dfd0,restricted
74,MERSCOPE_Human_Uterine_Cancer_Patient1,MERSCOPE Human Uterine Cancer 1,MERSCOPE FFPE Human Immuno-Oncology Data Release,merfish,uterus,https://info.vizgen.com/ffpe-showcase?submissionGuid=d4f4d370-4578-40fe-99ca-4325d6e2dfd0,https://storage.googleapis.com/vz-ffpe-showcase/HumanBreastCancerPatient1/cell_by_gene.csv|https://storage.googleapis.com/vz-ffpe-showcase/HumanBreastCancerPatient1/cell_metadata.csv,Vizgen,info.vizgen.com/ffpe-showcase?submissionGuid=d4f4d370-4578-40fe-99ca-4325d6e2dfd0,restricted
75,MERSCOPE_Human_Uterine_Cancer_Patient2_RACostain,MERSCOPE Human Uterine Cancer 2 RACostain,MERSCOPE Protein Co-detection Data Release Showcase,merfish,uterus,https://info.vizgen.com/protein-co-detection-showcase?submissionGuid=5fa89a33-4c40-4471-acd4-4791af6c4840,https://storage.googleapis.com/vz-ffpe-showcase/HumanBreastCancerPatient1/cell_by_gene.csv|https://storage.googleapis.com/vz-ffpe-showcase/HumanBreastCancerPatient1/cell_metadata.csv,Vizgen,info.vizgen.com/protein-co-detection-showcase?submissionGuid=5fa89a33-4c40-4471-acd4-4791af6c4840,restricted
76,MERSCOPE_Human_Uterine_Cancer_Patient2_ROCostain,MERSCOPE Human Uterine Cancer 2 ROCostain,MERSCOPE Protein Co-detection Data Release Showcase,merfish,uterus,https://info.vizgen.com/protein-co-detection-showcase?submissionGuid=5fa89a33-4c40-4471-acd4-4791af6c4840,https://storage.googleapis.com/vz-ffpe-showcase/HumanBreastCancerPatient1/cell_by_gene.csv|https://storage.googleapis.com/vz-ffpe-showcase/HumanBreastCancerPatient1/cell_metadata.csv,Vizgen,info.vizgen.com/protein-co-detection-showcase?submissionGuid=5fa89a33-4c40-4471-acd4-4791af6c4840,restricted
77,MERFISH_Human_Heart,MERFISH Human Heart,Farah_et_al_2024,merfish,heart,https://datadryad.org/stash/dataset/doi:10.5061/dryad.w0vt4b8vp,,Dryad,datadryad.org/stash/dataset/doi:10.5061/dryad.w0vt4b8vp,restricted
78,CosMx_Human_FFPE_FrontalCortex,CosMx Human Brain 1,Nanostring CosMx SMI Datasets,cosmx,brain,https://nanostring.com/products/cosmx-spatial-molecular-imager/ffpe-dataset/human-frontal-cortex-ffpe-dataset/,https://smi-public.objects.liquidweb.services/6k_release/flatFiles.zip,NanoString,nanostring.com/products/cosmx-spatial-molecular-imager/ffpe-dataset/human-frontal-cortex-ffpe-dataset,ready
79,CosMx_Human_FFPE_Liver_Cancer,CosMx Human Liver 2,Nanostring CosMx SMI Datasets,cosmx,liver,https://nanostring.com/products/cosmx-spatial-molecular-imager/ffpe-dataset/human-liver-rna-ffpe-dataset/,,NanoString,nanostring.com/products/cosmx-spatial-molecular-imager/ffpe-dataset/human-liver-rna-ffpe-dataset,no_processed_data
80,CosMx_Human_FFPE_Liver_Normal,CosMx Human Liver 1,Nanostring CosMx SMI Datasets,cosmx,liver,https://nanostring.com/products/cosmx-spatial-molecular-imager/ffpe-dataset/human-liver-rna-ffpe-dataset/,,NanoString,nanostring.com/products/cosmx-spatial-molecular-imager/ffpe-dataset/human-liver-rna-ffpe-dataset,no_processed_data
81,CosMx_Human_FFPE_NSCLC_Lung5_Rep1,CosMx Human Lung NSCLC,Nanostring CosMx SMI Datasets,cosmx,lung,https://nanostring.com/products/cosmx-spatial-molecular-imager/ffpe-dataset/nsclc-ffpe-dataset/,https://nanostring-public-share.s3.us-west-2.amazonaws.com/SMI-Compressed/Lung5_Rep1/Lung5_Rep1+SMI+Flat+data.tar.gz,NanoString,nanostring.com/products/cosmx-spatial-molecular-imager/ffpe-dataset/nsclc-ffpe-dataset,ready
82,CosMx_Human_FFPE_NSCLC_Lung5_Rep2,CosMx Human Lung NSCLC,Nanostring CosMx SMI Datasets,cosmx,lung,https://nanostring.com/products/cosmx-spatial-molecular-imager/ffpe-dataset/nsclc-ffpe-dataset/,https://nanostring-public-share.s3.us-west-2.amazonaws.com/SMI-Compressed/Lung5_Rep2/Lung5_Rep2+SMI+Flat+data.tar.gz,NanoString,nanostring.com/products/cosmx-spatial-molecular-imager/ffpe-dataset/nsclc-ffpe-dataset,ready
83,CosMx_Human_FFPE_NSCLC_Lung5_Rep3,CosMx Human Lung NSCLC,Nanostring CosMx SMI Datasets,cosmx,lung,https://nanostring.com/products/cosmx-spatial-molecular-imager/ffpe-dataset/nsclc-ffpe-dataset/,https://nanostring-public-share.s3.us-west-2.amazonaws.com/SMI-Compressed/Lung5_Rep3/Lung5_Rep3+SMI+Flat+data.tar.gz,NanoString,nanostring.com/products/cosmx-spatial-molecular-imager/ffpe-dataset/nsclc-ffpe-dataset,ready
84,CosMx_Human_FFPE_NSCLC_Lung6,CosMx Human Lung NSCLC,Nanostring CosMx SMI Datasets,cosmx,lung,https://nanostring.com/products/cosmx-spatial-molecular-imager/ffpe-dataset/nsclc-ffpe-dataset/,https://nanostring-public-share.s3.us-west-2.amazonaws.com/SMI-Compressed/Lung6/Lung6+SMI+Flat+data.tar.gz,NanoString,nanostring.com/products/cosmx-spatial-molecular-imager/ffpe-dataset/nsclc-ffpe-dataset,ready
85,CosMx_Human_FFPE_NSCLC_Lung9_Rep1,CosMx Human Lung NSCLC,Nanostring CosMx SMI Datasets,cosmx,lung,https://nanostring.com/products/cosmx-spatial-molecular-imager/ffpe-dataset/nsclc-ffpe-dataset/,https://nanostring-public-share.s3.us-west-2.amazonaws.com/SMI-Compressed/Lung9_Rep1/Lung9_Rep1+SMI+Flat+data.tar.gz,NanoString,nanostring.com/products/cosmx-spatial-molecular-imager/ffpe-dataset/nsclc-ffpe-dataset,ready
86,CosMx_Human_FFPE_NSCLC_Lung9_Rep2,CosMx Human Lung NSCLC,Nanostring CosMx SMI Datasets,cosmx,lung,https://nanostring.com/products/cosmx-spatial-molecular-imager/ffpe-dataset/nsclc-ffpe-dataset/,https://nanostring-public-share.s3.us-west-2.amazonaws.com/SMI-Compressed/Lung9_Rep2/Lung9_Rep2+SMI+Flat+data.tar.gz,NanoString,nanostring.com/products/cosmx-spatial-molecular-imager/ffpe-dataset/nsclc-ffpe-dataset,ready
87,CosMx_Human_FFPE_NSCLC_Lung12,CosMx Human Lung NSCLC,Nanostring CosMx SMI Datasets,cosmx,lung,https://nanostring.com/products/cosmx-spatial-molecular-imager/ffpe-dataset/nsclc-ffpe-dataset/,https://nanostring-public-share.s3.us-west-2.amazonaws.com/SMI-Compressed/Lung12/Lung12+SMI+Flat+data.tar.gz,NanoString,nanostring.com/products/cosmx-spatial-molecular-imager/ffpe-dataset/nsclc-ffpe-dataset,ready
88,CosMx_Human_FFPE_NSCLC_Lung13,CosMx Human Lung NSCLC,Nanostring CosMx SMI Datasets,cosmx,lung,https://nanostring.com/products/cosmx-spatial-molecular-imager/ffpe-dataset/nsclc-ffpe-dataset/,https://nanostring-public-share.s3.us-west-2.amazonaws.com/SMI-Compressed/Lung13/Lung13+SMI+Flat+data.tar.gz,NanoString,nanostring.com/products/cosmx-spatial-molecular-imager/ffpe-dataset/nsclc-ffpe-dataset,ready
89,CosMx_Human_FFPE_Pancreas,CosMx Human Pancreas,Nanostring CosMx SMI Datasets,cosmx,pancreas,https://nanostring.com/products/cosmx-spatial-molecular-imager/ffpe-dataset/cosmx-smi-human-pancreas-ffpe-dataset/,https://smi-public.objects.liquidweb.services/cosmx-wtx/Pancreas-CosMx-WTx-FlatFiles.zip,NanoString,nanostring.com/products/cosmx-spatial-molecular-imager/ffpe-dataset/cosmx-smi-human-pancreas-ffpe-dataset,ready
90,GSM7473682,CosMx Human Colon IBD Colonic Mucosa 1 - HC a_non-IBD colon,IBD CosMx NanoString data from colonic mucosa - Garrido-Trigo23,cosmx,colon,https://www.ncbi.nlm.nih.gov/geo/query/acc.cgi?acc=GSE234713,https://ftp.ncbi.nlm.nih.gov/geo/samples/GSM7473nnn/GSM7473682/suppl/GSM7473682%5FHCa.tar.gz,GEO,GSE234713,pending curation
91,GSM7473683,CosMx Human Colon IBD Colonic Mucosa 2 - HC b_non-IBD colon,IBD CosMx NanoString data from colonic mucosa - Garrido-Trigo23,cosmx,colon,https://www.ncbi.nlm.nih.gov/geo/query/acc.cgi?acc=GSE234713,https://ftp.ncbi.nlm.nih.gov/geo/samples/GSM7473nnn/GSM7473683/suppl/GSM7473683%5FHCb.tar.gz,GEO,GSE234713,pending curation
92,GSM7473684,CosMx Human Colon IBD Colonic Mucosa 3 - HC c_non-IBD colon,IBD CosMx NanoString data from colonic mucosa - Garrido-Trigo23,cosmx,colon,https://www.ncbi.nlm.nih.gov/geo/query/acc.cgi?acc=GSE234713,https://ftp.ncbi.nlm.nih.gov/geo/samples/GSM7473nnn/GSM7473684/suppl/GSM7473684%5FHCc.tar.gz,GEO,GSE234713,pending curation
93,GSM7473685,CosMx Human Colon IBD Colonic Mucosa 4 - UC a_UC colon,IBD CosMx NanoString data from colonic mucosa - Garrido-Trigo23,cosmx,colon,https://www.ncbi.nlm.nih.gov/geo/query/acc.cgi?acc=GSE234713,https://ftp.ncbi.nlm.nih.gov/geo/samples/GSM7473nnn/GSM7473685/suppl/GSM7473685%5FUCa.tar.gz,GEO,GSE234713,pending curation
94,GSM7473686,CosMx Human Colon IBD Colonic Mucosa 5 - UC b_UC colon,IBD CosMx NanoString data from colonic mucosa - Garrido-Trigo23,cosmx,colon,https://www.ncbi.nlm.nih.gov/geo/query/acc.cgi?acc=GSE234713,https://ftp.ncbi.nlm.nih.gov/geo/samples/GSM7473nnn/GSM7473686/suppl/GSM7473686%5FUCb.tar.gz,GEO,GSE234713,pending curation
95,GSM7473687,CosMx Human Colon IBD Colonic Mucosa 6 - UC c_UC colon,IBD CosMx NanoString data from colonic mucosa - Garrido-Trigo23,cosmx,colon,https://www.ncbi.nlm.nih.gov/geo/query/acc.cgi?acc=GSE234713,https://ftp.ncbi.nlm.nih.gov/geo/samples/GSM7473nnn/GSM7473687/suppl/GSM7473687%5FUCc.tar.gz,GEO,GSE234713,pending curation
96,GSM7473688,CosMx Human Colon IBD Colonic Mucosa 7 - CD a_CD colon,IBD CosMx NanoString data from colonic mucosa - Garrido-Trigo23,cosmx,colon,https://www.ncbi.nlm.nih.gov/geo/query/acc.cgi?acc=GSE234713,https://ftp.ncbi.nlm.nih.gov/geo/samples/GSM7473nnn/GSM7473688/suppl/GSM7473688%5FCDa.tar.gz,GEO,GSE234713,pending curation
97,GSM7473689,CosMx Human Colon IBD Colonic Mucosa 8 - CD b_CD colon,IBD CosMx NanoString data from colonic mucosa - Garrido-Trigo23,cosmx,colon,https://www.ncbi.nlm.nih.gov/geo/query/acc.cgi?acc=GSE234713,https://ftp.ncbi.nlm.nih.gov/geo/samples/GSM7473nnn/GSM7473689/suppl/GSM7473689%5FCDb.tar.gz,GEO,GSE234713,pending curation
98,GSM7473690,CosMx Human Colon IBD Colonic Mucosa 9 - CD c_CD colon,IBD CosMx NanoString data from colonic mucosa - Garrido-Trigo23,cosmx,colon,https://www.ncbi.nlm.nih.gov/geo/query/acc.cgi?acc=GSE234713,https://ftp.ncbi.nlm.nih.gov/geo/samples/GSM7473nnn/GSM7473690/suppl/GSM7473690%5FCDc.tar.gz,GEO,GSE234713,pending curation
99,Xenium_V1_Human_Colon_Cancer_P1_CRC_Add_on_FFPE,Xenium Human Colon Cancer - Sample P1 CRC,Characterization of immune cell populations in the tumor microenvironment of colorectal cancer using high definition spatial profiling,xenium,colon,https://www.10xgenomics.com/products/visium-hd-spatial-gene-expression/dataset-human-crc,,10x Datasets,10xgenomics.com/products/visium-hd-spatial-gene-expression/dataset-human-crc,ready
100,Xenium_V1_Human_Colon_Cancer_P2_CRC_Add_on_FFPE,Xenium Human Colon Cancer - Sample P2 CRC,Characterization of immune cell populations in the tumor microenvironment of colorectal cancer using high definition spatial profiling,xenium,colon,https://www.10xgenomics.com/products/visium-hd-spatial-gene-expression/dataset-human-crc,,10x Datasets,10xgenomics.com/products/visium-hd-spatial-gene-expression/dataset-human-crc,ready
101,Xenium_V1_Human_Colon_Cancer_P5_CRC_Add_on_FFPE,Xenium Human Colon Cancer - Sample P5 CRC,Characterization of immune cell populations in the tumor microenvironment of colorectal cancer using high definition spatial profiling,xenium,colon,https://www.10xgenomics.com/products/visium-hd-spatial-gene-expression/dataset-human-crc,,10x Datasets,10xgenomics.com/products/visium-hd-spatial-gene-expression/dataset-human-crc,ready
102,Burn_Scar_MU_Interface_Section,Xenium Human Skin Burn Scar Marjolin's Ulcer,Spatial and Single-Cell Transcriptomics Reveal that Oncofetal Reprogramming of Fibroblasts Is Associated with Malignant Degeneration of Burn Scar,xenium,skin,https://www.ncbi.nlm.nih.gov/geo/query/acc.cgi?acc=GSM7990295,https://www.ncbi.nlm.nih.gov/geo/download/?acc=GSM7990295&format=file&file=GSM7990295%5Foutput%2DXETG00116%5F0005441%5Fmu%5F20231219%5F234011%2Etar%2Egz,GEO,ncbi.nlm.nih.gov/geo/query/acc.cgi?acc=GSM7990295,pending curation
103,63_region_0,MERFISH Human Liver 1,Intratumoral dendritic cell-CD4+ T helper cell niches enable CD8+ T cell differentiation  following PD-1 blockade in hepatocellular carcinoma,merfish,liver,https://zenodo.org/records/7758080,https://zenodo.org/records/7758080/files/63_region_0_cell_by_gene.csv?download=1|https://zenodo.org/records/7758080/files/63_region_0_cell_metadata.csv?download=1,Zenodo,zenodo:7758080,ready
104,122_region_0,MERFISH Human Liver 2,Intratumoral dendritic cell-CD4+ T helper cell niches enable CD8+ T cell differentiation  following PD-1 blockade in hepatocellular carcinoma,merfish,liver,https://zenodo.org/records/7758080,https://zenodo.org/records/7758080/files/122_region_0_cell_by_gene.csv?download=1|https://zenodo.org/records/7758080/files/122_region_0_cell_metadata.csv?download=1,Zenodo,zenodo:7758080,ready
105,122_region_1,MERFISH Human Liver 3,Intratumoral dendritic cell-CD4+ T helper cell niches enable CD8+ T cell differentiation  following PD-1 blockade in hepatocellular carcinoma,merfish,liver,https://zenodo.org/records/7758080,https://zenodo.org/records/7758080/files/122_region_1_cell_by_gene.csv?download=1|https://zenodo.org/records/7758080/files/122_region_1_cell_metadata.csv?download=1,Zenodo,zenodo:7758080,ready
106,1003_region_0,MERFISH Human Liver 4,Intratumoral dendritic cell-CD4+ T helper cell niches enable CD8+ T cell differentiation  following PD-1 blockade in hepatocellular carcinoma,merfish,liver,https://zenodo.org/records/7758080,https://zenodo.org/records/7758080/files/1003_region_0_cell_by_gene.csv?download=1|https://zenodo.org/records/7758080/files/1003_region_0_cell_metadata.csv?download=1,Zenodo,zenodo:7758080,ready
107,1012_region_0,MERFISH Human Liver 5,Intratumoral dendritic cell-CD4+ T helper cell niches enable CD8+ T cell differentiation  following PD-1 blockade in hepatocellular carcinoma,merfish,liver,https://zenodo.org/records/7758080,https://zenodo.org/records/7758080/files/1012_region_0_cell_by_gene.csv?download=1|https://zenodo.org/records/7758080/files/1012_region_0_cell_metadata.csv?download=1,Zenodo,zenodo:7758080,ready
108,1012_region_1,MERFISH Human Liver 6,Intratumoral dendritic cell-CD4+ T helper cell niches enable CD8+ T cell differentiation  following PD-1 blockade in hepatocellular carcinoma,merfish,liver,https://zenodo.org/records/7758080,https://zenodo.org/records/7758080/files/1012_region_1_cell_by_gene.csv?download=1|https://zenodo.org/records/7758080/files/1012_region_1_cell_metadata.csv?download=1,Zenodo,zenodo:7758080,ready
109,1014_region_0,MERFISH Human Liver 7,Intratumoral dendritic cell-CD4+ T helper cell niches enable CD8+ T cell differentiation  following PD-1 blockade in hepatocellular carcinoma,merfish,liver,https://zenodo.org/records/7758080,https://zenodo.org/records/7758080/files/1014_region_0_cell_by_gene.csv?download=1|https://zenodo.org/records/7758080/files/1014_region_0_cell_metadata.csv?download=1,Zenodo,zenodo:7758080,ready
110,1014_region_1,MERFISH Human Liver 8,Intratumoral dendritic cell-CD4+ T helper cell niches enable CD8+ T cell differentiation  following PD-1 blockade in hepatocellular carcinoma,merfish,liver,https://zenodo.org/records/7758080,https://zenodo.org/records/7758080/files/1014_region_1_cell_by_gene.csv?download=1|https://zenodo.org/records/7758080/files/1014_region_1_cell_metadata.csv?download=1,Zenodo,zenodo:7758080,ready
111,1017_region_0,MERFISH Human Liver 9,Intratumoral dendritic cell-CD4+ T helper cell niches enable CD8+ T cell differentiation  following PD-1 blockade in hepatocellular carcinoma,merfish,liver,https://zenodo.org/records/7758080,https://zenodo.org/records/7758080/files/1017_region_0_cell_by_gene.csv?download=1|https://zenodo.org/records/7758080/files/1017_region_0_cell_metadata.csv?download=1,Zenodo,zenodo:7758080,ready
112,1029_region_0,MERFISH Human Liver 10,Intratumoral dendritic cell-CD4+ T helper cell niches enable CD8+ T cell differentiation  following PD-1 blockade in hepatocellular carcinoma,merfish,liver,https://zenodo.org/records/7758080,https://zenodo.org/records/7758080/files/1029_region_0_cell_by_gene.csv?download=1|https://zenodo.org/records/7758080/files/1029_region_0_cell_metadata.csv?download=1,Zenodo,zenodo:7758080,ready
113,Visium_HD_Human_Breast_Cancer_Fixed_Frozen,Visium HD Human Breast Cancer Fixed Frozen,"Visium HD Spatial Gene Expression Library, Human Breast Cancer (Fixed Frozen)",visium_hd,breast,https://www.10xgenomics.com/datasets/visium-hd-cytassist-gene-expression-human-breast-cancer-fixed-frozen,,10x Datasets,10xgenomics.com/datasets/visium-hd-cytassist-gene-expression-human-breast-cancer-fixed-frozen,ready
114,Visium_HD_Human_Breast_Cancer_Fresh_Frozen,Visium HD Human Breast Cancer Fresh Frozen,"Visium HD Spatial Gene Expression Library, Human Breast Cancer (Fresh Frozen)",visium_hd,breast,https://www.10xgenomics.com/datasets/visium-hd-cytassist-gene-expression-human-breast-cancer-fresh-frozen,,10x Datasets,10xgenomics.com/datasets/visium-hd-cytassist-gene-expression-human-breast-cancer-fresh-frozen,ready
115,Visium_HD_Human_Colon_Cancer,Visium HD Human Colon Cancer,"Visium HD Spatial Gene Expression Library, Human Colorectal Cancer (FFPE)	",visium_hd,colon,https://www.10xgenomics.com/datasets/visium-hd-cytassist-gene-expression-libraries-of-human-crc,,10x Datasets,10xgenomics.com/datasets/visium-hd-cytassist-gene-expression-libraries-of-human-crc,ready
116,Visium_HD_Human_Lung_Cancer,Visium HD Human Lung Cancer,"Visium HD Spatial Gene Expression Library, Human Lung Cancer, IF Stained (FFPE)",visium_hd,lung,https://www.10xgenomics.com/datasets/visium-hd-cytassist-gene-expression-libraries-of-human-lung-cancer-if,,10x Datasets,10xgenomics.com/datasets/visium-hd-cytassist-gene-expression-libraries-of-human-lung-cancer-if,ready
117,Visium_HD_Human_Lung_Cancer_Fixed_Frozen,Visium HD Human Lung Cancer Fixed Frozen,"Visium HD Spatial Gene Expression Library, Human Lung Cancer (Fixed Frozen)",visium_hd,lung,https://www.10xgenomics.com/datasets/visium-hd-cytassist-gene-expression-human-lung-cancer-fixed-frozen,,10x Datasets,10xgenomics.com/datasets/visium-hd-cytassist-gene-expression-human-lung-cancer-fixed-frozen,ready
118,Visium_HD_Human_Lung_Cancer_HD_Only_Experiment1,Visium HD Human Lung Cancer HD 1,"Visium HD Spatial Gene Expression Libraries, Post-Xenium, Human Lung Cancer (FFPE)	",visium_hd,lung,https://www.10xgenomics.com/datasets/visium-hd-cytassist-gene-expression-human-lung-cancer-post-xenium-expt,,10x Datasets,10xgenomics.com/datasets/visium-hd-cytassist-gene-expression-human-lung-cancer-post-xenium-expt,ready
119,Visium_HD_Human_Lung_Cancer_HD_Only_Experiment2,Visium HD Human Lung Cancer HD 2,"Visium HD Spatial Gene Expression Libraries, Post-Xenium, Human Lung Cancer (FFPE)	",visium_hd,lung,https://www.10xgenomics.com/datasets/visium-hd-cytassist-gene-expression-human-lung-cancer-post-xenium-expt,,10x Datasets,10xgenomics.com/datasets/visium-hd-cytassist-gene-expression-human-lung-cancer-post-xenium-expt,ready
120,Visium_HD_Human_Lung_Cancer_post_Xenium_Prime_5K_Experiment2,Visium HD Human Lung Post 2,"Visium HD Spatial Gene Expression Libraries, Post-Xenium, Human Lung Cancer (FFPE)	",visium_hd,lung,https://www.10xgenomics.com/datasets/visium-hd-cytassist-gene-expression-human-lung-cancer-post-xenium-expt,,10x Datasets,10xgenomics.com/datasets/visium-hd-cytassist-gene-expression-human-lung-cancer-post-xenium-expt,ready
121,Visium_HD_Human_Lung_Cancer_post_Xenium_v1_Experiment1,Visium HD Human Lung Post 1,"Visium HD Spatial Gene Expression Libraries, Post-Xenium, Human Lung Cancer (FFPE)	",visium_hd,lung,https://www.10xgenomics.com/datasets/visium-hd-cytassist-gene-expression-human-lung-cancer-post-xenium-expt,,10x Datasets,10xgenomics.com/datasets/visium-hd-cytassist-gene-expression-human-lung-cancer-post-xenium-expt,ready
122,Visium_HD_Human_Pancreas,Visium HD Human Pancreas,"Visium HD Spatial Gene Expression Library, Human Pancreas (FFPE)",visium_hd,pancreas,https://www.10xgenomics.com/datasets/visium-hd-cytassist-gene-expression-libraries-human-pancreas,,10x Datasets,10xgenomics.com/datasets/visium-hd-cytassist-gene-expression-libraries-human-pancreas,ready
123,Visium_HD_Human_Tonsil_Fresh_Frozen,Visium HD Human Tonsil Fresh Frozen,"Visium HD Spatial Gene Expression Library, Human Tonsil (Fresh Frozen)",visium_hd,tonsil,https://www.10xgenomics.com/datasets/visium-hd-cytassist-gene-expression-human-tonsil-fresh-frozen,,10x Datasets,10xgenomics.com/datasets/visium-hd-cytassist-gene-expression-human-tonsil-fresh-frozen,ready
124,Visium_HD_Human_Tonsil_Fresh_Frozen_IF,Visium HD Human Tonsil Fresh Frozen IF,"Visium HD Spatial Gene Expression Library, Human Tonsil, IF (Fresh Frozen)",visium_hd,tonsil,https://www.10xgenomics.com/datasets/visium-hd-cytassist-gene-expression-human-tonsil-fresh-frozen-if,,10x Datasets,10xgenomics.com/datasets/visium-hd-cytassist-gene-expression-human-tonsil-fresh-frozen-if,ready
125,spaceranger200_count_47441_CZI_A_KIDsp13768133_GRCh38-2020-A,Visium Human Kidney Pre-HiP-CT,Kidney study?,visium,kidney,offline:/seq/illumina/runs/47/47441/spaceranger/spaceranger200_count_47441_CZI_A_KIDsp13768133_GRCh38-2020-A,,other,offline:/seq/illumina/runs/47/47441/spaceranger/spaceranger200_count_47441_CZI_A_KIDsp13768133_GRCh38-2020-A,offline (internal only)
126,spaceranger210_count_47828_CZI_A_KIDsp14110264_GRCh38-2020-A,Visium Human Kidney HiRes Pre-HiP-CT 1,Kidney study?,visium,kidney,offline:/seq/illumina/runs/47/47828/spaceranger/spaceranger210_count_47828_CZI_A_KIDsp14110264_GRCh38-2020-A,,other,offline:/seq/illumina/runs/47/47828/spaceranger/spaceranger210_count_47828_CZI_A_KIDsp14110264_GRCh38-2020-A,offline (internal only)
127,spaceranger210_count_47828_CZI_A_KIDsp14110265_GRCh38-2020-A,Visium Human Kidney HiRes Pre-HiP-CT 2,Kidney study?,visium,kidney,offline:/seq/illumina/runs/47/47828/spaceranger/spaceranger210_count_47828_CZI_A_KIDsp14110265_GRCh38-2020-A,,other,offline:/seq/illumina/runs/47/47828/spaceranger/spaceranger210_count_47828_CZI_A_KIDsp14110265_GRCh38-2020-A,offline (internal only)
128,spaceranger210_count_47828_CZI_A_KIDsp14110266_GRCh38-2020-A,Visium Human Kidney LoRes Pre-HiP-CT 1,Kidney study?,visium,kidney,offline:/seq/illumina/runs/47/47828/spaceranger/spaceranger210_count_47828_CZI_A_KIDsp14110266_GRCh38-2020-A,,other,offline:/seq/illumina/runs/47/47828/spaceranger/spaceranger210_count_47828_CZI_A_KIDsp14110266_GRCh38-2020-A,offline (internal only)
129,spaceranger210_count_47828_CZI_A_KIDsp14110267_GRCh38-2020-A,Visium Human Kidney LoRes Pre-HiP-CT 2,Kidney study?,visium,kidney,offline:/seq/illumina/runs/47/47828/spaceranger/spaceranger210_count_47828_CZI_A_KIDsp14110267_GRCh38-2020-A,,other,offline:/seq/illumina/runs/47/47828/spaceranger/spaceranger210_count_47828_CZI_A_KIDsp14110267_GRCh38-2020-A,offline (internal only)
130,spaceranger210_count_48183_CZI_A_KIDsp14524205_GRCh38-2020-A,Pre-HiP-CT Visium (FFPE) (AT002/K292-run3),Kidney study?,visium,kidney,offline:/seq/illumina/runs/48/48183/spaceranger/spaceranger210_count_48183_CZI_A_KIDsp14524205_GRCh38-2020-A,,other,offline:/seq/illumina/runs/48/48183/spaceranger/spaceranger210_count_48183_CZI_A_KIDsp14524205_GRCh38-2020-A,offline (internal only)
131,spaceranger210_count_48183_CZI_A_KIDsp14524206_GRCh38-2020-A,Pre-HiP-CT Visium (PFPE) (AT002/K292-run3),Kidney study?,visium,kidney,offline:/seq/illumina/runs/48/48183/spaceranger/spaceranger210_count_48183_CZI_A_KIDsp14524206_GRCh38-2020-A,,other,offline:/seq/illumina/runs/48/48183/spaceranger/spaceranger210_count_48183_CZI_A_KIDsp14524206_GRCh38-2020-A,offline (internal only)
132,spaceranger210_count_48183_CZI_A_KIDsp14524207_GRCh38-2020-A,Pre-imaging without x-ray (S1_pre-CT) Visium (AT002/K292-run3),Kidney study?,visium,kidney,offline:/seq/illumina/runs/48/48183/spaceranger/spaceranger210_count_48183_CZI_A_KIDsp14524207_GRCh38-2020-A,,other,offline:/seq/illumina/runs/48/48183/spaceranger/spaceranger210_count_48183_CZI_A_KIDsp14524207_GRCh38-2020-A,offline (internal only)
133,spaceranger210_count_48183_CZI_A_KIDsp14524208_GRCh38-2020-A,HiP-CT Hi-res (S2.1_HiRes) Visium (AT002/K292-run3),Kidney study?,visium,kidney,offline:/seq/illumina/runs/48/48183/spaceranger/spaceranger210_count_48183_CZI_A_KIDsp14524208_GRCh38-2020-A,,other,offline:/seq/illumina/runs/48/48183/spaceranger/spaceranger210_count_48183_CZI_A_KIDsp14524208_GRCh38-2020-A,offline (internal only)
134,spaceranger210_count_48958_Kid_HipCT_Sp14795842_GRCh38-2020-A,Pre-HiP-CT & Pre-imaging without x-ray pre-CT Visium (AT003/K335-run4),Kidney study?,visium,kidney,offline:/seq/illumina/runs/48/48958/spaceranger/spaceranger210_count_48958_Kid_HipCT_Sp14795842_GRCh38-2020-A,,other,offline:/seq/illumina/runs/48/48958/spaceranger/spaceranger210_count_48958_Kid_HipCT_Sp14795842_GRCh38-2020-A,offline (internal only)
135,spaceranger210_count_48958_Kid_HipCT_Sp14795843_GRCh38-2020-A,LoRes HiP-CT & AZ-CKD-AC61 (AT003/K335-run4),Kidney study?,visium,kidney,offline:/seq/illumina/runs/48/48958/spaceranger/spaceranger210_count_48958_Kid_HipCT_Sp14795843_GRCh38-2020-A,,other,offline:/seq/illumina/runs/48/48958/spaceranger/spaceranger210_count_48958_Kid_HipCT_Sp14795843_GRCh38-2020-A,offline (internal only)
136,spaceranger210_count_48958_Kid_HipCT_Sp14795844_GRCh38-2020-A,HiRes HiP-CT (AT003/K335-run4),Kidney study?,visium,kidney,offline:/seq/illumina/runs/48/48958/spaceranger/spaceranger210_count_48958_Kid_HipCT_Sp14795844_GRCh38-2020-A,,other,offline:/seq/illumina/runs/48/48958/spaceranger/spaceranger210_count_48958_Kid_HipCT_Sp14795844_GRCh38-2020-A,offline (internal only)
137,spaceranger210_count_47441_CZI_A_KIDsp13768136_GRCh38-2020-A,nan,Kidney study?,visium,,offline:nan,,other,offline:nan,offline (internal only)
138,spaceranger210_count_48784_HCA_AZ_CKD_Sp14708838_GRCh38-2020-A,nan,Kidney study?,visium,,offline:nan,,other,offline:nan,offline (internal only)
139,spaceranger210_count_48183_HCA_AZ_CKD_Sp14524301_GRCh38-2020-A,nan,Kidney study?,visium,,offline:nan,,other,offline:nan,offline (internal only)
140,spaceranger210_count_48183_HCA_AZ_CKD_Sp14524304_GRCh38-2020-A,nan,Kidney study?,visium,,offline:nan,,other,offline:nan,offline (internal only)
141,spaceranger210_count_48958_Kid_HipCT_Sp14795843_GRCh38-2020-A,nan,Kidney study?,visium,,offline:nan,,other,offline:nan,offline (internal only)
142,spaceranger210_count_49439_HCA_AZ_CKD_Sp15020852_GRCh38-2020-A,nan,Kidney study?,visium,,offline:nan,,other,offline:nan,offline (internal only)
143,spaceranger210_count_49439_HCA_AZ_CKD_Sp15020853_GRCh38-2020-A,nan,Kidney study?,visium,,offline:nan,,other,offline:nan,offline (internal only)
144,Xenium-Ranger_AC19-K292-Control-Pre-HiP-CT_Run-XETG00155_output,Xenium Human Kidney internal 1,Xenium Human Kidney from Menna,xenium,kidney,offline:nan,,other,offline:nan,offline (internal only)
145,Xenium-Ranger_AC19-K292-HiRes_Run-XETG00155_output,Xenium Human Kidney internal 2,Xenium Human Kidney from Menna,xenium,kidney,offline:nan,,other,offline:nan,offline (internal only)
146,Xenium-Ranger_AC36-K310-CKD_Run-XETG00155_output,Xenium Human Kidney internal 3,Xenium Human Kidney from Menna,xenium,kidney,offline:nan,,other,offline:nan,offline (internal only)
147,Xenium-Ranger_AC42-K316-CKD_Run-XETG00155_output,Xenium Human Kidney internal 4,Xenium Human Kidney from Menna,xenium,kidney,offline:nan,,other,offline:nan,offline (internal only)
183,STARmap-ISS_sample_W11,STARMAP Human Placenta W11,Spatial multiomic landscape of the human placenta at molecular resolution,starmap,placenta,https://zenodo.org/records/10981713,https://zenodo.org/records/10981713/files/STARmap-ISS_sample_W11_cell_metadata.csv?download=1|https://zenodo.org/records/10981713/files/STARmap-ISS_sample_W11_raw_expression.csv?download=1,Zenodo,zenodo:10981713,ready
184,STARmap-ISS_sample_W7,STARMAP Human Placenta W7,Spatial multiomic landscape of the human placenta at molecular resolution,starmap,placenta,https://zenodo.org/records/10981713,https://zenodo.org/records/10981713/files/STARmap-ISS_sample_W7_cell_metadata.csv?download=1|https://zenodo.org/records/10981713/files/STARmap-ISS_sample_W7_raw_expression.csv?download=1,Zenodo,zenodo:10981713,ready
185,STARmap-ISS_sample_W8-2,STARMAP Human Placenta W8-2,Spatial multiomic landscape of the human placenta at molecular resolution,starmap,placenta,https://zenodo.org/records/10981713,https://zenodo.org/records/10981713/files/STARmap-ISS_sample_W8-2_cell_metadata.csv?download=1|https://zenodo.org/records/10981713/files/STARmap-ISS_sample_W8-2_raw_expression.csv?download=1,Zenodo,zenodo:10981713,ready
186,STARmap-ISS_sample_W9,STARMAP Human Placenta W9,Spatial multiomic landscape of the human placenta at molecular resolution,starmap,placenta,https://zenodo.org/records/10981713,https://zenodo.org/records/10981713/files/STARmap-ISS_sample_W9_cell_metadata.csv?download=1|https://zenodo.org/records/10981713/files/STARmap-ISS_sample_W9_raw_expression.csv?download=1,Zenodo,zenodo:10981713,ready
187,1837C,Xenium Human Brain Caudate putamen,Mats & Sergio Xenium,xenium,brain,https://drive.google.com/drive/folders/1ThH8j3GLY6qT8uqlHsuxzXYbReu_7GTP,,Google Drive,drive.google.com/drive/folders/1ThH8j3GLY6qT8uqlHsuxzXYbReu_7GTP,restricted
188,1837P,Xenium Human Brain Caudate putamen,Mats & Sergio Xenium,xenium,brain,https://drive.google.com/drive/folders/1ThH8j3GLY6qT8uqlHsuxzXYbReu_7GTP,,Google Drive,drive.google.com/drive/folders/1ThH8j3GLY6qT8uqlHsuxzXYbReu_7GTP,restricted
189,1886C,Xenium Human Brain Caudate putamen,Mats & Sergio Xenium,xenium,brain,https://drive.google.com/drive/folders/1ThH8j3GLY6qT8uqlHsuxzXYbReu_7GTP,,Google Drive,drive.google.com/drive/folders/1ThH8j3GLY6qT8uqlHsuxzXYbReu_7GTP,restricted
190,1886P,Xenium Human Brain Caudate putamen,Mats & Sergio Xenium,xenium,brain,https://drive.google.com/drive/folders/1ThH8j3GLY6qT8uqlHsuxzXYbReu_7GTP,,Google Drive,drive.google.com/drive/folders/1ThH8j3GLY6qT8uqlHsuxzXYbReu_7GTP,restricted
191,1893C,Xenium Human Brain Caudate putamen,Mats & Sergio Xenium,xenium,brain,https://drive.google.com/drive/folders/1ThH8j3GLY6qT8uqlHsuxzXYbReu_7GTP,,Google Drive,drive.google.com/drive/folders/1ThH8j3GLY6qT8uqlHsuxzXYbReu_7GTP,restricted
192,1893P,Xenium Human Brain Caudate putamen,Mats & Sergio Xenium,xenium,brain,https://drive.google.com/drive/folders/1ThH8j3GLY6qT8uqlHsuxzXYbReu_7GTP,,Google Drive,drive.google.com/drive/folders/1ThH8j3GLY6qT8uqlHsuxzXYbReu_7GTP,restricted
193,5730C,Xenium Human Brain Caudate putamen,Mats & Sergio Xenium,xenium,brain,https://drive.google.com/drive/folders/1ThH8j3GLY6qT8uqlHsuxzXYbReu_7GTP,,Google Drive,drive.google.com/drive/folders/1ThH8j3GLY6qT8uqlHsuxzXYbReu_7GTP,restricted
194,5730P,Xenium Human Brain Caudate putamen,Mats & Sergio Xenium,xenium,brain,https://drive.google.com/drive/folders/1ThH8j3GLY6qT8uqlHsuxzXYbReu_7GTP,,Google Drive,drive.google.com/drive/folders/1ThH8j3GLY6qT8uqlHsuxzXYbReu_7GTP,restricted
195,1264C,Xenium Human Brain Caudate putamen,Mats & Sergio Xenium,xenium,brain,https://drive.google.com/drive/folders/1ThH8j3GLY6qT8uqlHsuxzXYbReu_7GTP,,Google Drive,drive.google.com/drive/folders/1ThH8j3GLY6qT8uqlHsuxzXYbReu_7GTP,restricted
196,1264P,Xenium Human Brain Caudate putamen,Mats & Sergio Xenium,xenium,brain,https://drive.google.com/drive/folders/1ThH8j3GLY6qT8uqlHsuxzXYbReu_7GTP,,Google Drive,drive.google.com/drive/folders/1ThH8j3GLY6qT8uqlHsuxzXYbReu_7GTP,restricted
197,1310C,Xenium Human Brain Caudate putamen,Mats & Sergio Xenium,xenium,brain,https://drive.google.com/drive/folders/1ThH8j3GLY6qT8uqlHsuxzXYbReu_7GTP,,Google Drive,drive.google.com/drive/folders/1ThH8j3GLY6qT8uqlHsuxzXYbReu_7GTP,restricted
198,1310P,Xenium Human Brain Caudate putamen,Mats & Sergio Xenium,xenium,brain,https://drive.google.com/drive/folders/1ThH8j3GLY6qT8uqlHsuxzXYbReu_7GTP,,Google Drive,drive.google.com/drive/folders/1ThH8j3GLY6qT8uqlHsuxzXYbReu_7GTP,restricted
199,1816C,Xenium Human Brain Caudate putamen,Mats & Sergio Xenium,xenium,brain,https://drive.google.com/drive/folders/1ThH8j3GLY6qT8uqlHsuxzXYbReu_7GTP,,Google Drive,drive.google.com/drive/folders/1ThH8j3GLY6qT8uqlHsuxzXYbReu_7GTP,restricted
200,1816P,Xenium Human Brain Caudate putamen,Mats & Sergio Xenium,xenium,brain,https://drive.google.com/drive/folders/1ThH8j3GLY6qT8uqlHsuxzXYbReu_7GTP,,Google Drive,drive.google.com/drive/folders/1ThH8j3GLY6qT8uqlHsuxzXYbReu_7GTP,restricted
201,5331C,Xenium Human Brain Caudate putamen,Mats & Sergio Xenium,xenium,brain,https://drive.google.com/drive/folders/1ThH8j3GLY6qT8uqlHsuxzXYbReu_7GTP,,Google Drive,drive.google.com/drive/folders/1ThH8j3GLY6qT8uqlHsuxzXYbReu_7GTP,restricted
202,5331P,Xenium Human Brain Caudate putamen,Mats & Sergio Xenium,xenium,brain,https://drive.google.com/drive/folders/1ThH8j3GLY6qT8uqlHsuxzXYbReu_7GTP,,Google Drive,drive.google.com/drive/folders/1ThH8j3GLY6qT8uqlHsuxzXYbReu_7GTP,restricted
203,human_spinal_chord_active,Human_Multiple_schlerosis_spinal_chord,Mats & Sergio Xenium,xenium,spinal_cord,offline:nan,,other,offline:nan,offline (internal only)
204,human_spinal_chord_inactive,Human_Multiple_schlerosis_spinal_chord,Mats & Sergio Xenium,xenium,spinal_cord,https://drive.google.com/drive/folders/1ThH8j3GLY6qT8uqlHsuxzXYbReu_7GTP,,Google Drive,drive.google.com/drive/folders/1ThH8j3GLY6qT8uqlHsuxzXYbReu_7GTP,restricted
209,breast_Xenium_no_exp_qc,Xenium TCR,Mats & Sergio Xenium,xenium,breast,offline:nan,,other,offline:nan,offline (internal only)
210,NSCLC_healthy_lymph_node,Xenium TCR,Mats & Sergio Xenium,xenium,lymph node,offline:nan,,other,offline:nan,offline (internal only)
211,NSCLC_PT,Xenium TCR,Mats & Sergio Xenium,xenium,,offline:nan,,other,offline:nan,offline (internal only)
212,CM008_annotated,CARTANA Human Reproductive Tract Late Female 1,ISS CARTANA by Valentina,cartana,female_reproductive_system,offline:nan,,other,offline:nan,offline (internal only)
213,CM013_annotated,CARTANA Human Reproductive Tract Late Female 2,ISS CARTANA by Valentina,cartana,female_reproductive_system,offline:nan,,other,offline:nan,offline (internal only)
214,CM015_annotated,CARTANA Human Reproductive Tract Late Female 3,ISS CARTANA by Valentina,cartana,female_reproductive_system,offline:nan,,other,offline:nan,offline (internal only)
215,CM016_annotated,CARTANA Human Reproductive Tract Late Female 4,ISS CARTANA by Valentina,cartana,female_reproductive_system,offline:nan,,other,offline:nan,offline (internal only)
216,CM018_annotated,CARTANA Human Reproductive Tract Late Female 5,ISS CARTANA by Valentina,cartana,female_reproductive_system,offline:nan,,other,offline:nan,offline (internal only)
217,CM017_annotated,CARTANA Human Reproductive Tract Late Male 1,ISS CARTANA by Valentina,cartana,male_reproductive_system,offline:nan,,other,offline:nan,offline (internal only)
218,CM019_annotated,CARTANA Human Reproductive Tract Late Male 2,ISS CARTANA by Valentina,cartana,male_reproductive_system,offline:nan,,other,offline:nan,offline (internal only)
219,CM007_annotated,CARTANA Human Reproductive Tract Early 1,ISS CARTANA by Valentina,cartana,reproductive_system,offline:nan,,other,offline:nan,offline (internal only)
220,CM009_annotated,CARTANA Human Reproductive Tract Early 2,ISS CARTANA by Valentina,cartana,reproductive_system,offline:nan,,other,offline:nan,offline (internal only)
221,CM011_annotated,CARTANA Human Reproductive Tract Early 3,ISS CARTANA by Valentina,cartana,male_reproductive_system,offline:nan,,other,offline:nan,offline (internal only)
222,CM020_annotated,CARTANA Human Reproductive Tract Early 4,ISS CARTANA by Valentina,cartana,male_reproductive_system,offline:nan,,other,offline:nan,offline (internal only)
227,,Visium Human Brain 4,Visium Human Brain 4,visium,brain,https://www.10xgenomics.com/datasets/human-glioblastoma-whole-transcriptome-analysis-1-standard-1-2-0,,10x Datasets,10xgenomics.com/datasets/human-glioblastoma-whole-transcriptome-analysis-1-standard-1-2-0,ready
228,,Visium Mouse Brain 17,Visium Mouse Brain 17,visium,brain,https://www.10xgenomics.com/datasets/mouse-brain-section-coronal-1-standard,,10x Datasets,10xgenomics.com/datasets/mouse-brain-section-coronal-1-standard,not_human
229,,Visium Human Brain 5,Visium Human Brain 5,visium,brain,https://www.10xgenomics.com/datasets/human-brain-cancer-11-mm-capture-area-ffpe-2-standard,,10x Datasets,10xgenomics.com/datasets/human-brain-cancer-11-mm-capture-area-ffpe-2-standard,ready
230,,Visium Human Brain 6,Visium Human Brain 6,visium,brain,https://www.10xgenomics.com/datasets/gene-and-protein-expression-library-of-human-glioblastoma-cytassist-ffpe-2-standard,,10x Datasets,10xgenomics.com/datasets/gene-and-protein-expression-library-of-human-glioblastoma-cytassist-ffpe-2-standard,ready
231,,Visium Human Breast 6,Visium Human Breast 6,visium,breast,https://www.10xgenomics.com/datasets/invasive-ductal-carcinoma-stained-with-fluorescent-cd-3-antibody-1-standard-1-2-0,,10x Datasets,10xgenomics.com/datasets/invasive-ductal-carcinoma-stained-with-fluorescent-cd-3-antibody-1-standard-1-2-0,ready
232,,Visium Human Breast 7,Visium Human Breast 7,visium,breast,https://www.10xgenomics.com/datasets/human-breast-cancer-ductal-carcinoma-in-situ-invasive-carcinoma-ffpe-1-standard-1-3-0,,10x Datasets,10xgenomics.com/datasets/human-breast-cancer-ductal-carcinoma-in-situ-invasive-carcinoma-ffpe-1-standard-1-3-0,ready
233,,Visium Human Breast 8,Visium Human Breast 8,visium,breast,https://www.10xgenomics.com/datasets/human-breast-cancer-visium-fresh-frozen-whole-transcriptome-1-standard,,10x Datasets,10xgenomics.com/datasets/human-breast-cancer-visium-fresh-frozen-whole-transcriptome-1-standard,ready
234,,Visium Human Breast 9,Visium Human Breast 9,visium,breast,https://www.10xgenomics.com/datasets/fresh-frozen-visium-on-cytassist-human-breast-cancer-probe-based-whole-transcriptome-profiling-2-standard,,10x Datasets,10xgenomics.com/datasets/fresh-frozen-visium-on-cytassist-human-breast-cancer-probe-based-whole-transcriptome-profiling-2-standard,ready
235,,Visium Human Breast 10,Visium Human Breast 10,visium,breast,https://www.10xgenomics.com/datasets/gene-and-protein-expression-library-of-human-breast-cancer-cytassist-ffpe-2-standard,,10x Datasets,10xgenomics.com/datasets/gene-and-protein-expression-library-of-human-breast-cancer-cytassist-ffpe-2-standard,ready
236,,Visium Human Cervix 1,Visium Human Cervix 1,visium,cervix,https://www.10xgenomics.com/datasets/human-cervical-cancer-1-standard,,10x Datasets,10xgenomics.com/datasets/human-cervical-cancer-1-standard,ready
237,,Visium Human Colon 1,Visium Human Colon 1,visium,colon,https://www.10xgenomics.com/datasets/human-colorectal-cancer-whole-transcriptome-analysis-1-standard-1-2-0,,10x Datasets,10xgenomics.com/datasets/human-colorectal-cancer-whole-transcriptome-analysis-1-standard-1-2-0,ready
238,,Visium Human Colon 2,Visium Human Colon 2,visium,colon,https://www.10xgenomics.com/datasets/human-colorectal-cancer-11-mm-capture-area-ffpe-2-standard,,10x Datasets,10xgenomics.com/datasets/human-colorectal-cancer-11-mm-capture-area-ffpe-2-standard,ready
239,,Visium Human Intestine 1,Visium Human Intestine 1,visium,intestine,https://www.10xgenomics.com/datasets/human-intestine-cancer-1-standard,,10x Datasets,10xgenomics.com/datasets/human-intestine-cancer-1-standard,ready
240,,Visium Human Kidney 1,Visium Human Kidney 1,visium,kidney,https://cellxgene.cziscience.com/collections/f7cecffa-00b4-4560-a29a-8ad626b8ee08,,CELLxGENE,cellxgene.cziscience.com/collections/f7cecffa-00b4-4560-a29a-8ad626b8ee08,ready
241,,Visium Human Lung 2,Visium Human Lung 2,visium,lung,https://www.10xgenomics.com/datasets/human-lung-cancer-ffpe-2-standard,,10x Datasets,10xgenomics.com/datasets/human-lung-cancer-ffpe-2-standard,ready
242,,Visium Human Ovary 1,Visium Human Ovary 1,visium,ovary,https://www.10xgenomics.com/datasets/human-ovarian-cancer-whole-transcriptome-analysis-stains-dapi-anti-pan-ck-anti-cd-45-1-standard-1-2-0,,10x Datasets,10xgenomics.com/datasets/human-ovarian-cancer-whole-transcriptome-analysis-stains-dapi-anti-pan-ck-anti-cd-45-1-standard-1-2-0,ready
243,,Visium Human Ovary 2,Visium Human Ovary 2,visium,ovary,https://www.10xgenomics.com/datasets/human-ovarian-cancer-1-standard,,10x Datasets,10xgenomics.com/datasets/human-ovarian-cancer-1-standard,ready
244,,Visium Human Ovary 3,Visium Human Ovary 3,visium,ovary,https://www.10xgenomics.com/datasets/human-ovarian-cancer-11-mm-capture-area-ffpe-2-standard,,10x Datasets,10xgenomics.com/datasets/human-ovarian-cancer-11-mm-capture-area-ffpe-2-standard,ready
245,,Visium Human Prostate 1,Visium Human Prostate 1,visium,prostate,https://www.10xgenomics.com/datasets/human-prostate-cancer-adenocarcinoma-with-invasive-carcinoma-ffpe-1-standard-1-3-0,,10x Datasets,10xgenomics.com/datasets/human-prostate-cancer-adenocarcinoma-with-invasive-carcinoma-ffpe-1-standard-1-3-0,ready
246,,Visium Human Prostate 3,Visium Human Prostate 3,visium,prostate,https://www.10xgenomics.com/datasets/human-prostate-cancer-adjacent-normal-section-with-if-staining-ffpe-1-standard-1-3-0,,10x Datasets,10xgenomics.com/datasets/human-prostate-cancer-adjacent-normal-section-with-if-staining-ffpe-1-standard-1-3-0,ready
247,,Visium Human Prostate 5,Visium Human Prostate 5,visium,prostate,https://www.10xgenomics.com/datasets/human-prostate-cancer-adjacent-normal-section-with-if-staining-ffpe-1-standard,,10x Datasets,10xgenomics.com/datasets/human-prostate-cancer-adjacent-normal-section-with-if-staining-ffpe-1-standard,ready
248,,Visium Human Skin 1,Visium Human Skin 1,visium,skin,https://www.10xgenomics.com/datasets/human-melanoma-if-stained-ffpe-2-standard,,10x Datasets,10xgenomics.com/datasets/human-melanoma-if-stained-ffpe-2-standard,ready
249,,Visium Human Brain 1,Visium Human Brain 1,visium,brain,https://www.10xgenomics.com/datasets/adult-human-brain-1-cerebral-cortex-unknown-orientation-stains-anti-gfap-anti-nfh-1-standard-1-1-0,,10x Datasets,10xgenomics.com/datasets/adult-human-brain-1-cerebral-cortex-unknown-orientation-stains-anti-gfap-anti-nfh-1-standard-1-1-0,ready
250,,Visium Human Brain 2,Visium Human Brain 2,visium,brain,https://www.10xgenomics.com/datasets/adult-human-brain-2-cerebral-cortex-unknown-orientation-stains-anti-snap-25-anti-nfh-1-standard-1-1-0,,10x Datasets,10xgenomics.com/datasets/adult-human-brain-2-cerebral-cortex-unknown-orientation-stains-anti-snap-25-anti-nfh-1-standard-1-1-0,ready
251,,Visium Human Brain 3,Visium Human Brain 3,visium,brain,https://www.10xgenomics.com/datasets/human-cerebellum-whole-transcriptome-analysis-1-standard-1-2-0,,10x Datasets,10xgenomics.com/datasets/human-cerebellum-whole-transcriptome-analysis-1-standard-1-2-0,ready
252,,Visium Human Brain 4,Visium Human Brain 4,visium,brain,https://www.10xgenomics.com/datasets/human-cerebellum-targeted-neuroscience-panel-1-standard,,10x Datasets,10xgenomics.com/datasets/human-cerebellum-targeted-neuroscience-panel-1-standard,ready
253,,Visium Human Breast 1,Visium Human Breast 1,visium,breast,https://cellxgene.cziscience.com/collections/4195ab4c-20bd-4cd3-8b3d-65601277e731,,CELLxGENE,cellxgene.cziscience.com/collections/4195ab4c-20bd-4cd3-8b3d-65601277e731,ready
254,,Visium Human Breast 1,Visium Human Breast 1,visium,breast,https://www.10xgenomics.com/datasets/human-breast-cancer-block-a-section-1-1-standard-1-0-0,,10x Datasets,10xgenomics.com/datasets/human-breast-cancer-block-a-section-1-1-standard-1-0-0,ready
255,,Visium Human Breast 2 ,Visium Human Breast 2 ,visium,breast,https://www.10xgenomics.com/datasets/human-breast-cancer-block-a-section-2-1-standard-1-0-0,,10x Datasets,10xgenomics.com/datasets/human-breast-cancer-block-a-section-2-1-standard-1-0-0,ready
256,,Visium Human Breast 3,Visium Human Breast 3,visium,breast,https://www.10xgenomics.com/datasets/human-breast-cancer-block-a-section-1-1-standard-1-1-0,,10x Datasets,10xgenomics.com/datasets/human-breast-cancer-block-a-section-1-1-standard-1-1-0,ready
257,,Visium Human Breast 4,Visium Human Breast 4,visium,breast,https://www.10xgenomics.com/datasets/human-breast-cancer-block-a-section-2-1-standard-1-1-0,,10x Datasets,10xgenomics.com/datasets/human-breast-cancer-block-a-section-2-1-standard-1-1-0,ready
258,,Visium Human Breast 5,Visium Human Breast 5,visium,breast,https://www.10xgenomics.com/datasets/human-breast-cancer-whole-transcriptome-analysis-1-standard-1-2-0,,10x Datasets,10xgenomics.com/datasets/human-breast-cancer-whole-transcriptome-analysis-1-standard-1-2-0,ready
259,,Visium Human Colon 1,Visium Human Colon 1,visium,colon,https://cellxgene.cziscience.com/collections/60358420-6055-411d-ba4f-e8ac80682a2e,,CELLxGENE,cellxgene.cziscience.com/collections/60358420-6055-411d-ba4f-e8ac80682a2e,ready
260,,Visium Human Colon 3,Visium Human Colon 3,visium,colon,https://www.10xgenomics.com/datasets/visium-cytassist-gene-expression-libraries-of-post-xenium-human-colon-cancer-ffpe-using-the-human-whole-transcriptome-probe-set-2-standard,,10x Datasets,10xgenomics.com/datasets/visium-cytassist-gene-expression-libraries-of-post-xenium-human-colon-cancer-ffpe-using-the-human-whole-transcriptome-probe-set-2-standard,no_processed_data
261,,Visium Human Heart Atlas,Visium Human Heart Atlas,visium,heart,https://cellxgene.cziscience.com/collections/3116d060-0a8e-4767-99bb-e866badea1ed,,CELLxGENE,cellxgene.cziscience.com/collections/3116d060-0a8e-4767-99bb-e866badea1ed,ready
262,,Visium Human Heart 1,Visium Human Heart 1,visium,heart,https://cellxgene.cziscience.com/collections/8191c283-0816-424b-9b61-c3e1d6258a77,,CELLxGENE,cellxgene.cziscience.com/collections/8191c283-0816-424b-9b61-c3e1d6258a77,ready
263,,Visium Human Heart 1,Visium Human Heart 1,visium,heart,https://www.10xgenomics.com/datasets/human-heart-1-standard-1-0-0,,10x Datasets,10xgenomics.com/datasets/human-heart-1-standard-1-0-0,ready
264,,Visium Human Heart 2,Visium Human Heart 2,visium,heart,https://www.10xgenomics.com/datasets/human-heart-1-standard-1-1-0,,10x Datasets,10xgenomics.com/datasets/human-heart-1-standard-1-1-0,ready
265,,Visium Human Kidney 2,Visium Human Kidney 2,visium,kidney,https://www.10xgenomics.com/datasets/human-kidney-11-mm-capture-area-ffpe-2-standard,,10x Datasets,10xgenomics.com/datasets/human-kidney-11-mm-capture-area-ffpe-2-standard,ready
266,,Visium Human Liver 1,Visium Human Liver 1,visium,liver,https://cellxgene.cziscience.com/collections/0c8a364b-97b5-4cc8-a593-23c38c6f0ac5,,CELLxGENE,cellxgene.cziscience.com/collections/0c8a364b-97b5-4cc8-a593-23c38c6f0ac5,ready
267,,Visium Human Lung 1,Visium Human Lung 1,visium,lung,https://cellxgene.cziscience.com/collections/c1241244-b22d-483d-875b-75699efb9f3c,,CELLxGENE,cellxgene.cziscience.com/collections/c1241244-b22d-483d-875b-75699efb9f3c,ready
268,,Visium Human Lung 3,Visium Human Lung 3,visium,lung,https://www.10xgenomics.com/datasets/human-lung-cancer-11-mm-capture-area-ffpe-2-standard,,10x Datasets,10xgenomics.com/datasets/human-lung-cancer-11-mm-capture-area-ffpe-2-standard,ready
269,,Visium Human Lymph Node 1,Visium Human Lymph Node 1,visium,lymph node,https://www.10xgenomics.com/datasets/human-lymph-node-1-standard-1-0-0,,10x Datasets,10xgenomics.com/datasets/human-lymph-node-1-standard-1-0-0,ready
270,,Visium Human Lymph Node 2,Visium Human Lymph Node 2,visium,lymph node,https://www.10xgenomics.com/datasets/human-lymph-node-1-standard-1-1-0,,10x Datasets,10xgenomics.com/datasets/human-lymph-node-1-standard-1-1-0,ready
271,,Visium Human Placenta 1,Visium Human Placenta 1,visium,placenta,https://cellxgene.cziscience.com/collections/e2c257e7-6f79-487c-b81c-39451cd4ab3c,,CELLxGENE,cellxgene.cziscience.com/collections/e2c257e7-6f79-487c-b81c-39451cd4ab3c,ready
272,,Visium Human Prostate 2,Visium Human Prostate 2,visium,prostate,https://www.10xgenomics.com/datasets/normal-human-prostate-ffpe-1-standard-1-3-0,,10x Datasets,10xgenomics.com/datasets/normal-human-prostate-ffpe-1-standard-1-3-0,ready
273,,Visium Human Prostate 4,Visium Human Prostate 4,visium,prostate,https://www.10xgenomics.com/datasets/human-prostate-cancer-acinar-cell-carcinoma-ffpe-1-standard,,10x Datasets,10xgenomics.com/datasets/human-prostate-cancer-acinar-cell-carcinoma-ffpe-1-standard,ready
274,,Visium Human Skin 1,Visium Human Skin 1,visium,skin,https://cellxgene.cziscience.com/collections/34f12de7-c5e5-4813-a136-832677f98ac8,,CELLxGENE,cellxgene.cziscience.com/collections/34f12de7-c5e5-4813-a136-832677f98ac8,ready
275,,Visium Human Spinal Cord 1,Visium Human Spinal Cord 1,visium,spinal cord,https://www.10xgenomics.com/datasets/human-spinal-cord-whole-transcriptome-analysis-stains-dapi-anti-snap-25-anti-gfap-anti-myelin-cn-pase-1-standard-1-2-0,,10x Datasets,10xgenomics.com/datasets/human-spinal-cord-whole-transcriptome-analysis-stains-dapi-anti-snap-25-anti-gfap-anti-myelin-cn-pase-1-standard-1-2-0,ready
276,,Visium Human Tonsil 1,Visium Human Tonsil 1,visium,tonsil,https://www.10xgenomics.com/datasets/gene-protein-expression-library-of-human-tonsil-cytassist-ffpe-2-standard,,10x Datasets,10xgenomics.com/datasets/gene-protein-expression-library-of-human-tonsil-cytassist-ffpe-2-standard,ready
277,,Visium Human Tonsil 2,Visium Human Tonsil 2,visium,tonsil,https://www.10xgenomics.com/datasets/visium-cytassist-gene-and-protein-expression-library-of-human-tonsil-with-add-on-antibodies-h-e-6-5-mm-ffpe-2-standard,,10x Datasets,10xgenomics.com/datasets/visium-cytassist-gene-and-protein-expression-library-of-human-tonsil-with-add-on-antibodies-h-e-6-5-mm-ffpe-2-standard,ready
318,,Visium Human Heart 2,Visium Human Heart 2,visium,heart,https://cellxgene.cziscience.com/collections/8191c283-0816-424b-9b61-c3e1d6258a77,,CELLxGENE,cellxgene.cziscience.com/collections/8191c283-0816-424b-9b61-c3e1d6258a77,ready
319,,Visium Human Liver 2,Visium Human Liver 2,visium,liver,https://cellxgene.cziscience.com/collections/0c8a364b-97b5-4cc8-a593-23c38c6f0ac5,,CELLxGENE,cellxgene.cziscience.com/collections/0c8a364b-97b5-4cc8-a593-23c38c6f0ac5,ready
320,,nan,nan,visium,kidney,offline:nan,,other,offline:nan,offline (internal only)
322,,nan,nan,slideseqv2,kidney,offline:nan,,other,offline:nan,offline (internal only)
324,,nan,nan,slideseqv2,kidney,offline:nan,,other,offline:nan,offline (internal only)
325,,nan,nan,slideseqv2,mixed,offline:nan,,other,offline:nan,offline (internal only)
336,,nan,nan,merfish,breast,https://vizgen.com/data-release-program/,,Vizgen,vizgen.com/data-release-program,restricted
337,,nan,nan,merfish,colon,https://vizgen.com/data-release-pr  ogram/,,Vizgen,vizgen.com/data-release-pr  ogram,pending curation
338,,nan,nan,merfish,liver,https://vizgen.com/data-release-pr  ogram/,,Vizgen,vizgen.com/data-release-pr  ogram,pending curation
339,,nan,nan,merfish,lung,https://vizgen.com/data-release-pr  ogram/,,Vizgen,vizgen.com/data-release-pr  ogram,pending curation
340,,nan,nan,merfish,ovary,https://vizgen.com/data-release-program/,,Vizgen,vizgen.com/data-release-program,restricted
341,,nan,nan,merfish,prostate,https://vizgen.com/data-release-program/,,Vizgen,vizgen.com/data-release-program,restricted
342,,nan,nan,merfish,skin,https://vizgen.com/data-release-program/,,Vizgen,vizgen.com/data-release-program,restricted
343,,nan,nan,merfish,uterus,https://vizgen.com/data-release-program/,,Vizgen,vizgen.com/data-release-program,restricted
351,MERFISH_Human_Liver_ext,MERFISH Healthy & Fibrotic Human Liver,MERFISH Healthy & Fibrotic Human Liver,merfish,liver,https://datadryad.org/stash/dataset/doi:10.5061/dryad.37pvmcvsg,,Dryad,datadryad.org/stash/dataset/doi:10.5061/dryad.37pvmcvsg,bundle_only
352,Xenium_Human_Colon_ext,Xenium Human Colon,Carlos Talavera Xenium data,,,offline:nan,,other,offline:nan,offline (internal only)
353,Xenium_Human_Kidney_ext,Xenium Human Kidney,Daniyal Xenium data,,,offline:nan,,other,offline:nan,offline (internal only)
356,,Visium HD Human Colon,Visium HD Human Colon,visium_hd,colon,https://www.10xgenomics.com/datasets/visium-hd-cytassist-gene-expression-libraries-of-human-crc,,10x Datasets,10xgenomics.com/datasets/visium-hd-cytassist-gene-expression-libraries-of-human-crc,ready
357,,Visium HD Human Lung,Visium HD Human Lung,visium_hd,lung,https://www.10xgenomics.com/datasets/visium-hd-cytassist-gene-expression-libraries-of-human-lung-cancer-if,,10x Datasets,10xgenomics.com/datasets/visium-hd-cytassist-gene-expression-libraries-of-human-lung-cancer-if,ready
361,,Visium Human Brain 4,Visium Human Brain 4,visium,brain,https://www.10xgenomics.com/datasets/human-glioblastoma-whole-transcriptome-analysis-1-standard-1-2-0,,10x Datasets,10xgenomics.com/datasets/human-glioblastoma-whole-transcriptome-analysis-1-standard-1-2-0,ready
362,,Visium Mouse Brain 17,Visium Mouse Brain 17,visium,brain,https://www.10xgenomics.com/datasets/mouse-brain-section-coronal-1-standard,,10x Datasets,10xgenomics.com/datasets/mouse-brain-section-coronal-1-standard,not_human
363,,Visium Human Brain 5,Visium Human Brain 5,visium,brain,https://www.10xgenomics.com/datasets/human-brain-cancer-11-mm-capture-area-ffpe-2-standard,,10x Datasets,10xgenomics.com/datasets/human-brain-cancer-11-mm-capture-area-ffpe-2-standard,ready
364,,Visium Human Brain 6,Visium Human Brain 6,visium,brain,https://www.10xgenomics.com/datasets/gene-and-protein-expression-library-of-human-glioblastoma-cytassist-ffpe-2-standard,,10x Datasets,10xgenomics.com/datasets/gene-and-protein-expression-library-of-human-glioblastoma-cytassist-ffpe-2-standard,ready
365,,Visium Human Breast 6,Visium Human Breast 6,visium,breast,https://www.10xgenomics.com/datasets/invasive-ductal-carcinoma-stained-with-fluorescent-cd-3-antibody-1-standard-1-2-0,,10x Datasets,10xgenomics.com/datasets/invasive-ductal-carcinoma-stained-with-fluorescent-cd-3-antibody-1-standard-1-2-0,ready
366,,Visium Human Breast 7,Visium Human Breast 7,visium,breast,https://www.10xgenomics.com/datasets/human-breast-cancer-ductal-carcinoma-in-situ-invasive-carcinoma-ffpe-1-standard-1-3-0,,10x Datasets,10xgenomics.com/datasets/human-breast-cancer-ductal-carcinoma-in-situ-invasive-carcinoma-ffpe-1-standard-1-3-0,ready
367,,Visium Human Breast 8,Visium Human Breast 8,visium,breast,https://www.10xgenomics.com/datasets/human-breast-cancer-visium-fresh-frozen-whole-transcriptome-1-standard,,10x Datasets,10xgenomics.com/datasets/human-breast-cancer-visium-fresh-frozen-whole-transcriptome-1-standard,ready
368,,Visium Human Breast 9,Visium Human Breast 9,visium,breast,https://www.10xgenomics.com/datasets/fresh-frozen-visium-on-cytassist-human-breast-cancer-probe-based-whole-transcriptome-profiling-2-standard,,10x Datasets,10xgenomics.com/datasets/fresh-frozen-visium-on-cytassist-human-breast-cancer-probe-based-whole-transcriptome-profiling-2-standard,ready
369,,Visium Human Breast 10,Visium Human Breast 10,visium,breast,https://www.10xgenomics.com/datasets/gene-and-protein-expression-library-of-human-breast-cancer-cytassist-ffpe-2-standard,,10x Datasets,10xgenomics.com/datasets/gene-and-protein-expression-library-of-human-breast-cancer-cytassist-ffpe-2-standard,ready
370,,Visium Human Cervix 1,Visium Human Cervix 1,visium,cervix,https://www.10xgenomics.com/datasets/human-cervical-cancer-1-standard,,10x Datasets,10xgenomics.com/datasets/human-cervical-cancer-1-standard,ready
371,,Visium Human Colon 1,Visium Human Colon 1,visium,colon,https://www.10xgenomics.com/datasets/human-colorectal-cancer-whole-transcriptome-analysis-1-standard-1-2-0,,10x Datasets,10xgenomics.com/datasets/human-colorectal-cancer-whole-transcriptome-analysis-1-standard-1-2-0,ready
372,,Visium Human Colon 2,Visium Human Colon 2,visium,colon,https://www.10xgenomics.com/datasets/human-colorectal-cancer-11-mm-capture-area-ffpe-2-standard,,10x Datasets,10xgenomics.com/datasets/human-colorectal-cancer-11-mm-capture-area-ffpe-2-standard,ready
373,,Visium Human Intestine 1,Visium Human Intestine 1,visium,intestine,https://www.10xgenomics.com/datasets/human-intestine-cancer-1-standard,,10x Datasets,10xgenomics.com/datasets/human-intestine-cancer-1-standard,ready
374,,Visium Human Kidney 1,Visium Human Kidney 1,visium,kidney,https://cellxgene.cziscience.com/collections/f7cecffa-00b4-4560-a29a-8ad626b8ee08,,CELLxGENE,cellxgene.cziscience.com/collections/f7cecffa-00b4-4560-a29a-8ad626b8ee08,ready
375,,Visium Human Lung 2,Visium Human Lung 2,visium,lung,https://www.10xgenomics.com/datasets/human-lung-cancer-ffpe-2-standard,,10x Datasets,10xgenomics.com/datasets/human-lung-cancer-ffpe-2-standard,ready
376,,Visium Human Ovary 1,Visium Human Ovary 1,visium,ovary,https://www.10xgenomics.com/datasets/human-ovarian-cancer-whole-transcriptome-analysis-stains-dapi-anti-pan-ck-anti-cd-45-1-standard-1-2-0,,10x Datasets,10xgenomics.com/datasets/human-ovarian-cancer-whole-transcriptome-analysis-stains-dapi-anti-pan-ck-anti-cd-45-1-standard-1-2-0,ready
377,,Visium Human Ovary 2,Visium Human Ovary 2,visium,ovary,https://www.10xgenomics.com/datasets/human-ovarian-cancer-1-standard,,10x Datasets,10xgenomics.com/datasets/human-ovarian-cancer-1-standard,ready
378,,Visium Human Ovary 3,Visium Human Ovary 3,visium,ovary,https://www.10xgenomics.com/datasets/human-ovarian-cancer-11-mm-capture-area-ffpe-2-standard,,10x Datasets,10xgenomics.com/datasets/human-ovarian-cancer-11-mm-capture-area-ffpe-2-standard,ready
379,,Visium Human Prostate 1,Visium Human Prostate 1,visium,prostate,https://www.10xgenomics.com/datasets/human-prostate-cancer-adenocarcinoma-with-invasive-carcinoma-ffpe-1-standard-1-3-0,,10x Datasets,10xgenomics.com/datasets/human-prostate-cancer-adenocarcinoma-with-invasive-carcinoma-ffpe-1-standard-1-3-0,ready
380,,Visium Human Prostate 3,Visium Human Prostate 3,visium,prostate,https://www.10xgenomics.com/datasets/human-prostate-cancer-adjacent-normal-section-with-if-staining-ffpe-1-standard-1-3-0,,10x Datasets,10xgenomics.com/datasets/human-prostate-cancer-adjacent-normal-section-with-if-staining-ffpe-1-standard-1-3-0,ready
381,,Visium Human Prostate 5,Visium Human Prostate 5,visium,prostate,https://www.10xgenomics.com/datasets/human-prostate-cancer-adjacent-normal-section-with-if-staining-ffpe-1-standard,,10x Datasets,10xgenomics.com/datasets/human-prostate-cancer-adjacent-normal-section-with-if-staining-ffpe-1-standard,ready
382,,Visium Human Skin 1,Visium Human Skin 1,visium,skin,https://www.10xgenomics.com/datasets/human-melanoma-if-stained-ffpe-2-standard,,10x Datasets,10xgenomics.com/datasets/human-melanoma-if-stained-ffpe-2-standard,ready
383,,Visium Human Brain 1,Visium Human Brain 1,visium,brain,https://www.10xgenomics.com/datasets/adult-human-brain-1-cerebral-cortex-unknown-orientation-stains-anti-gfap-anti-nfh-1-standard-1-1-0,,10x Datasets,10xgenomics.com/datasets/adult-human-brain-1-cerebral-cortex-unknown-orientation-stains-anti-gfap-anti-nfh-1-standard-1-1-0,ready
384,,Visium Human Brain 2,Visium Human Brain 2,visium,brain,https://www.10xgenomics.com/datasets/adult-human-brain-2-cerebral-cortex-unknown-orientation-stains-anti-snap-25-anti-nfh-1-standard-1-1-0,,10x Datasets,10xgenomics.com/datasets/adult-human-brain-2-cerebral-cortex-unknown-orientation-stains-anti-snap-25-anti-nfh-1-standard-1-1-0,ready
385,,Visium Human Brain 3,Visium Human Brain 3,visium,brain,https://www.10xgenomics.com/datasets/human-cerebellum-whole-transcriptome-analysis-1-standard-1-2-0,,10x Datasets,10xgenomics.com/datasets/human-cerebellum-whole-transcriptome-analysis-1-standard-1-2-0,ready
386,,Visium Human Brain 4,Visium Human Brain 4,visium,brain,https://www.10xgenomics.com/datasets/human-cerebellum-targeted-neuroscience-panel-1-standard,,10x Datasets,10xgenomics.com/datasets/human-cerebellum-targeted-neuroscience-panel-1-standard,ready
387,,Visium Human Breast 1,Visium Human Breast 1,visium,breast,https://cellxgene.cziscience.com/collections/4195ab4c-20bd-4cd3-8b3d-65601277e731,,CELLxGENE,cellxgene.cziscience.com/collections/4195ab4c-20bd-4cd3-8b3d-65601277e731,ready
388,,Visium Human Breast 1,Visium Human Breast 1,visium,breast,https://www.10xgenomics.com/datasets/human-breast-cancer-block-a-section-1-1-standard-1-0-0,,10x Datasets,10xgenomics.com/datasets/human-breast-cancer-block-a-section-1-1-standard-1-0-0,ready
389,,Visium Human Breast 2 ,Visium Human Breast 2 ,visium,breast,https://www.10xgenomics.com/datasets/human-breast-cancer-block-a-section-2-1-standard-1-0-0,,10x Datasets,10xgenomics.com/datasets/human-breast-cancer-block-a-section-2-1-standard-1-0-0,ready
390,,Visium Human Breast 3,Visium Human Breast 3,visium,breast,https://www.10xgenomics.com/datasets/human-breast-cancer-block-a-section-1-1-standard-1-1-0,,10x Datasets,10xgenomics.com/datasets/human-breast-cancer-block-a-section-1-1-standard-1-1-0,ready
391,,Visium Human Breast 4,Visium Human Breast 4,visium,breast,https://www.10xgenomics.com/datasets/human-breast-cancer-block-a-section-2-1-standard-1-1-0,,10x Datasets,10xgenomics.com/datasets/human-breast-cancer-block-a-section-2-1-standard-1-1-0,ready
392,,Visium Human Breast 5,Visium Human Breast 5,visium,breast,https://www.10xgenomics.com/datasets/human-breast-cancer-whole-transcriptome-analysis-1-standard-1-2-0,,10x Datasets,10xgenomics.com/datasets/human-breast-cancer-whole-transcriptome-analysis-1-standard-1-2-0,ready
393,,Visium Human Colon 1,Visium Human Colon 1,visium,colon,https://cellxgene.cziscience.com/collections/60358420-6055-411d-ba4f-e8ac80682a2e,,CELLxGENE,cellxgene.cziscience.com/collections/60358420-6055-411d-ba4f-e8ac80682a2e,ready
394,,Visium Human Colon 3,Visium Human Colon 3,visium,colon,https://www.10xgenomics.com/datasets/visium-cytassist-gene-expression-libraries-of-post-xenium-human-colon-cancer-ffpe-using-the-human-whole-transcriptome-probe-set-2-standard,,10x Datasets,10xgenomics.com/datasets/visium-cytassist-gene-expression-libraries-of-post-xenium-human-colon-cancer-ffpe-using-the-human-whole-transcriptome-probe-set-2-standard,no_processed_data
395,,Visium Human Heart Atlas,Visium Human Heart Atlas,visium,heart,https://cellxgene.cziscience.com/collections/3116d060-0a8e-4767-99bb-e866badea1ed,,CELLxGENE,cellxgene.cziscience.com/collections/3116d060-0a8e-4767-99bb-e866badea1ed,ready
396,,Visium Human Heart 1,Visium Human Heart 1,visium,heart,https://cellxgene.cziscience.com/collections/8191c283-0816-424b-9b61-c3e1d6258a77,,CELLxGENE,cellxgene.cziscience.com/collections/8191c283-0816-424b-9b61-c3e1d6258a77,ready
397,,Visium Human Heart 1,Visium Human Heart 1,visium,heart,https://www.10xgenomics.com/datasets/human-heart-1-standard-1-0-0,,10x Datasets,10xgenomics.com/datasets/human-heart-1-standard-1-0-0,ready
398,,Visium Human Heart 2,Visium Human Heart 2,visium,heart,https://www.10xgenomics.com/datasets/human-heart-1-standard-1-1-0,,10x Datasets,10xgenomics.com/datasets/human-heart-1-standard-1-1-0,ready
399,,Visium Human Kidney 2,Visium Human Kidney 2,visium,kidney,https://www.10xgenomics.com/datasets/human-kidney-11-mm-capture-area-ffpe-2-standard,,10x Datasets,10xgenomics.com/datasets/human-kidney-11-mm-capture-area-ffpe-2-standard,ready
400,,Visium Human Liver 1,Visium Human Liver 1,visium,liver,https://cellxgene.cziscience.com/collections/0c8a364b-97b5-4cc8-a593-23c38c6f0ac5,,CELLxGENE,cellxgene.cziscience.com/collections/0c8a364b-97b5-4cc8-a593-23c38c6f0ac5,ready
401,,Visium Human Lung 1,Visium Human Lung 1,visium,lung,https://cellxgene.cziscience.com/collections/c1241244-b22d-483d-875b-75699efb9f3c,,CELLxGENE,cellxgene.cziscience.com/collections/c1241244-b22d-483d-875b-75699efb9f3c,ready
402,,Visium Human Lung 3,Visium Human Lung 3,visium,lung,https://www.10xgenomics.com/datasets/human-lung-cancer-11-mm-capture-area-ffpe-2-standard,,10x Datasets,10xgenomics.com/datasets/human-lung-cancer-11-mm-capture-area-ffpe-2-standard,ready
403,,Visium Human Lymph Node 1,Visium Human Lymph Node 1,visium,lymph node,https://www.10xgenomics.com/datasets/human-lymph-node-1-standard-1-0-0,,10x Datasets,10xgenomics.com/datasets/human-lymph-node-1-standard-1-0-0,ready
404,,Visium Human Lymph Node 2,Visium Human Lymph Node 2,visium,lymph node,https://www.10xgenomics.com/datasets/human-lymph-node-1-standard-1-1-0,,10x Datasets,10xgenomics.com/datasets/human-lymph-node-1-standard-1-1-0,ready
405,,Visium Human Placenta 1,Visium Human Placenta 1,visium,placenta,https://cellxgene.cziscience.com/collections/e2c257e7-6f79-487c-b81c-39451cd4ab3c,,CELLxGENE,cellxgene.cziscience.com/collections/e2c257e7-6f79-487c-b81c-39451cd4ab3c,ready
406,,Visium Human Prostate 2,Visium Human Prostate 2,visium,prostate,https://www.10xgenomics.com/datasets/normal-human-prostate-ffpe-1-standard-1-3-0,,10x Datasets,10xgenomics.com/datasets/normal-human-prostate-ffpe-1-standard-1-3-0,ready
407,,Visium Human Prostate 4,Visium Human Prostate 4,visium,prostate,https://www.10xgenomics.com/datasets/human-prostate-cancer-acinar-cell-carcinoma-ffpe-1-standard,,10x Datasets,10xgenomics.com/datasets/human-prostate-cancer-acinar-cell-carcinoma-ffpe-1-standard,ready
408,,Visium Human Skin 1,Visium Human Skin 1,visium,skin,https://cellxgene.cziscience.com/collections/34f12de7-c5e5-4813-a136-832677f98ac8,,CELLxGENE,cellxgene.cziscience.com/collections/34f12de7-c5e5-4813-a136-832677f98ac8,ready
409,,Visium Human Spinal Cord 1,Visium Human Spinal Cord 1,visium,spinal cord,https://www.10xgenomics.com/datasets/human-spinal-cord-whole-transcriptome-analysis-stains-dapi-anti-snap-25-anti-gfap-anti-myelin-cn-pase-1-standard-1-2-0,,10x Datasets,10xgenomics.com/datasets/human-spinal-cord-whole-transcriptome-analysis-stains-dapi-anti-snap-25-anti-gfap-anti-myelin-cn-pase-1-standard-1-2-0,ready
410,,Visium Human Tonsil 1,Visium Human Tonsil 1,visium,tonsil,https://www.10xgenomics.com/datasets/gene-protein-expression-library-of-human-tonsil-cytassist-ffpe-2-standard,,10x Datasets,10xgenomics.com/datasets/gene-protein-expression-library-of-human-tonsil-cytassist-ffpe-2-standard,ready
411,,Visium Human Tonsil 2,Visium Human Tonsil 2,visium,tonsil,https://www.10xgenomics.com/datasets/visium-cytassist-gene-and-protein-expression-library-of-human-tonsil-with-add-on-antibodies-h-e-6-5-mm-ffpe-2-standard,,10x Datasets,10xgenomics.com/datasets/visium-cytassist-gene-and-protein-expression-library-of-human-tonsil-with-add-on-antibodies-h-e-6-5-mm-ffpe-2-standard,ready
452,,Visium Human Heart 2,Visium Human Heart 2,visium,heart,https://cellxgene.cziscience.com/collections/8191c283-0816-424b-9b61-c3e1d6258a77,,CELLxGENE,cellxgene.cziscience.com/collections/8191c283-0816-424b-9b61-c3e1d6258a77,ready
453,,Visium Human Liver 2,Visium Human Liver 2,visium,liver,https://cellxgene.cziscience.com/collections/0c8a364b-97b5-4cc8-a593-23c38c6f0ac5,,CELLxGENE,cellxgene.cziscience.com/collections/0c8a364b-97b5-4cc8-a593-23c38c6f0ac5,ready
454,,nan,nan,visium,kidney,offline:nan,,other,offline:nan,offline (internal only)
